case_id,image_path,source,label,split,notes
1,data/brutes_kaggle/ABNORMAL-LUNG_00001_suspected_opacity_001.jpg,fkarimovv/abnormal-lung,suspected_opacity,external,Importé depuis ABNORMAL-LUNG_00001_suspected_opacity_001.jpg
2,data/brutes_kaggle/ABNORMAL-LUNG_00002_suspected_opacity_002.jpg,fkarimovv/abnormal-lung,suspected_opacity,external,Importé depuis ABNORMAL-LUNG_00002_suspected_opacity_002.jpg
3,data/brutes_kaggle/ABNORMAL-LUNG_00003_suspected_opacity_003.jpg,fkarimovv/abnormal-lung,suspected_opacity,external,Importé depuis ABNORMAL-LUNG_00003_suspected_opacity_003.jpg
4,data/brutes_kaggle/ABNORMAL-LUNG_00004_suspected_opacity_004.jpg,fkarimovv/abnormal-lung,suspected_opacity,external,Importé depuis ABNORMAL-LUNG_00004_suspected_opacity_004.jpg
5,data/brutes_kaggle/ABNORMAL-LUNG_00005_suspected_opacity_005.jpg,fkarimovv/abnormal-lung,suspected_opacity,external,Importé depuis ABNORMAL-LUNG_00005_suspected_opacity_005.jpg
6,data/brutes_kaggle/ABNORMAL-LUNG_00006_suspected_opacity_006.jpg,fkarimovv/abnormal-lung,suspected_opacity,external,Importé depuis ABNORMAL-LUNG_00006_suspected_opacity_006.jpg
7,data/brutes_kaggle/ABNORMAL-LUNG_00007_suspected_opacity_007.jpg,fkarimovv/abnormal-lung,suspected_opacity,external,Importé depuis ABNORMAL-LUNG_00007_suspected_opacity_007.jpg
8,data/brutes_kaggle/ABNORMAL-LUNG_00008_suspected_opacity_008.jpg,fkarimovv/abnormal-lung,suspected_opacity,external,Importé depuis ABNORMAL-LUNG_00008_suspected_opacity_008.jpg
9,data/brutes_kaggle/ABNORMAL-LUNG_00009_suspected_opacity_009.jpg,fkarimovv/abnormal-lung,suspected_opacity,external,Importé depuis ABNORMAL-LUNG_00009_suspected_opacity_009.jpg
10,data/brutes_kaggle/ABNORMAL-LUNG_00010_suspected_opacity_010.jpg,fkarimovv/abnormal-lung,suspected_opacity,external,Importé depuis ABNORMAL-LUNG_00010_suspected_opacity_010.jpg
11,data/brutes_kaggle/ABNORMAL-LUNG_00011_suspected_opacity_011.jpg,fkarimovv/abnormal-lung,suspected_opacity,external,Importé depuis ABNORMAL-LUNG_00011_suspected_opacity_011.jpg
12,data/brutes_kaggle/ABNORMAL-LUNG_00012_suspected_opacity_012.jpg,fkarimovv/abnormal-lung,suspected_opacity,external,Importé depuis ABNORMAL-LUNG_00012_suspected_opacity_012.jpg
13,data/brutes_kaggle/ABNORMAL-LUNG_00013_suspected_opacity_013.jpg,fkarimovv/abnormal-lung,suspected_opacity,external,Importé depuis ABNORMAL-LUNG_00013_suspected_opacity_013.jpg
14,data/brutes_kaggle/ABNORMAL-LUNG_00014_suspected_opacity_014.jpg,fkarimovv/abnormal-lung,suspected_opacity,external,Importé depuis ABNORMAL-LUNG_00014_suspected_opacity_014.jpg
15,data/brutes_kaggle/ABNORMAL-LUNG_00015_suspected_opacity_015.jpg,fkarimovv/abnormal-lung,suspected_opacity,external,Importé depuis ABNORMAL-LUNG_00015_suspected_opacity_015.jpg
16,data/brutes_kaggle/ABNORMAL-LUNG_00016_suspected_opacity_016.jpg,fkarimovv/abnormal-lung,suspected_opacity,external,Importé depuis ABNORMAL-LUNG_00016_suspected_opacity_016.jpg
17,data/brutes_kaggle/ABNORMAL-LUNG_00017_suspected_opacity_017.jpg,fkarimovv/abnormal-lung,suspected_opacity,external,Importé depuis ABNORMAL-LUNG_00017_suspected_opacity_017.jpg
18,data/brutes_kaggle/ABNORMAL-LUNG_00018_suspected_opacity_018.jpg,fkarimovv/abnormal-lung,suspected_opacity,external,Importé depuis ABNORMAL-LUNG_00018_suspected_opacity_018.jpg
19,data/brutes_kaggle/ABNORMAL-LUNG_00019_suspected_opacity_019.jpg,fkarimovv/abnormal-lung,suspected_opacity,external,Importé depuis ABNORMAL-LUNG_00019_suspected_opacity_019.jpg
20,data/brutes_kaggle/ABNORMAL-LUNG_00020_suspected_opacity_020.jpg,fkarimovv/abnormal-lung,suspected_opacity,external,Importé depuis ABNORMAL-LUNG_00020_suspected_opacity_020.jpg
21,data/brutes_kaggle/ABNORMAL-LUNG_00021_suspected_opacity_021.jpg,fkarimovv/abnormal-lung,suspected_opacity,external,Importé depuis ABNORMAL-LUNG_00021_suspected_opacity_021.jpg
22,data/brutes_kaggle/ABNORMAL-LUNG_00022_suspected_opacity_022.jpg,fkarimovv/abnormal-lung,suspected_opacity,external,Importé depuis ABNORMAL-LUNG_00022_suspected_opacity_022.jpg
23,data/brutes_kaggle/ABNORMAL-LUNG_00023_suspected_opacity_023.jpg,fkarimovv/abnormal-lung,suspected_opacity,external,Importé depuis ABNORMAL-LUNG_00023_suspected_opacity_023.jpg
24,data/brutes_kaggle/ABNORMAL-LUNG_00024_suspected_opacity_024.jpg,fkarimovv/abnormal-lung,suspected_opacity,external,Importé depuis ABNORMAL-LUNG_00024_suspected_opacity_024.jpg
25,data/brutes_kaggle/ABNORMAL-LUNG_00025_suspected_opacity_025.jpg,fkarimovv/abnormal-lung,suspected_opacity,external,Importé depuis ABNORMAL-LUNG_00025_suspected_opacity_025.jpg
26,data/brutes_kaggle/ABNORMAL-LUNG_00026_suspected_opacity_026.jpg,fkarimovv/abnormal-lung,suspected_opacity,external,Importé depuis ABNORMAL-LUNG_00026_suspected_opacity_026.jpg
27,data/brutes_kaggle/ABNORMAL-LUNG_00027_suspected_opacity_027.jpg,fkarimovv/abnormal-lung,suspected_opacity,external,Importé depuis ABNORMAL-LUNG_00027_suspected_opacity_027.jpg
28,data/brutes_kaggle/ABNORMAL-LUNG_00028_suspected_opacity_028.jpg,fkarimovv/abnormal-lung,suspected_opacity,external,Importé depuis ABNORMAL-LUNG_00028_suspected_opacity_028.jpg
29,data/brutes_kaggle/ABNORMAL-LUNG_00029_suspected_opacity_029.jpg,fkarimovv/abnormal-lung,suspected_opacity,external,Importé depuis ABNORMAL-LUNG_00029_suspected_opacity_029.jpg
30,data/brutes_kaggle/ABNORMAL-LUNG_00030_suspected_opacity_030.jpg,fkarimovv/abnormal-lung,suspected_opacity,external,Importé depuis ABNORMAL-LUNG_00030_suspected_opacity_030.jpg
31,data/brutes_kaggle/ABNORMAL-LUNG_00031_suspected_opacity_031.jpg,fkarimovv/abnormal-lung,suspected_opacity,external,Importé depuis ABNORMAL-LUNG_00031_suspected_opacity_031.jpg
32,data/brutes_kaggle/ABNORMAL-LUNG_00032_suspected_opacity_032.jpg,fkarimovv/abnormal-lung,suspected_opacity,external,Importé depuis ABNORMAL-LUNG_00032_suspected_opacity_032.jpg
33,data/brutes_kaggle/ABNORMAL-LUNG_00033_suspected_opacity_033.jpg,fkarimovv/abnormal-lung,suspected_opacity,external,Importé depuis ABNORMAL-LUNG_00033_suspected_opacity_033.jpg
34,data/brutes_kaggle/ABNORMAL-LUNG_00034_suspected_opacity_036.jpg,fkarimovv/abnormal-lung,suspected_opacity,external,Importé depuis ABNORMAL-LUNG_00034_suspected_opacity_036.jpg
35,data/brutes_kaggle/ABNORMAL-LUNG_00035_suspected_opacity_037.jpg,fkarimovv/abnormal-lung,suspected_opacity,external,Importé depuis ABNORMAL-LUNG_00035_suspected_opacity_037.jpg
36,data/brutes_kaggle/ABNORMAL-LUNG_00036_suspected_opacity_038.jpg,fkarimovv/abnormal-lung,suspected_opacity,external,Importé depuis ABNORMAL-LUNG_00036_suspected_opacity_038.jpg
37,data/brutes_kaggle/ABNORMAL-LUNG_00037_suspected_opacity_039.jpg,fkarimovv/abnormal-lung,suspected_opacity,external,Importé depuis ABNORMAL-LUNG_00037_suspected_opacity_039.jpg
38,data/brutes_kaggle/ABNORMAL-LUNG_00038_suspected_opacity_041.jpg,fkarimovv/abnormal-lung,suspected_opacity,external,Importé depuis ABNORMAL-LUNG_00038_suspected_opacity_041.jpg
39,data/brutes_kaggle/ABNORMAL-LUNG_00039_suspected_opacity_043.jpg,fkarimovv/abnormal-lung,suspected_opacity,external,Importé depuis ABNORMAL-LUNG_00039_suspected_opacity_043.jpg
40,data/brutes_kaggle/ABNORMAL-LUNG_00040_suspected_opacity_046.jpg,fkarimovv/abnormal-lung,suspected_opacity,external,Importé depuis ABNORMAL-LUNG_00040_suspected_opacity_046.jpg
41,data/brutes_kaggle/ABNORMAL-LUNG_00041_suspected_opacity_047.jpg,fkarimovv/abnormal-lung,suspected_opacity,external,Importé depuis ABNORMAL-LUNG_00041_suspected_opacity_047.jpg
42,data/brutes_kaggle/ABNORMAL-LUNG_00042_suspected_opacity_048.jpg,fkarimovv/abnormal-lung,suspected_opacity,external,Importé depuis ABNORMAL-LUNG_00042_suspected_opacity_048.jpg
43,data/brutes_kaggle/ABNORMAL-LUNG_00043_suspected_opacity_049.jpg,fkarimovv/abnormal-lung,suspected_opacity,external,Importé depuis ABNORMAL-LUNG_00043_suspected_opacity_049.jpg
44,data/brutes_kaggle/ABNORMAL-LUNG_00044_suspected_opacity_051.jpg,fkarimovv/abnormal-lung,suspected_opacity,external,Importé depuis ABNORMAL-LUNG_00044_suspected_opacity_051.jpg
45,data/brutes_kaggle/ABNORMAL-LUNG_00045_suspected_opacity_052.jpg,fkarimovv/abnormal-lung,suspected_opacity,external,Importé depuis ABNORMAL-LUNG_00045_suspected_opacity_052.jpg
46,data/brutes_kaggle/ABNORMAL-LUNG_00046_suspected_opacity_053.jpg,fkarimovv/abnormal-lung,suspected_opacity,external,Importé depuis ABNORMAL-LUNG_00046_suspected_opacity_053.jpg
47,data/brutes_kaggle/ABNORMAL-LUNG_00047_suspected_opacity_054.jpg,fkarimovv/abnormal-lung,suspected_opacity,external,Importé depuis ABNORMAL-LUNG_00047_suspected_opacity_054.jpg
48,data/brutes_kaggle/ABNORMAL-LUNG_00048_suspected_opacity_055.jpg,fkarimovv/abnormal-lung,suspected_opacity,external,Importé depuis ABNORMAL-LUNG_00048_suspected_opacity_055.jpg
49,data/brutes_kaggle/ABNORMAL-LUNG_00049_suspected_opacity_056.jpg,fkarimovv/abnormal-lung,suspected_opacity,external,Importé depuis ABNORMAL-LUNG_00049_suspected_opacity_056.jpg
50,data/brutes_kaggle/ABNORMAL-LUNG_00050_suspected_opacity_057.jpg,fkarimovv/abnormal-lung,suspected_opacity,external,Importé depuis ABNORMAL-LUNG_00050_suspected_opacity_057.jpg
51,data/brutes_kaggle/ABNORMAL-LUNG_00051_suspected_opacity_058.jpg,fkarimovv/abnormal-lung,suspected_opacity,external,Importé depuis ABNORMAL-LUNG_00051_suspected_opacity_058.jpg
52,data/brutes_kaggle/ABNORMAL-LUNG_00052_suspected_opacity_059.jpg,fkarimovv/abnormal-lung,suspected_opacity,external,Importé depuis ABNORMAL-LUNG_00052_suspected_opacity_059.jpg
53,data/brutes_kaggle/ABNORMAL-LUNG_00053_suspected_opacity_060.jpg,fkarimovv/abnormal-lung,suspected_opacity,external,Importé depuis ABNORMAL-LUNG_00053_suspected_opacity_060.jpg
54,data/brutes_kaggle/ABNORMAL-LUNG_00054_suspected_opacity_061.jpg,fkarimovv/abnormal-lung,suspected_opacity,external,Importé depuis ABNORMAL-LUNG_00054_suspected_opacity_061.jpg
55,data/brutes_kaggle/ABNORMAL-LUNG_00055_suspected_opacity_062.jpg,fkarimovv/abnormal-lung,suspected_opacity,external,Importé depuis ABNORMAL-LUNG_00055_suspected_opacity_062.jpg
56,data/brutes_kaggle/ABNORMAL-LUNG_00056_suspected_opacity_063.jpg,fkarimovv/abnormal-lung,suspected_opacity,external,Importé depuis ABNORMAL-LUNG_00056_suspected_opacity_063.jpg
57,data/brutes_kaggle/ABNORMAL-LUNG_00057_suspected_opacity_064.jpg,fkarimovv/abnormal-lung,suspected_opacity,external,Importé depuis ABNORMAL-LUNG_00057_suspected_opacity_064.jpg
58,data/brutes_kaggle/ABNORMAL-LUNG_00058_suspected_opacity_065.jpg,fkarimovv/abnormal-lung,suspected_opacity,external,Importé depuis ABNORMAL-LUNG_00058_suspected_opacity_065.jpg
59,data/brutes_kaggle/ABNORMAL-LUNG_00059_suspected_opacity_066.jpg,fkarimovv/abnormal-lung,suspected_opacity,external,Importé depuis ABNORMAL-LUNG_00059_suspected_opacity_066.jpg
60,data/brutes_kaggle/ABNORMAL-LUNG_00060_suspected_opacity_067.jpg,fkarimovv/abnormal-lung,suspected_opacity,external,Importé depuis ABNORMAL-LUNG_00060_suspected_opacity_067.jpg
61,data/brutes_kaggle/ABNORMAL-LUNG_00061_suspected_opacity_068.jpg,fkarimovv/abnormal-lung,suspected_opacity,external,Importé depuis ABNORMAL-LUNG_00061_suspected_opacity_068.jpg
62,data/brutes_kaggle/ABNORMAL-LUNG_00062_suspected_opacity_069.jpg,fkarimovv/abnormal-lung,suspected_opacity,external,Importé depuis ABNORMAL-LUNG_00062_suspected_opacity_069.jpg
63,data/brutes_kaggle/ABNORMAL-LUNG_00063_suspected_opacity_070.jpg,fkarimovv/abnormal-lung,suspected_opacity,external,Importé depuis ABNORMAL-LUNG_00063_suspected_opacity_070.jpg
64,data/brutes_kaggle/ABNORMAL-LUNG_00064_suspected_opacity_071.jpg,fkarimovv/abnormal-lung,suspected_opacity,external,Importé depuis ABNORMAL-LUNG_00064_suspected_opacity_071.jpg
65,data/brutes_kaggle/ABNORMAL-LUNG_00065_suspected_opacity_072.jpg,fkarimovv/abnormal-lung,suspected_opacity,external,Importé depuis ABNORMAL-LUNG_00065_suspected_opacity_072.jpg
66,data/brutes_kaggle/ABNORMAL-LUNG_00066_suspected_opacity_073.jpg,fkarimovv/abnormal-lung,suspected_opacity,external,Importé depuis ABNORMAL-LUNG_00066_suspected_opacity_073.jpg
67,data/brutes_kaggle/ABNORMAL-LUNG_00067_suspected_opacity_074.jpg,fkarimovv/abnormal-lung,suspected_opacity,external,Importé depuis ABNORMAL-LUNG_00067_suspected_opacity_074.jpg
68,data/brutes_kaggle/ABNORMAL-LUNG_00068_suspected_opacity_075.jpg,fkarimovv/abnormal-lung,suspected_opacity,external,Importé depuis ABNORMAL-LUNG_00068_suspected_opacity_075.jpg
69,data/brutes_kaggle/ABNORMAL-LUNG_00069_suspected_opacity_076.jpg,fkarimovv/abnormal-lung,suspected_opacity,external,Importé depuis ABNORMAL-LUNG_00069_suspected_opacity_076.jpg
70,data/brutes_kaggle/ABNORMAL-LUNG_00070_suspected_opacity_077.jpg,fkarimovv/abnormal-lung,suspected_opacity,external,Importé depuis ABNORMAL-LUNG_00070_suspected_opacity_077.jpg
71,data/brutes_kaggle/ABNORMAL-LUNG_00071_suspected_opacity_078.jpg,fkarimovv/abnormal-lung,suspected_opacity,external,Importé depuis ABNORMAL-LUNG_00071_suspected_opacity_078.jpg
72,data/brutes_kaggle/ABNORMAL-LUNG_00072_suspected_opacity_079.jpg,fkarimovv/abnormal-lung,suspected_opacity,external,Importé depuis ABNORMAL-LUNG_00072_suspected_opacity_079.jpg
73,data/brutes_kaggle/ABNORMAL-LUNG_00073_suspected_opacity_080.jpg,fkarimovv/abnormal-lung,suspected_opacity,external,Importé depuis ABNORMAL-LUNG_00073_suspected_opacity_080.jpg
74,data/brutes_kaggle/ABNORMAL-LUNG_00074_suspected_opacity_081.jpg,fkarimovv/abnormal-lung,suspected_opacity,external,Importé depuis ABNORMAL-LUNG_00074_suspected_opacity_081.jpg
75,data/brutes_kaggle/ABNORMAL-LUNG_00075_suspected_opacity_082.jpg,fkarimovv/abnormal-lung,suspected_opacity,external,Importé depuis ABNORMAL-LUNG_00075_suspected_opacity_082.jpg
76,data/brutes_kaggle/ABNORMAL-LUNG_00076_suspected_opacity_083.jpg,fkarimovv/abnormal-lung,suspected_opacity,external,Importé depuis ABNORMAL-LUNG_00076_suspected_opacity_083.jpg
77,data/brutes_kaggle/ABNORMAL-LUNG_00077_suspected_opacity_084.jpg,fkarimovv/abnormal-lung,suspected_opacity,external,Importé depuis ABNORMAL-LUNG_00077_suspected_opacity_084.jpg
78,data/brutes_kaggle/ABNORMAL-LUNG_00078_suspected_opacity_085.jpg,fkarimovv/abnormal-lung,suspected_opacity,external,Importé depuis ABNORMAL-LUNG_00078_suspected_opacity_085.jpg
79,data/brutes_kaggle/ABNORMAL-LUNG_00079_suspected_opacity_086.jpg,fkarimovv/abnormal-lung,suspected_opacity,external,Importé depuis ABNORMAL-LUNG_00079_suspected_opacity_086.jpg
80,data/brutes_kaggle/ABNORMAL-LUNG_00080_suspected_opacity_087.jpg,fkarimovv/abnormal-lung,suspected_opacity,external,Importé depuis ABNORMAL-LUNG_00080_suspected_opacity_087.jpg
81,data/brutes_kaggle/ABNORMAL-LUNG_00081_suspected_opacity_088.jpg,fkarimovv/abnormal-lung,suspected_opacity,external,Importé depuis ABNORMAL-LUNG_00081_suspected_opacity_088.jpg
82,data/brutes_kaggle/ABNORMAL-LUNG_00082_suspected_opacity_089.jpg,fkarimovv/abnormal-lung,suspected_opacity,external,Importé depuis ABNORMAL-LUNG_00082_suspected_opacity_089.jpg
83,data/brutes_kaggle/ABNORMAL-LUNG_00083_suspected_opacity_090.jpg,fkarimovv/abnormal-lung,suspected_opacity,external,Importé depuis ABNORMAL-LUNG_00083_suspected_opacity_090.jpg
84,data/brutes_kaggle/ABNORMAL-LUNG_00084_suspected_opacity_091.jpg,fkarimovv/abnormal-lung,suspected_opacity,external,Importé depuis ABNORMAL-LUNG_00084_suspected_opacity_091.jpg
85,data/brutes_kaggle/ABNORMAL-LUNG_00085_suspected_opacity_092.jpg,fkarimovv/abnormal-lung,suspected_opacity,external,Importé depuis ABNORMAL-LUNG_00085_suspected_opacity_092.jpg
86,data/brutes_kaggle/ABNORMAL-LUNG_00086_suspected_opacity_093.jpg,fkarimovv/abnormal-lung,suspected_opacity,external,Importé depuis ABNORMAL-LUNG_00086_suspected_opacity_093.jpg
87,data/brutes_kaggle/ABNORMAL-LUNG_00087_suspected_opacity_094.jpg,fkarimovv/abnormal-lung,suspected_opacity,external,Importé depuis ABNORMAL-LUNG_00087_suspected_opacity_094.jpg
88,data/brutes_kaggle/ABNORMAL-LUNG_00088_suspected_opacity_095.jpg,fkarimovv/abnormal-lung,suspected_opacity,external,Importé depuis ABNORMAL-LUNG_00088_suspected_opacity_095.jpg
89,data/brutes_kaggle/ABNORMAL-LUNG_00089_suspected_opacity_096.jpg,fkarimovv/abnormal-lung,suspected_opacity,external,Importé depuis ABNORMAL-LUNG_00089_suspected_opacity_096.jpg
90,data/brutes_kaggle/ABNORMAL-LUNG_00090_suspected_opacity_097.jpg,fkarimovv/abnormal-lung,suspected_opacity,external,Importé depuis ABNORMAL-LUNG_00090_suspected_opacity_097.jpg
91,data/brutes_kaggle/ABNORMAL-LUNG_00091_suspected_opacity_098.jpg,fkarimovv/abnormal-lung,suspected_opacity,external,Importé depuis ABNORMAL-LUNG_00091_suspected_opacity_098.jpg
92,data/brutes_kaggle/ABNORMAL-LUNG_00092_suspected_opacity_099.jpg,fkarimovv/abnormal-lung,suspected_opacity,external,Importé depuis ABNORMAL-LUNG_00092_suspected_opacity_099.jpg
93,data/brutes_kaggle/ABNORMAL-LUNG_00093_suspected_opacity_100.jpg,fkarimovv/abnormal-lung,suspected_opacity,external,Importé depuis ABNORMAL-LUNG_00093_suspected_opacity_100.jpg
94,data/brutes_kaggle/ABNORMAL-LUNG_00094_suspected_opacity_101.jpg,fkarimovv/abnormal-lung,suspected_opacity,external,Importé depuis ABNORMAL-LUNG_00094_suspected_opacity_101.jpg
95,data/brutes_kaggle/ABNORMAL-LUNG_00095_suspected_opacity_102.jpg,fkarimovv/abnormal-lung,suspected_opacity,external,Importé depuis ABNORMAL-LUNG_00095_suspected_opacity_102.jpg
96,data/brutes_kaggle/ABNORMAL-LUNG_00096_suspected_opacity_103.jpg,fkarimovv/abnormal-lung,suspected_opacity,external,Importé depuis ABNORMAL-LUNG_00096_suspected_opacity_103.jpg
97,data/brutes_kaggle/ABNORMAL-LUNG_00097_suspected_opacity_104.jpg,fkarimovv/abnormal-lung,suspected_opacity,external,Importé depuis ABNORMAL-LUNG_00097_suspected_opacity_104.jpg
98,data/brutes_kaggle/ABNORMAL-LUNG_00098_suspected_opacity_105.jpg,fkarimovv/abnormal-lung,suspected_opacity,external,Importé depuis ABNORMAL-LUNG_00098_suspected_opacity_105.jpg
99,data/brutes_kaggle/ABNORMAL-LUNG_00099_suspected_opacity_106.jpg,fkarimovv/abnormal-lung,suspected_opacity,external,Importé depuis ABNORMAL-LUNG_00099_suspected_opacity_106.jpg
100,data/brutes_kaggle/ABNORMAL-LUNG_00100_suspected_opacity_107.jpg,fkarimovv/abnormal-lung,suspected_opacity,external,Importé depuis ABNORMAL-LUNG_00100_suspected_opacity_107.jpg
101,data/brutes_kaggle/ABNORMAL-LUNG_00101_suspected_opacity_108.jpg,fkarimovv/abnormal-lung,suspected_opacity,external,Importé depuis ABNORMAL-LUNG_00101_suspected_opacity_108.jpg
102,data/brutes_kaggle/ABNORMAL-LUNG_00102_suspected_opacity_109.jpg,fkarimovv/abnormal-lung,suspected_opacity,external,Importé depuis ABNORMAL-LUNG_00102_suspected_opacity_109.jpg
103,data/brutes_kaggle/ABNORMAL-LUNG_00103_suspected_opacity_110.jpg,fkarimovv/abnormal-lung,suspected_opacity,external,Importé depuis ABNORMAL-LUNG_00103_suspected_opacity_110.jpg
104,data/brutes_kaggle/ABNORMAL-LUNG_00104_suspected_opacity_111.jpg,fkarimovv/abnormal-lung,suspected_opacity,external,Importé depuis ABNORMAL-LUNG_00104_suspected_opacity_111.jpg
105,data/brutes_kaggle/ABNORMAL-LUNG_00105_suspected_opacity_112.jpg,fkarimovv/abnormal-lung,suspected_opacity,external,Importé depuis ABNORMAL-LUNG_00105_suspected_opacity_112.jpg
106,data/brutes_kaggle/ABNORMAL-LUNG_00106_suspected_opacity_113.jpg,fkarimovv/abnormal-lung,suspected_opacity,external,Importé depuis ABNORMAL-LUNG_00106_suspected_opacity_113.jpg
107,data/brutes_kaggle/ABNORMAL-LUNG_00107_suspected_opacity_114.jpg,fkarimovv/abnormal-lung,suspected_opacity,external,Importé depuis ABNORMAL-LUNG_00107_suspected_opacity_114.jpg
108,data/brutes_kaggle/ABNORMAL-LUNG_00108_suspected_opacity_115.jpg,fkarimovv/abnormal-lung,suspected_opacity,external,Importé depuis ABNORMAL-LUNG_00108_suspected_opacity_115.jpg
109,data/brutes_kaggle/ABNORMAL-LUNG_00109_suspected_opacity_116.jpg,fkarimovv/abnormal-lung,suspected_opacity,external,Importé depuis ABNORMAL-LUNG_00109_suspected_opacity_116.jpg
110,data/brutes_kaggle/ABNORMAL-LUNG_00110_suspected_opacity_117.jpg,fkarimovv/abnormal-lung,suspected_opacity,external,Importé depuis ABNORMAL-LUNG_00110_suspected_opacity_117.jpg
111,data/brutes_kaggle/ABNORMAL-LUNG_00111_suspected_opacity_118.jpg,fkarimovv/abnormal-lung,suspected_opacity,external,Importé depuis ABNORMAL-LUNG_00111_suspected_opacity_118.jpg
112,data/brutes_kaggle/ABNORMAL-LUNG_00112_suspected_opacity_119.jpg,fkarimovv/abnormal-lung,suspected_opacity,external,Importé depuis ABNORMAL-LUNG_00112_suspected_opacity_119.jpg
113,data/brutes_kaggle/ABNORMAL-LUNG_00113_suspected_opacity_120.jpg,fkarimovv/abnormal-lung,suspected_opacity,external,Importé depuis ABNORMAL-LUNG_00113_suspected_opacity_120.jpg
114,data/brutes_kaggle/ABNORMAL-LUNG_00114_suspected_opacity_121.jpg,fkarimovv/abnormal-lung,suspected_opacity,external,Importé depuis ABNORMAL-LUNG_00114_suspected_opacity_121.jpg
115,data/brutes_kaggle/ABNORMAL-LUNG_00115_suspected_opacity_122.jpg,fkarimovv/abnormal-lung,suspected_opacity,external,Importé depuis ABNORMAL-LUNG_00115_suspected_opacity_122.jpg
116,data/brutes_kaggle/ABNORMAL-LUNG_00116_suspected_opacity_123.jpg,fkarimovv/abnormal-lung,suspected_opacity,external,Importé depuis ABNORMAL-LUNG_00116_suspected_opacity_123.jpg
117,data/brutes_kaggle/ABNORMAL-LUNG_00117_suspected_opacity_125.jpg,fkarimovv/abnormal-lung,suspected_opacity,external,Importé depuis ABNORMAL-LUNG_00117_suspected_opacity_125.jpg
118,data/brutes_kaggle/ABNORMAL-LUNG_00118_suspected_opacity_126.jpg,fkarimovv/abnormal-lung,suspected_opacity,external,Importé depuis ABNORMAL-LUNG_00118_suspected_opacity_126.jpg
119,data/brutes_kaggle/ABNORMAL-LUNG_00119_suspected_opacity_127.jpg,fkarimovv/abnormal-lung,suspected_opacity,external,Importé depuis ABNORMAL-LUNG_00119_suspected_opacity_127.jpg
120,data/brutes_kaggle/ABNORMAL-LUNG_00120_suspected_opacity_128.jpg,fkarimovv/abnormal-lung,suspected_opacity,external,Importé depuis ABNORMAL-LUNG_00120_suspected_opacity_128.jpg
121,data/brutes_kaggle/ABNORMAL-LUNG_00121_suspected_opacity_130.jpg,fkarimovv/abnormal-lung,suspected_opacity,external,Importé depuis ABNORMAL-LUNG_00121_suspected_opacity_130.jpg
122,data/brutes_kaggle/ABNORMAL-LUNG_00122_suspected_opacity_131.jpg,fkarimovv/abnormal-lung,suspected_opacity,external,Importé depuis ABNORMAL-LUNG_00122_suspected_opacity_131.jpg
123,data/brutes_kaggle/ABNORMAL-LUNG_00123_suspected_opacity_132.jpg,fkarimovv/abnormal-lung,suspected_opacity,external,Importé depuis ABNORMAL-LUNG_00123_suspected_opacity_132.jpg
124,data/brutes_kaggle/ABNORMAL-LUNG_00124_suspected_opacity_133.jpg,fkarimovv/abnormal-lung,suspected_opacity,external,Importé depuis ABNORMAL-LUNG_00124_suspected_opacity_133.jpg
125,data/brutes_kaggle/ABNORMAL-LUNG_00125_suspected_opacity_134.jpg,fkarimovv/abnormal-lung,suspected_opacity,external,Importé depuis ABNORMAL-LUNG_00125_suspected_opacity_134.jpg
126,data/brutes_kaggle/ABNORMAL-LUNG_00126_suspected_opacity_135.jpg,fkarimovv/abnormal-lung,suspected_opacity,external,Importé depuis ABNORMAL-LUNG_00126_suspected_opacity_135.jpg
127,data/brutes_kaggle/ABNORMAL-LUNG_00127_suspected_opacity_136.jpg,fkarimovv/abnormal-lung,suspected_opacity,external,Importé depuis ABNORMAL-LUNG_00127_suspected_opacity_136.jpg
128,data/brutes_kaggle/ABNORMAL-LUNG_00128_suspected_opacity_137.jpg,fkarimovv/abnormal-lung,suspected_opacity,external,Importé depuis ABNORMAL-LUNG_00128_suspected_opacity_137.jpg
129,data/brutes_kaggle/ABNORMAL-LUNG_00129_suspected_opacity_138.jpg,fkarimovv/abnormal-lung,suspected_opacity,external,Importé depuis ABNORMAL-LUNG_00129_suspected_opacity_138.jpg
130,data/brutes_kaggle/ABNORMAL-LUNG_00130_suspected_opacity_139.jpg,fkarimovv/abnormal-lung,suspected_opacity,external,Importé depuis ABNORMAL-LUNG_00130_suspected_opacity_139.jpg
131,data/brutes_kaggle/ABNORMAL-LUNG_00131_suspected_opacity_140.jpg,fkarimovv/abnormal-lung,suspected_opacity,external,Importé depuis ABNORMAL-LUNG_00131_suspected_opacity_140.jpg
132,data/brutes_kaggle/ABNORMAL-LUNG_00132_suspected_opacity_141.jpg,fkarimovv/abnormal-lung,suspected_opacity,external,Importé depuis ABNORMAL-LUNG_00132_suspected_opacity_141.jpg
133,data/brutes_kaggle/ABNORMAL-LUNG_00133_suspected_opacity_142.jpg,fkarimovv/abnormal-lung,suspected_opacity,external,Importé depuis ABNORMAL-LUNG_00133_suspected_opacity_142.jpg
134,data/brutes_kaggle/ABNORMAL-LUNG_00134_suspected_opacity_143.jpg,fkarimovv/abnormal-lung,suspected_opacity,external,Importé depuis ABNORMAL-LUNG_00134_suspected_opacity_143.jpg
135,data/brutes_kaggle/ABNORMAL-LUNG_00135_suspected_opacity_144.jpg,fkarimovv/abnormal-lung,suspected_opacity,external,Importé depuis ABNORMAL-LUNG_00135_suspected_opacity_144.jpg
136,data/brutes_kaggle/ABNORMAL-LUNG_00136_suspected_opacity_145.jpg,fkarimovv/abnormal-lung,suspected_opacity,external,Importé depuis ABNORMAL-LUNG_00136_suspected_opacity_145.jpg
137,data/brutes_kaggle/ABNORMAL-LUNG_00137_suspected_opacity_146.jpg,fkarimovv/abnormal-lung,suspected_opacity,external,Importé depuis ABNORMAL-LUNG_00137_suspected_opacity_146.jpg
138,data/brutes_kaggle/ABNORMAL-LUNG_00138_suspected_opacity_147.jpg,fkarimovv/abnormal-lung,suspected_opacity,external,Importé depuis ABNORMAL-LUNG_00138_suspected_opacity_147.jpg
139,data/brutes_kaggle/ABNORMAL-LUNG_00139_suspected_opacity_148.jpg,fkarimovv/abnormal-lung,suspected_opacity,external,Importé depuis ABNORMAL-LUNG_00139_suspected_opacity_148.jpg
140,data/brutes_kaggle/ABNORMAL-LUNG_00140_suspected_opacity_149.jpg,fkarimovv/abnormal-lung,suspected_opacity,external,Importé depuis ABNORMAL-LUNG_00140_suspected_opacity_149.jpg
141,data/brutes_kaggle/ABNORMAL-LUNG_00141_suspected_opacity_150.jpg,fkarimovv/abnormal-lung,suspected_opacity,external,Importé depuis ABNORMAL-LUNG_00141_suspected_opacity_150.jpg
142,data/brutes_kaggle/ABNORMAL-LUNG_00142_suspected_opacity_151.jpg,fkarimovv/abnormal-lung,suspected_opacity,external,Importé depuis ABNORMAL-LUNG_00142_suspected_opacity_151.jpg
143,data/brutes_kaggle/ABNORMAL-LUNG_00143_suspected_opacity_152.jpg,fkarimovv/abnormal-lung,suspected_opacity,external,Importé depuis ABNORMAL-LUNG_00143_suspected_opacity_152.jpg
144,data/brutes_kaggle/ABNORMAL-LUNG_00144_suspected_opacity_153.jpg,fkarimovv/abnormal-lung,suspected_opacity,external,Importé depuis ABNORMAL-LUNG_00144_suspected_opacity_153.jpg
145,data/brutes_kaggle/ABNORMAL-LUNG_00145_suspected_opacity_154.jpg,fkarimovv/abnormal-lung,suspected_opacity,external,Importé depuis ABNORMAL-LUNG_00145_suspected_opacity_154.jpg
146,data/brutes_kaggle/ABNORMAL-LUNG_00146_suspected_opacity_156.jpg,fkarimovv/abnormal-lung,suspected_opacity,external,Importé depuis ABNORMAL-LUNG_00146_suspected_opacity_156.jpg
147,data/brutes_kaggle/ABNORMAL-LUNG_00147_suspected_opacity_157.jpg,fkarimovv/abnormal-lung,suspected_opacity,external,Importé depuis ABNORMAL-LUNG_00147_suspected_opacity_157.jpg
148,data/brutes_kaggle/ABNORMAL-LUNG_00148_suspected_opacity_158.jpg,fkarimovv/abnormal-lung,suspected_opacity,external,Importé depuis ABNORMAL-LUNG_00148_suspected_opacity_158.jpg
149,data/brutes_kaggle/ABNORMAL-LUNG_00149_suspected_opacity_159.jpg,fkarimovv/abnormal-lung,suspected_opacity,external,Importé depuis ABNORMAL-LUNG_00149_suspected_opacity_159.jpg
150,data/brutes_kaggle/ABNORMAL-LUNG_00150_suspected_opacity_160.jpg,fkarimovv/abnormal-lung,suspected_opacity,external,Importé depuis ABNORMAL-LUNG_00150_suspected_opacity_160.jpg
151,data/brutes_kaggle/ABNORMAL-LUNG_00151_suspected_opacity_161.jpg,fkarimovv/abnormal-lung,suspected_opacity,external,Importé depuis ABNORMAL-LUNG_00151_suspected_opacity_161.jpg
152,data/brutes_kaggle/ABNORMAL-LUNG_00152_suspected_opacity_162.jpg,fkarimovv/abnormal-lung,suspected_opacity,external,Importé depuis ABNORMAL-LUNG_00152_suspected_opacity_162.jpg
153,data/brutes_kaggle/ABNORMAL-LUNG_00153_suspected_opacity_163.jpg,fkarimovv/abnormal-lung,suspected_opacity,external,Importé depuis ABNORMAL-LUNG_00153_suspected_opacity_163.jpg
154,data/brutes_kaggle/ABNORMAL-LUNG_00154_suspected_opacity_164.jpg,fkarimovv/abnormal-lung,suspected_opacity,external,Importé depuis ABNORMAL-LUNG_00154_suspected_opacity_164.jpg
155,data/brutes_kaggle/ABNORMAL-LUNG_00155_suspected_opacity_165.jpg,fkarimovv/abnormal-lung,suspected_opacity,external,Importé depuis ABNORMAL-LUNG_00155_suspected_opacity_165.jpg
156,data/brutes_kaggle/ABNORMAL-LUNG_00156_suspected_opacity_166.jpg,fkarimovv/abnormal-lung,suspected_opacity,external,Importé depuis ABNORMAL-LUNG_00156_suspected_opacity_166.jpg
157,data/brutes_kaggle/ABNORMAL-LUNG_00157_suspected_opacity_167.jpg,fkarimovv/abnormal-lung,suspected_opacity,external,Importé depuis ABNORMAL-LUNG_00157_suspected_opacity_167.jpg
158,data/brutes_kaggle/ABNORMAL-LUNG_00158_suspected_opacity_168.jpg,fkarimovv/abnormal-lung,suspected_opacity,external,Importé depuis ABNORMAL-LUNG_00158_suspected_opacity_168.jpg
159,data/brutes_kaggle/ABNORMAL-LUNG_00159_suspected_opacity_169.jpg,fkarimovv/abnormal-lung,suspected_opacity,external,Importé depuis ABNORMAL-LUNG_00159_suspected_opacity_169.jpg
160,data/brutes_kaggle/ABNORMAL-LUNG_00160_suspected_opacity_170.jpg,fkarimovv/abnormal-lung,suspected_opacity,external,Importé depuis ABNORMAL-LUNG_00160_suspected_opacity_170.jpg
161,data/brutes_kaggle/ABNORMAL-LUNG_00161_suspected_opacity_171.jpg,fkarimovv/abnormal-lung,suspected_opacity,external,Importé depuis ABNORMAL-LUNG_00161_suspected_opacity_171.jpg
162,data/brutes_kaggle/ABNORMAL-LUNG_00162_suspected_opacity_172.jpg,fkarimovv/abnormal-lung,suspected_opacity,external,Importé depuis ABNORMAL-LUNG_00162_suspected_opacity_172.jpg
163,data/brutes_kaggle/ABNORMAL-LUNG_00163_suspected_opacity_173.jpg,fkarimovv/abnormal-lung,suspected_opacity,external,Importé depuis ABNORMAL-LUNG_00163_suspected_opacity_173.jpg
164,data/brutes_kaggle/ABNORMAL-LUNG_00164_suspected_opacity_174.jpg,fkarimovv/abnormal-lung,suspected_opacity,external,Importé depuis ABNORMAL-LUNG_00164_suspected_opacity_174.jpg
165,data/brutes_kaggle/ABNORMAL-LUNG_00165_suspected_opacity_175.jpg,fkarimovv/abnormal-lung,suspected_opacity,external,Importé depuis ABNORMAL-LUNG_00165_suspected_opacity_175.jpg
166,data/brutes_kaggle/ABNORMAL-LUNG_00166_suspected_opacity_176.jpg,fkarimovv/abnormal-lung,suspected_opacity,external,Importé depuis ABNORMAL-LUNG_00166_suspected_opacity_176.jpg
167,data/brutes_kaggle/ABNORMAL-LUNG_00167_suspected_opacity_177.jpg,fkarimovv/abnormal-lung,suspected_opacity,external,Importé depuis ABNORMAL-LUNG_00167_suspected_opacity_177.jpg
168,data/brutes_kaggle/ABNORMAL-LUNG_00168_suspected_opacity_178.jpg,fkarimovv/abnormal-lung,suspected_opacity,external,Importé depuis ABNORMAL-LUNG_00168_suspected_opacity_178.jpg
169,data/brutes_kaggle/ABNORMAL-LUNG_00169_suspected_opacity_179.jpg,fkarimovv/abnormal-lung,suspected_opacity,external,Importé depuis ABNORMAL-LUNG_00169_suspected_opacity_179.jpg
170,data/brutes_kaggle/ABNORMAL-LUNG_00170_suspected_opacity_180.jpg,fkarimovv/abnormal-lung,suspected_opacity,external,Importé depuis ABNORMAL-LUNG_00170_suspected_opacity_180.jpg
171,data/brutes_kaggle/ABNORMAL-LUNG_00171_suspected_opacity_181.jpg,fkarimovv/abnormal-lung,suspected_opacity,external,Importé depuis ABNORMAL-LUNG_00171_suspected_opacity_181.jpg
172,data/brutes_kaggle/ABNORMAL-LUNG_00172_suspected_opacity_183.jpg,fkarimovv/abnormal-lung,suspected_opacity,external,Importé depuis ABNORMAL-LUNG_00172_suspected_opacity_183.jpg
173,data/brutes_kaggle/ABNORMAL-LUNG_00173_suspected_opacity_184.jpg,fkarimovv/abnormal-lung,suspected_opacity,external,Importé depuis ABNORMAL-LUNG_00173_suspected_opacity_184.jpg
174,data/brutes_kaggle/ABNORMAL-LUNG_00174_suspected_opacity_185.jpg,fkarimovv/abnormal-lung,suspected_opacity,external,Importé depuis ABNORMAL-LUNG_00174_suspected_opacity_185.jpg
175,data/brutes_kaggle/ABNORMAL-LUNG_00175_suspected_opacity_186.jpg,fkarimovv/abnormal-lung,suspected_opacity,external,Importé depuis ABNORMAL-LUNG_00175_suspected_opacity_186.jpg
176,data/brutes_kaggle/ABNORMAL-LUNG_00176_suspected_opacity_187.jpg,fkarimovv/abnormal-lung,suspected_opacity,external,Importé depuis ABNORMAL-LUNG_00176_suspected_opacity_187.jpg
177,data/brutes_kaggle/ABNORMAL-LUNG_00177_suspected_opacity_188.jpg,fkarimovv/abnormal-lung,suspected_opacity,external,Importé depuis ABNORMAL-LUNG_00177_suspected_opacity_188.jpg
178,data/brutes_kaggle/ABNORMAL-LUNG_00178_suspected_opacity_189.jpg,fkarimovv/abnormal-lung,suspected_opacity,external,Importé depuis ABNORMAL-LUNG_00178_suspected_opacity_189.jpg
179,data/brutes_kaggle/ABNORMAL-LUNG_00179_suspected_opacity_190.jpg,fkarimovv/abnormal-lung,suspected_opacity,external,Importé depuis ABNORMAL-LUNG_00179_suspected_opacity_190.jpg
180,data/brutes_kaggle/ABNORMAL-LUNG_00180_suspected_opacity_191.jpg,fkarimovv/abnormal-lung,suspected_opacity,external,Importé depuis ABNORMAL-LUNG_00180_suspected_opacity_191.jpg
181,data/brutes_kaggle/ABNORMAL-LUNG_00181_suspected_opacity_192.jpg,fkarimovv/abnormal-lung,suspected_opacity,external,Importé depuis ABNORMAL-LUNG_00181_suspected_opacity_192.jpg
182,data/brutes_kaggle/ABNORMAL-LUNG_00182_suspected_opacity_193.jpg,fkarimovv/abnormal-lung,suspected_opacity,external,Importé depuis ABNORMAL-LUNG_00182_suspected_opacity_193.jpg
183,data/brutes_kaggle/ABNORMAL-LUNG_00183_suspected_opacity_194.jpg,fkarimovv/abnormal-lung,suspected_opacity,external,Importé depuis ABNORMAL-LUNG_00183_suspected_opacity_194.jpg
184,data/brutes_kaggle/ABNORMAL-LUNG_00184_suspected_opacity_195.jpg,fkarimovv/abnormal-lung,suspected_opacity,external,Importé depuis ABNORMAL-LUNG_00184_suspected_opacity_195.jpg
185,data/brutes_kaggle/ABNORMAL-LUNG_00185_suspected_opacity_196.jpg,fkarimovv/abnormal-lung,suspected_opacity,external,Importé depuis ABNORMAL-LUNG_00185_suspected_opacity_196.jpg
186,data/brutes_kaggle/ABNORMAL-LUNG_00186_suspected_opacity_197.jpg,fkarimovv/abnormal-lung,suspected_opacity,external,Importé depuis ABNORMAL-LUNG_00186_suspected_opacity_197.jpg
187,data/brutes_kaggle/ABNORMAL-LUNG_00187_suspected_opacity_198.jpg,fkarimovv/abnormal-lung,suspected_opacity,external,Importé depuis ABNORMAL-LUNG_00187_suspected_opacity_198.jpg
188,data/brutes_kaggle/ABNORMAL-LUNG_00188_suspected_opacity_199.jpg,fkarimovv/abnormal-lung,suspected_opacity,external,Importé depuis ABNORMAL-LUNG_00188_suspected_opacity_199.jpg
189,data/brutes_kaggle/ABNORMAL-LUNG_00189_suspected_opacity_200.jpg,fkarimovv/abnormal-lung,suspected_opacity,external,Importé depuis ABNORMAL-LUNG_00189_suspected_opacity_200.jpg
190,data/brutes_kaggle/ABNORMAL-LUNG_00190_suspected_opacity_201.jpg,fkarimovv/abnormal-lung,suspected_opacity,external,Importé depuis ABNORMAL-LUNG_00190_suspected_opacity_201.jpg
191,data/brutes_kaggle/ABNORMAL-LUNG_00191_suspected_opacity_202.jpg,fkarimovv/abnormal-lung,suspected_opacity,external,Importé depuis ABNORMAL-LUNG_00191_suspected_opacity_202.jpg
192,data/brutes_kaggle/ABNORMAL-LUNG_00192_suspected_opacity_203.jpg,fkarimovv/abnormal-lung,suspected_opacity,external,Importé depuis ABNORMAL-LUNG_00192_suspected_opacity_203.jpg
193,data/brutes_kaggle/ABNORMAL-LUNG_00193_suspected_opacity_204.jpg,fkarimovv/abnormal-lung,suspected_opacity,external,Importé depuis ABNORMAL-LUNG_00193_suspected_opacity_204.jpg
194,data/brutes_kaggle/ABNORMAL-LUNG_00194_suspected_opacity_205.jpg,fkarimovv/abnormal-lung,suspected_opacity,external,Importé depuis ABNORMAL-LUNG_00194_suspected_opacity_205.jpg
195,data/brutes_kaggle/ABNORMAL-LUNG_00195_suspected_opacity_206.jpg,fkarimovv/abnormal-lung,suspected_opacity,external,Importé depuis ABNORMAL-LUNG_00195_suspected_opacity_206.jpg
196,data/brutes_kaggle/ABNORMAL-LUNG_00196_suspected_opacity_207.jpg,fkarimovv/abnormal-lung,suspected_opacity,external,Importé depuis ABNORMAL-LUNG_00196_suspected_opacity_207.jpg
197,data/brutes_kaggle/ABNORMAL-LUNG_00197_suspected_opacity_208.jpg,fkarimovv/abnormal-lung,suspected_opacity,external,Importé depuis ABNORMAL-LUNG_00197_suspected_opacity_208.jpg
198,data/brutes_kaggle/ABNORMAL-LUNG_00198_suspected_opacity_209.jpg,fkarimovv/abnormal-lung,suspected_opacity,external,Importé depuis ABNORMAL-LUNG_00198_suspected_opacity_209.jpg
199,data/brutes_kaggle/ABNORMAL-LUNG_00199_suspected_opacity_210.jpg,fkarimovv/abnormal-lung,suspected_opacity,external,Importé depuis ABNORMAL-LUNG_00199_suspected_opacity_210.jpg
200,data/brutes_kaggle/ABNORMAL-LUNG_00200_suspected_opacity_211.jpg,fkarimovv/abnormal-lung,suspected_opacity,external,Importé depuis ABNORMAL-LUNG_00200_suspected_opacity_211.jpg
201,data/brutes_kaggle/ABNORMAL-LUNG_00201_suspected_opacity_212.jpg,fkarimovv/abnormal-lung,suspected_opacity,external,Importé depuis ABNORMAL-LUNG_00201_suspected_opacity_212.jpg
202,data/brutes_kaggle/ABNORMAL-LUNG_00202_suspected_opacity_213.jpg,fkarimovv/abnormal-lung,suspected_opacity,external,Importé depuis ABNORMAL-LUNG_00202_suspected_opacity_213.jpg
203,data/brutes_kaggle/ABNORMAL-LUNG_00203_suspected_opacity_214.jpg,fkarimovv/abnormal-lung,suspected_opacity,external,Importé depuis ABNORMAL-LUNG_00203_suspected_opacity_214.jpg
204,data/brutes_kaggle/ABNORMAL-LUNG_00204_suspected_opacity_215.jpg,fkarimovv/abnormal-lung,suspected_opacity,external,Importé depuis ABNORMAL-LUNG_00204_suspected_opacity_215.jpg
205,data/brutes_kaggle/ABNORMAL-LUNG_00205_suspected_opacity_216.jpg,fkarimovv/abnormal-lung,suspected_opacity,external,Importé depuis ABNORMAL-LUNG_00205_suspected_opacity_216.jpg
206,data/brutes_kaggle/ABNORMAL-LUNG_00206_suspected_opacity_217.jpg,fkarimovv/abnormal-lung,suspected_opacity,external,Importé depuis ABNORMAL-LUNG_00206_suspected_opacity_217.jpg
207,data/brutes_kaggle/ABNORMAL-LUNG_00207_suspected_opacity_218.jpg,fkarimovv/abnormal-lung,suspected_opacity,external,Importé depuis ABNORMAL-LUNG_00207_suspected_opacity_218.jpg
208,data/brutes_kaggle/ABNORMAL-LUNG_00208_suspected_opacity_219.jpg,fkarimovv/abnormal-lung,suspected_opacity,external,Importé depuis ABNORMAL-LUNG_00208_suspected_opacity_219.jpg
209,data/brutes_kaggle/ABNORMAL-LUNG_00209_suspected_opacity_220.jpg,fkarimovv/abnormal-lung,suspected_opacity,external,Importé depuis ABNORMAL-LUNG_00209_suspected_opacity_220.jpg
210,data/brutes_kaggle/ABNORMAL-LUNG_00210_suspected_opacity_221.jpg,fkarimovv/abnormal-lung,suspected_opacity,external,Importé depuis ABNORMAL-LUNG_00210_suspected_opacity_221.jpg
211,data/brutes_kaggle/ABNORMAL-LUNG_00211_suspected_opacity_222.jpg,fkarimovv/abnormal-lung,suspected_opacity,external,Importé depuis ABNORMAL-LUNG_00211_suspected_opacity_222.jpg
212,data/brutes_kaggle/ABNORMAL-LUNG_00212_suspected_opacity_223.jpg,fkarimovv/abnormal-lung,suspected_opacity,external,Importé depuis ABNORMAL-LUNG_00212_suspected_opacity_223.jpg
213,data/brutes_kaggle/ABNORMAL-LUNG_00213_suspected_opacity_224.jpg,fkarimovv/abnormal-lung,suspected_opacity,external,Importé depuis ABNORMAL-LUNG_00213_suspected_opacity_224.jpg
214,data/brutes_kaggle/ABNORMAL-LUNG_00214_suspected_opacity_225.jpg,fkarimovv/abnormal-lung,suspected_opacity,external,Importé depuis ABNORMAL-LUNG_00214_suspected_opacity_225.jpg
215,data/brutes_kaggle/ABNORMAL-LUNG_00215_suspected_opacity_226.jpg,fkarimovv/abnormal-lung,suspected_opacity,external,Importé depuis ABNORMAL-LUNG_00215_suspected_opacity_226.jpg
216,data/brutes_kaggle/ABNORMAL-LUNG_00216_suspected_opacity_227.jpg,fkarimovv/abnormal-lung,suspected_opacity,external,Importé depuis ABNORMAL-LUNG_00216_suspected_opacity_227.jpg
217,data/brutes_kaggle/ABNORMAL-LUNG_00217_suspected_opacity_228.jpg,fkarimovv/abnormal-lung,suspected_opacity,external,Importé depuis ABNORMAL-LUNG_00217_suspected_opacity_228.jpg
218,data/brutes_kaggle/ABNORMAL-LUNG_00218_suspected_opacity_229.jpg,fkarimovv/abnormal-lung,suspected_opacity,external,Importé depuis ABNORMAL-LUNG_00218_suspected_opacity_229.jpg
219,data/brutes_kaggle/ABNORMAL-LUNG_00219_suspected_opacity_230.jpg,fkarimovv/abnormal-lung,suspected_opacity,external,Importé depuis ABNORMAL-LUNG_00219_suspected_opacity_230.jpg
220,data/brutes_kaggle/ABNORMAL-LUNG_00220_suspected_opacity_231.jpg,fkarimovv/abnormal-lung,suspected_opacity,external,Importé depuis ABNORMAL-LUNG_00220_suspected_opacity_231.jpg
221,data/brutes_kaggle/ABNORMAL-LUNG_00221_suspected_opacity_232.jpg,fkarimovv/abnormal-lung,suspected_opacity,external,Importé depuis ABNORMAL-LUNG_00221_suspected_opacity_232.jpg
222,data/brutes_kaggle/ABNORMAL-LUNG_00222_suspected_opacity_233.jpg,fkarimovv/abnormal-lung,suspected_opacity,external,Importé depuis ABNORMAL-LUNG_00222_suspected_opacity_233.jpg
223,data/brutes_kaggle/ABNORMAL-LUNG_00223_suspected_opacity_234.jpg,fkarimovv/abnormal-lung,suspected_opacity,external,Importé depuis ABNORMAL-LUNG_00223_suspected_opacity_234.jpg
224,data/brutes_kaggle/ABNORMAL-LUNG_00224_suspected_opacity_235.jpg,fkarimovv/abnormal-lung,suspected_opacity,external,Importé depuis ABNORMAL-LUNG_00224_suspected_opacity_235.jpg
225,data/brutes_kaggle/ABNORMAL-LUNG_00225_suspected_opacity_236.jpg,fkarimovv/abnormal-lung,suspected_opacity,external,Importé depuis ABNORMAL-LUNG_00225_suspected_opacity_236.jpg
226,data/brutes_kaggle/ABNORMAL-LUNG_00226_suspected_opacity_237.jpg,fkarimovv/abnormal-lung,suspected_opacity,external,Importé depuis ABNORMAL-LUNG_00226_suspected_opacity_237.jpg
227,data/brutes_kaggle/ABNORMAL-LUNG_00227_suspected_opacity_238.jpg,fkarimovv/abnormal-lung,suspected_opacity,external,Importé depuis ABNORMAL-LUNG_00227_suspected_opacity_238.jpg
228,data/brutes_kaggle/ABNORMAL-LUNG_00228_suspected_opacity_239.jpg,fkarimovv/abnormal-lung,suspected_opacity,external,Importé depuis ABNORMAL-LUNG_00228_suspected_opacity_239.jpg
229,data/brutes_kaggle/ABNORMAL-LUNG_00229_suspected_opacity_240.jpg,fkarimovv/abnormal-lung,suspected_opacity,external,Importé depuis ABNORMAL-LUNG_00229_suspected_opacity_240.jpg
230,data/brutes_kaggle/ABNORMAL-LUNG_00230_suspected_opacity_241.jpg,fkarimovv/abnormal-lung,suspected_opacity,external,Importé depuis ABNORMAL-LUNG_00230_suspected_opacity_241.jpg
231,data/brutes_kaggle/ABNORMAL-LUNG_00231_suspected_opacity_242.jpg,fkarimovv/abnormal-lung,suspected_opacity,external,Importé depuis ABNORMAL-LUNG_00231_suspected_opacity_242.jpg
232,data/brutes_kaggle/ABNORMAL-LUNG_00232_suspected_opacity_243.jpg,fkarimovv/abnormal-lung,suspected_opacity,external,Importé depuis ABNORMAL-LUNG_00232_suspected_opacity_243.jpg
233,data/brutes_kaggle/ABNORMAL-LUNG_00233_suspected_opacity_244.jpg,fkarimovv/abnormal-lung,suspected_opacity,external,Importé depuis ABNORMAL-LUNG_00233_suspected_opacity_244.jpg
234,data/brutes_kaggle/ABNORMAL-LUNG_00234_suspected_opacity_245.jpg,fkarimovv/abnormal-lung,suspected_opacity,external,Importé depuis ABNORMAL-LUNG_00234_suspected_opacity_245.jpg
235,data/brutes_kaggle/ABNORMAL-LUNG_00235_suspected_opacity_246.jpg,fkarimovv/abnormal-lung,suspected_opacity,external,Importé depuis ABNORMAL-LUNG_00235_suspected_opacity_246.jpg
236,data/brutes_kaggle/ABNORMAL-LUNG_00236_suspected_opacity_247.jpg,fkarimovv/abnormal-lung,suspected_opacity,external,Importé depuis ABNORMAL-LUNG_00236_suspected_opacity_247.jpg
237,data/brutes_kaggle/ABNORMAL-LUNG_00237_suspected_opacity_248.jpg,fkarimovv/abnormal-lung,suspected_opacity,external,Importé depuis ABNORMAL-LUNG_00237_suspected_opacity_248.jpg
238,data/brutes_kaggle/ABNORMAL-LUNG_00238_suspected_opacity_249.jpg,fkarimovv/abnormal-lung,suspected_opacity,external,Importé depuis ABNORMAL-LUNG_00238_suspected_opacity_249.jpg
239,data/brutes_kaggle/ABNORMAL-LUNG_00239_suspected_opacity_250.jpg,fkarimovv/abnormal-lung,suspected_opacity,external,Importé depuis ABNORMAL-LUNG_00239_suspected_opacity_250.jpg
240,data/brutes_kaggle/ABNORMAL-LUNG_00240_suspected_opacity_252.jpg,fkarimovv/abnormal-lung,suspected_opacity,external,Importé depuis ABNORMAL-LUNG_00240_suspected_opacity_252.jpg
241,data/brutes_kaggle/ABNORMAL-LUNG_00241_suspected_opacity_253.jpg,fkarimovv/abnormal-lung,suspected_opacity,external,Importé depuis ABNORMAL-LUNG_00241_suspected_opacity_253.jpg
242,data/brutes_kaggle/ABNORMAL-LUNG_00242_suspected_opacity_254.jpg,fkarimovv/abnormal-lung,suspected_opacity,external,Importé depuis ABNORMAL-LUNG_00242_suspected_opacity_254.jpg
243,data/brutes_kaggle/ABNORMAL-LUNG_00243_suspected_opacity_255.jpg,fkarimovv/abnormal-lung,suspected_opacity,external,Importé depuis ABNORMAL-LUNG_00243_suspected_opacity_255.jpg
244,data/brutes_kaggle/ABNORMAL-LUNG_00244_suspected_opacity_256.jpg,fkarimovv/abnormal-lung,suspected_opacity,external,Importé depuis ABNORMAL-LUNG_00244_suspected_opacity_256.jpg
245,data/brutes_kaggle/ABNORMAL-LUNG_00245_suspected_opacity_257.jpg,fkarimovv/abnormal-lung,suspected_opacity,external,Importé depuis ABNORMAL-LUNG_00245_suspected_opacity_257.jpg
246,data/brutes_kaggle/ABNORMAL-LUNG_00246_suspected_opacity_258.jpg,fkarimovv/abnormal-lung,suspected_opacity,external,Importé depuis ABNORMAL-LUNG_00246_suspected_opacity_258.jpg
247,data/brutes_kaggle/ABNORMAL-LUNG_00247_suspected_opacity_259.jpg,fkarimovv/abnormal-lung,suspected_opacity,external,Importé depuis ABNORMAL-LUNG_00247_suspected_opacity_259.jpg
248,data/brutes_kaggle/ABNORMAL-LUNG_00248_suspected_opacity_260.jpg,fkarimovv/abnormal-lung,suspected_opacity,external,Importé depuis ABNORMAL-LUNG_00248_suspected_opacity_260.jpg
249,data/brutes_kaggle/ABNORMAL-LUNG_00249_suspected_opacity_261.jpg,fkarimovv/abnormal-lung,suspected_opacity,external,Importé depuis ABNORMAL-LUNG_00249_suspected_opacity_261.jpg
250,data/brutes_kaggle/ABNORMAL-LUNG_00250_suspected_opacity_262.jpg,fkarimovv/abnormal-lung,suspected_opacity,external,Importé depuis ABNORMAL-LUNG_00250_suspected_opacity_262.jpg
251,data/brutes_kaggle/ABNORMAL-LUNG_00251_suspected_opacity_263.jpg,fkarimovv/abnormal-lung,suspected_opacity,external,Importé depuis ABNORMAL-LUNG_00251_suspected_opacity_263.jpg
252,data/brutes_kaggle/ABNORMAL-LUNG_00252_suspected_opacity_264.jpg,fkarimovv/abnormal-lung,suspected_opacity,external,Importé depuis ABNORMAL-LUNG_00252_suspected_opacity_264.jpg
253,data/brutes_kaggle/ABNORMAL-LUNG_00253_suspected_opacity_265.jpg,fkarimovv/abnormal-lung,suspected_opacity,external,Importé depuis ABNORMAL-LUNG_00253_suspected_opacity_265.jpg
254,data/brutes_kaggle/ABNORMAL-LUNG_00254_suspected_opacity_266.jpg,fkarimovv/abnormal-lung,suspected_opacity,external,Importé depuis ABNORMAL-LUNG_00254_suspected_opacity_266.jpg
255,data/brutes_kaggle/ABNORMAL-LUNG_00255_suspected_opacity_267.jpg,fkarimovv/abnormal-lung,suspected_opacity,external,Importé depuis ABNORMAL-LUNG_00255_suspected_opacity_267.jpg
256,data/brutes_kaggle/ABNORMAL-LUNG_00256_suspected_opacity_268.jpg,fkarimovv/abnormal-lung,suspected_opacity,external,Importé depuis ABNORMAL-LUNG_00256_suspected_opacity_268.jpg
257,data/brutes_kaggle/ABNORMAL-LUNG_00257_suspected_opacity_269.jpg,fkarimovv/abnormal-lung,suspected_opacity,external,Importé depuis ABNORMAL-LUNG_00257_suspected_opacity_269.jpg
258,data/brutes_kaggle/ABNORMAL-LUNG_00258_suspected_opacity_270.jpg,fkarimovv/abnormal-lung,suspected_opacity,external,Importé depuis ABNORMAL-LUNG_00258_suspected_opacity_270.jpg
259,data/brutes_kaggle/ABNORMAL-LUNG_00259_suspected_opacity_272.jpg,fkarimovv/abnormal-lung,suspected_opacity,external,Importé depuis ABNORMAL-LUNG_00259_suspected_opacity_272.jpg
260,data/brutes_kaggle/ABNORMAL-LUNG_00260_suspected_opacity_273.jpg,fkarimovv/abnormal-lung,suspected_opacity,external,Importé depuis ABNORMAL-LUNG_00260_suspected_opacity_273.jpg
261,data/brutes_kaggle/ABNORMAL-LUNG_00261_suspected_opacity_274.jpg,fkarimovv/abnormal-lung,suspected_opacity,external,Importé depuis ABNORMAL-LUNG_00261_suspected_opacity_274.jpg
262,data/brutes_kaggle/ABNORMAL-LUNG_00262_suspected_opacity_275.jpg,fkarimovv/abnormal-lung,suspected_opacity,external,Importé depuis ABNORMAL-LUNG_00262_suspected_opacity_275.jpg
263,data/brutes_kaggle/ABNORMAL-LUNG_00263_suspected_opacity_276.jpg,fkarimovv/abnormal-lung,suspected_opacity,external,Importé depuis ABNORMAL-LUNG_00263_suspected_opacity_276.jpg
264,data/brutes_kaggle/ABNORMAL-LUNG_00264_suspected_opacity_277.jpg,fkarimovv/abnormal-lung,suspected_opacity,external,Importé depuis ABNORMAL-LUNG_00264_suspected_opacity_277.jpg
265,data/brutes_kaggle/ABNORMAL-LUNG_00265_suspected_opacity_278.jpg,fkarimovv/abnormal-lung,suspected_opacity,external,Importé depuis ABNORMAL-LUNG_00265_suspected_opacity_278.jpg
266,data/brutes_kaggle/ABNORMAL-LUNG_00266_suspected_opacity_279.jpg,fkarimovv/abnormal-lung,suspected_opacity,external,Importé depuis ABNORMAL-LUNG_00266_suspected_opacity_279.jpg
267,data/brutes_kaggle/ABNORMAL-LUNG_00267_suspected_opacity_280.jpg,fkarimovv/abnormal-lung,suspected_opacity,external,Importé depuis ABNORMAL-LUNG_00267_suspected_opacity_280.jpg
268,data/brutes_kaggle/ABNORMAL-LUNG_00268_suspected_opacity_281.jpg,fkarimovv/abnormal-lung,suspected_opacity,external,Importé depuis ABNORMAL-LUNG_00268_suspected_opacity_281.jpg
269,data/brutes_kaggle/ABNORMAL-LUNG_00269_suspected_opacity_282.jpg,fkarimovv/abnormal-lung,suspected_opacity,external,Importé depuis ABNORMAL-LUNG_00269_suspected_opacity_282.jpg
270,data/brutes_kaggle/ABNORMAL-LUNG_00270_suspected_opacity_283.jpg,fkarimovv/abnormal-lung,suspected_opacity,external,Importé depuis ABNORMAL-LUNG_00270_suspected_opacity_283.jpg
271,data/brutes_kaggle/ABNORMAL-LUNG_00271_suspected_opacity_284.jpg,fkarimovv/abnormal-lung,suspected_opacity,external,Importé depuis ABNORMAL-LUNG_00271_suspected_opacity_284.jpg
272,data/brutes_kaggle/ABNORMAL-LUNG_00272_suspected_opacity_285.jpg,fkarimovv/abnormal-lung,suspected_opacity,external,Importé depuis ABNORMAL-LUNG_00272_suspected_opacity_285.jpg
273,data/brutes_kaggle/ABNORMAL-LUNG_00273_suspected_opacity_286.jpg,fkarimovv/abnormal-lung,suspected_opacity,external,Importé depuis ABNORMAL-LUNG_00273_suspected_opacity_286.jpg
274,data/brutes_kaggle/ABNORMAL-LUNG_00274_suspected_opacity_287.jpg,fkarimovv/abnormal-lung,suspected_opacity,external,Importé depuis ABNORMAL-LUNG_00274_suspected_opacity_287.jpg
275,data/brutes_kaggle/ABNORMAL-LUNG_00275_suspected_opacity_288.jpg,fkarimovv/abnormal-lung,suspected_opacity,external,Importé depuis ABNORMAL-LUNG_00275_suspected_opacity_288.jpg
276,data/brutes_kaggle/ABNORMAL-LUNG_00276_suspected_opacity_289.jpg,fkarimovv/abnormal-lung,suspected_opacity,external,Importé depuis ABNORMAL-LUNG_00276_suspected_opacity_289.jpg
277,data/brutes_kaggle/ABNORMAL-LUNG_00277_suspected_opacity_290.jpg,fkarimovv/abnormal-lung,suspected_opacity,external,Importé depuis ABNORMAL-LUNG_00277_suspected_opacity_290.jpg
278,data/brutes_kaggle/ABNORMAL-LUNG_00278_suspected_opacity_291.jpg,fkarimovv/abnormal-lung,suspected_opacity,external,Importé depuis ABNORMAL-LUNG_00278_suspected_opacity_291.jpg
279,data/brutes_kaggle/ABNORMAL-LUNG_00279_suspected_opacity_292.jpg,fkarimovv/abnormal-lung,suspected_opacity,external,Importé depuis ABNORMAL-LUNG_00279_suspected_opacity_292.jpg
280,data/brutes_kaggle/ABNORMAL-LUNG_00280_suspected_opacity_293.jpg,fkarimovv/abnormal-lung,suspected_opacity,external,Importé depuis ABNORMAL-LUNG_00280_suspected_opacity_293.jpg
281,data/brutes_kaggle/ABNORMAL-LUNG_00281_suspected_opacity_294.jpg,fkarimovv/abnormal-lung,suspected_opacity,external,Importé depuis ABNORMAL-LUNG_00281_suspected_opacity_294.jpg
282,data/brutes_kaggle/ABNORMAL-LUNG_00282_suspected_opacity_295.jpg,fkarimovv/abnormal-lung,suspected_opacity,external,Importé depuis ABNORMAL-LUNG_00282_suspected_opacity_295.jpg
283,data/brutes_kaggle/ABNORMAL-LUNG_00283_suspected_opacity_296.jpg,fkarimovv/abnormal-lung,suspected_opacity,external,Importé depuis ABNORMAL-LUNG_00283_suspected_opacity_296.jpg
284,data/brutes_kaggle/ABNORMAL-LUNG_00284_suspected_opacity_297.jpg,fkarimovv/abnormal-lung,suspected_opacity,external,Importé depuis ABNORMAL-LUNG_00284_suspected_opacity_297.jpg
285,data/brutes_kaggle/ABNORMAL-LUNG_00285_suspected_opacity_298.jpg,fkarimovv/abnormal-lung,suspected_opacity,external,Importé depuis ABNORMAL-LUNG_00285_suspected_opacity_298.jpg
286,data/brutes_kaggle/ABNORMAL-LUNG_00286_suspected_opacity_299.jpg,fkarimovv/abnormal-lung,suspected_opacity,external,Importé depuis ABNORMAL-LUNG_00286_suspected_opacity_299.jpg
287,data/brutes_kaggle/ABNORMAL-LUNG_00287_suspected_opacity_301.jpg,fkarimovv/abnormal-lung,suspected_opacity,external,Importé depuis ABNORMAL-LUNG_00287_suspected_opacity_301.jpg
288,data/brutes_kaggle/ABNORMAL-LUNG_00288_suspected_opacity_302.jpg,fkarimovv/abnormal-lung,suspected_opacity,external,Importé depuis ABNORMAL-LUNG_00288_suspected_opacity_302.jpg
289,data/brutes_kaggle/ABNORMAL-LUNG_00289_suspected_opacity_308.jpg,fkarimovv/abnormal-lung,suspected_opacity,external,Importé depuis ABNORMAL-LUNG_00289_suspected_opacity_308.jpg
290,data/brutes_kaggle/ABNORMAL-LUNG_00290_suspected_opacity_309.jpg,fkarimovv/abnormal-lung,suspected_opacity,external,Importé depuis ABNORMAL-LUNG_00290_suspected_opacity_309.jpg
291,data/brutes_kaggle/ABNORMAL-LUNG_00291_suspected_opacity_310.jpg,fkarimovv/abnormal-lung,suspected_opacity,external,Importé depuis ABNORMAL-LUNG_00291_suspected_opacity_310.jpg
292,data/brutes_kaggle/ABNORMAL-LUNG_00292_suspected_opacity_311.jpg,fkarimovv/abnormal-lung,suspected_opacity,external,Importé depuis ABNORMAL-LUNG_00292_suspected_opacity_311.jpg
293,data/brutes_kaggle/ABNORMAL-LUNG_00293_suspected_opacity_312.jpg,fkarimovv/abnormal-lung,suspected_opacity,external,Importé depuis ABNORMAL-LUNG_00293_suspected_opacity_312.jpg
294,data/brutes_kaggle/ABNORMAL-LUNG_00294_suspected_opacity_313.jpg,fkarimovv/abnormal-lung,suspected_opacity,external,Importé depuis ABNORMAL-LUNG_00294_suspected_opacity_313.jpg
295,data/brutes_kaggle/ABNORMAL-LUNG_00295_suspected_opacity_314.jpg,fkarimovv/abnormal-lung,suspected_opacity,external,Importé depuis ABNORMAL-LUNG_00295_suspected_opacity_314.jpg
296,data/brutes_kaggle/ABNORMAL-LUNG_00296_suspected_opacity_315.jpg,fkarimovv/abnormal-lung,suspected_opacity,external,Importé depuis ABNORMAL-LUNG_00296_suspected_opacity_315.jpg
297,data/brutes_kaggle/ABNORMAL-LUNG_00297_suspected_opacity_316.jpg,fkarimovv/abnormal-lung,suspected_opacity,external,Importé depuis ABNORMAL-LUNG_00297_suspected_opacity_316.jpg
298,data/brutes_kaggle/ABNORMAL-LUNG_00298_suspected_opacity_317.jpg,fkarimovv/abnormal-lung,suspected_opacity,external,Importé depuis ABNORMAL-LUNG_00298_suspected_opacity_317.jpg
299,data/brutes_kaggle/ABNORMAL-LUNG_00299_suspected_opacity_318.jpg,fkarimovv/abnormal-lung,suspected_opacity,external,Importé depuis ABNORMAL-LUNG_00299_suspected_opacity_318.jpg
300,data/brutes_kaggle/ABNORMAL-LUNG_00300_suspected_opacity_319.jpg,fkarimovv/abnormal-lung,suspected_opacity,external,Importé depuis ABNORMAL-LUNG_00300_suspected_opacity_319.jpg
301,data/brutes_kaggle/ABNORMAL-LUNG_00301_suspected_opacity_320.jpg,fkarimovv/abnormal-lung,suspected_opacity,external,Importé depuis ABNORMAL-LUNG_00301_suspected_opacity_320.jpg
302,data/brutes_kaggle/ABNORMAL-LUNG_00302_suspected_opacity_321.jpg,fkarimovv/abnormal-lung,suspected_opacity,external,Importé depuis ABNORMAL-LUNG_00302_suspected_opacity_321.jpg
303,data/brutes_kaggle/ABNORMAL-LUNG_00303_suspected_opacity_322.jpg,fkarimovv/abnormal-lung,suspected_opacity,external,Importé depuis ABNORMAL-LUNG_00303_suspected_opacity_322.jpg
304,data/brutes_kaggle/ABNORMAL-LUNG_00304_suspected_opacity_323.jpg,fkarimovv/abnormal-lung,suspected_opacity,external,Importé depuis ABNORMAL-LUNG_00304_suspected_opacity_323.jpg
305,data/brutes_kaggle/ABNORMAL-LUNG_00305_suspected_opacity_324.jpg,fkarimovv/abnormal-lung,suspected_opacity,external,Importé depuis ABNORMAL-LUNG_00305_suspected_opacity_324.jpg
306,data/brutes_kaggle/ABNORMAL-LUNG_00306_suspected_opacity_325.jpg,fkarimovv/abnormal-lung,suspected_opacity,external,Importé depuis ABNORMAL-LUNG_00306_suspected_opacity_325.jpg
307,data/brutes_kaggle/ABNORMAL-LUNG_00307_suspected_opacity_326.jpg,fkarimovv/abnormal-lung,suspected_opacity,external,Importé depuis ABNORMAL-LUNG_00307_suspected_opacity_326.jpg
308,data/brutes_kaggle/ABNORMAL-LUNG_00308_suspected_opacity_327.jpg,fkarimovv/abnormal-lung,suspected_opacity,external,Importé depuis ABNORMAL-LUNG_00308_suspected_opacity_327.jpg
309,data/brutes_kaggle/ABNORMAL-LUNG_00309_suspected_opacity_328.jpg,fkarimovv/abnormal-lung,suspected_opacity,external,Importé depuis ABNORMAL-LUNG_00309_suspected_opacity_328.jpg
310,data/brutes_kaggle/ABNORMAL-LUNG_00310_suspected_opacity_329.jpg,fkarimovv/abnormal-lung,suspected_opacity,external,Importé depuis ABNORMAL-LUNG_00310_suspected_opacity_329.jpg
311,data/brutes_kaggle/ABNORMAL-LUNG_00311_suspected_opacity_330.jpg,fkarimovv/abnormal-lung,suspected_opacity,external,Importé depuis ABNORMAL-LUNG_00311_suspected_opacity_330.jpg
312,data/brutes_kaggle/ABNORMAL-LUNG_00312_suspected_opacity_331.jpg,fkarimovv/abnormal-lung,suspected_opacity,external,Importé depuis ABNORMAL-LUNG_00312_suspected_opacity_331.jpg
313,data/brutes_kaggle/ABNORMAL-LUNG_00313_suspected_opacity_332.jpg,fkarimovv/abnormal-lung,suspected_opacity,external,Importé depuis ABNORMAL-LUNG_00313_suspected_opacity_332.jpg
314,data/brutes_kaggle/ABNORMAL-LUNG_00314_suspected_opacity_333.jpg,fkarimovv/abnormal-lung,suspected_opacity,external,Importé depuis ABNORMAL-LUNG_00314_suspected_opacity_333.jpg
315,data/brutes_kaggle/ABNORMAL-LUNG_00315_suspected_opacity_334.jpg,fkarimovv/abnormal-lung,suspected_opacity,external,Importé depuis ABNORMAL-LUNG_00315_suspected_opacity_334.jpg
316,data/brutes_kaggle/ABNORMAL-LUNG_00316_suspected_opacity_335.jpg,fkarimovv/abnormal-lung,suspected_opacity,external,Importé depuis ABNORMAL-LUNG_00316_suspected_opacity_335.jpg
317,data/brutes_kaggle/ABNORMAL-LUNG_00317_suspected_opacity_336.jpg,fkarimovv/abnormal-lung,suspected_opacity,external,Importé depuis ABNORMAL-LUNG_00317_suspected_opacity_336.jpg
318,data/brutes_kaggle/ABNORMAL-LUNG_00318_suspected_opacity_337.jpg,fkarimovv/abnormal-lung,suspected_opacity,external,Importé depuis ABNORMAL-LUNG_00318_suspected_opacity_337.jpg
319,data/brutes_kaggle/ABNORMAL-LUNG_00319_suspected_opacity_338.jpg,fkarimovv/abnormal-lung,suspected_opacity,external,Importé depuis ABNORMAL-LUNG_00319_suspected_opacity_338.jpg
320,data/brutes_kaggle/ABNORMAL-LUNG_00320_suspected_opacity_339.jpg,fkarimovv/abnormal-lung,suspected_opacity,external,Importé depuis ABNORMAL-LUNG_00320_suspected_opacity_339.jpg
321,data/brutes_kaggle/ABNORMAL-LUNG_00321_suspected_opacity_340.jpg,fkarimovv/abnormal-lung,suspected_opacity,external,Importé depuis ABNORMAL-LUNG_00321_suspected_opacity_340.jpg
322,data/brutes_kaggle/ABNORMAL-LUNG_00322_suspected_opacity_341.jpg,fkarimovv/abnormal-lung,suspected_opacity,external,Importé depuis ABNORMAL-LUNG_00322_suspected_opacity_341.jpg
323,data/brutes_kaggle/ABNORMAL-LUNG_00323_suspected_opacity_342.jpg,fkarimovv/abnormal-lung,suspected_opacity,external,Importé depuis ABNORMAL-LUNG_00323_suspected_opacity_342.jpg
324,data/brutes_kaggle/ABNORMAL-LUNG_00324_suspected_opacity_343.jpg,fkarimovv/abnormal-lung,suspected_opacity,external,Importé depuis ABNORMAL-LUNG_00324_suspected_opacity_343.jpg
325,data/brutes_kaggle/ABNORMAL-LUNG_00325_suspected_opacity_344.jpg,fkarimovv/abnormal-lung,suspected_opacity,external,Importé depuis ABNORMAL-LUNG_00325_suspected_opacity_344.jpg
326,data/brutes_kaggle/ABNORMAL-LUNG_00326_suspected_opacity_345.jpg,fkarimovv/abnormal-lung,suspected_opacity,external,Importé depuis ABNORMAL-LUNG_00326_suspected_opacity_345.jpg
327,data/brutes_kaggle/ABNORMAL-LUNG_00327_suspected_opacity_346.jpg,fkarimovv/abnormal-lung,suspected_opacity,external,Importé depuis ABNORMAL-LUNG_00327_suspected_opacity_346.jpg
328,data/brutes_kaggle/ABNORMAL-LUNG_00328_suspected_opacity_347.jpg,fkarimovv/abnormal-lung,suspected_opacity,external,Importé depuis ABNORMAL-LUNG_00328_suspected_opacity_347.jpg
329,data/brutes_kaggle/ABNORMAL-LUNG_00329_suspected_opacity_348.jpg,fkarimovv/abnormal-lung,suspected_opacity,external,Importé depuis ABNORMAL-LUNG_00329_suspected_opacity_348.jpg
330,data/brutes_kaggle/ABNORMAL-LUNG_00330_suspected_opacity_349.jpg,fkarimovv/abnormal-lung,suspected_opacity,external,Importé depuis ABNORMAL-LUNG_00330_suspected_opacity_349.jpg
331,data/brutes_kaggle/ABNORMAL-LUNG_00331_suspected_opacity_350.jpg,fkarimovv/abnormal-lung,suspected_opacity,external,Importé depuis ABNORMAL-LUNG_00331_suspected_opacity_350.jpg
332,data/brutes_kaggle/ABNORMAL-LUNG_00332_suspected_opacity_351.jpg,fkarimovv/abnormal-lung,suspected_opacity,external,Importé depuis ABNORMAL-LUNG_00332_suspected_opacity_351.jpg
333,data/brutes_kaggle/ABNORMAL-LUNG_00333_suspected_opacity_352.jpg,fkarimovv/abnormal-lung,suspected_opacity,external,Importé depuis ABNORMAL-LUNG_00333_suspected_opacity_352.jpg
334,data/brutes_kaggle/ABNORMAL-LUNG_00334_suspected_opacity_353.jpg,fkarimovv/abnormal-lung,suspected_opacity,external,Importé depuis ABNORMAL-LUNG_00334_suspected_opacity_353.jpg
335,data/brutes_kaggle/ABNORMAL-LUNG_00335_suspected_opacity_354.jpg,fkarimovv/abnormal-lung,suspected_opacity,external,Importé depuis ABNORMAL-LUNG_00335_suspected_opacity_354.jpg
336,data/brutes_kaggle/ABNORMAL-LUNG_00336_suspected_opacity_355.jpg,fkarimovv/abnormal-lung,suspected_opacity,external,Importé depuis ABNORMAL-LUNG_00336_suspected_opacity_355.jpg
337,data/brutes_kaggle/ABNORMAL-LUNG_00337_suspected_opacity_356.jpg,fkarimovv/abnormal-lung,suspected_opacity,external,Importé depuis ABNORMAL-LUNG_00337_suspected_opacity_356.jpg
338,data/brutes_kaggle/ABNORMAL-LUNG_00338_suspected_opacity_357.jpg,fkarimovv/abnormal-lung,suspected_opacity,external,Importé depuis ABNORMAL-LUNG_00338_suspected_opacity_357.jpg
339,data/brutes_kaggle/ABNORMAL-LUNG_00339_suspected_opacity_358.jpg,fkarimovv/abnormal-lung,suspected_opacity,external,Importé depuis ABNORMAL-LUNG_00339_suspected_opacity_358.jpg
340,data/brutes_kaggle/ABNORMAL-LUNG_00340_suspected_opacity_359.jpg,fkarimovv/abnormal-lung,suspected_opacity,external,Importé depuis ABNORMAL-LUNG_00340_suspected_opacity_359.jpg
341,data/brutes_kaggle/ABNORMAL-LUNG_00341_suspected_opacity_360.jpg,fkarimovv/abnormal-lung,suspected_opacity,external,Importé depuis ABNORMAL-LUNG_00341_suspected_opacity_360.jpg
342,data/brutes_kaggle/ABNORMAL-LUNG_00342_suspected_opacity_361.jpg,fkarimovv/abnormal-lung,suspected_opacity,external,Importé depuis ABNORMAL-LUNG_00342_suspected_opacity_361.jpg
343,data/brutes_kaggle/ABNORMAL-LUNG_00343_suspected_opacity_362.jpg,fkarimovv/abnormal-lung,suspected_opacity,external,Importé depuis ABNORMAL-LUNG_00343_suspected_opacity_362.jpg
344,data/brutes_kaggle/ABNORMAL-LUNG_00344_suspected_opacity_363.jpg,fkarimovv/abnormal-lung,suspected_opacity,external,Importé depuis ABNORMAL-LUNG_00344_suspected_opacity_363.jpg
345,data/brutes_kaggle/ABNORMAL-LUNG_00345_suspected_opacity_364.jpg,fkarimovv/abnormal-lung,suspected_opacity,external,Importé depuis ABNORMAL-LUNG_00345_suspected_opacity_364.jpg
346,data/brutes_kaggle/ABNORMAL-LUNG_00346_suspected_opacity_365.jpg,fkarimovv/abnormal-lung,suspected_opacity,external,Importé depuis ABNORMAL-LUNG_00346_suspected_opacity_365.jpg
347,data/brutes_kaggle/ABNORMAL-LUNG_00347_suspected_opacity_366.jpg,fkarimovv/abnormal-lung,suspected_opacity,external,Importé depuis ABNORMAL-LUNG_00347_suspected_opacity_366.jpg
348,data/brutes_kaggle/ABNORMAL-LUNG_00348_suspected_opacity_367.jpg,fkarimovv/abnormal-lung,suspected_opacity,external,Importé depuis ABNORMAL-LUNG_00348_suspected_opacity_367.jpg
349,data/brutes_kaggle/ABNORMAL-LUNG_00349_suspected_opacity_368.jpg,fkarimovv/abnormal-lung,suspected_opacity,external,Importé depuis ABNORMAL-LUNG_00349_suspected_opacity_368.jpg
350,data/brutes_kaggle/ABNORMAL-LUNG_00350_suspected_opacity_369.jpg,fkarimovv/abnormal-lung,suspected_opacity,external,Importé depuis ABNORMAL-LUNG_00350_suspected_opacity_369.jpg
351,data/brutes_kaggle/ABNORMAL-LUNG_00351_suspected_opacity_370.jpg,fkarimovv/abnormal-lung,suspected_opacity,external,Importé depuis ABNORMAL-LUNG_00351_suspected_opacity_370.jpg
352,data/brutes_kaggle/ABNORMAL-LUNG_00352_suspected_opacity_371.jpg,fkarimovv/abnormal-lung,suspected_opacity,external,Importé depuis ABNORMAL-LUNG_00352_suspected_opacity_371.jpg
353,data/brutes_kaggle/ABNORMAL-LUNG_00353_suspected_opacity_372.jpg,fkarimovv/abnormal-lung,suspected_opacity,external,Importé depuis ABNORMAL-LUNG_00353_suspected_opacity_372.jpg
354,data/brutes_kaggle/ABNORMAL-LUNG_00354_suspected_opacity_373.jpg,fkarimovv/abnormal-lung,suspected_opacity,external,Importé depuis ABNORMAL-LUNG_00354_suspected_opacity_373.jpg
355,data/brutes_kaggle/ABNORMAL-LUNG_00355_suspected_opacity_375.jpg,fkarimovv/abnormal-lung,suspected_opacity,external,Importé depuis ABNORMAL-LUNG_00355_suspected_opacity_375.jpg
356,data/brutes_kaggle/ABNORMAL-LUNG_00356_suspected_opacity_376.jpg,fkarimovv/abnormal-lung,suspected_opacity,external,Importé depuis ABNORMAL-LUNG_00356_suspected_opacity_376.jpg
357,data/brutes_kaggle/ABNORMAL-LUNG_00357_suspected_opacity_377.jpg,fkarimovv/abnormal-lung,suspected_opacity,external,Importé depuis ABNORMAL-LUNG_00357_suspected_opacity_377.jpg
358,data/brutes_kaggle/ABNORMAL-LUNG_00358_suspected_opacity_378.jpg,fkarimovv/abnormal-lung,suspected_opacity,external,Importé depuis ABNORMAL-LUNG_00358_suspected_opacity_378.jpg
359,data/brutes_kaggle/ABNORMAL-LUNG_00359_suspected_opacity_379.jpg,fkarimovv/abnormal-lung,suspected_opacity,external,Importé depuis ABNORMAL-LUNG_00359_suspected_opacity_379.jpg
360,data/brutes_kaggle/ABNORMAL-LUNG_00360_suspected_opacity_380.jpg,fkarimovv/abnormal-lung,suspected_opacity,external,Importé depuis ABNORMAL-LUNG_00360_suspected_opacity_380.jpg
361,data/brutes_kaggle/ABNORMAL-LUNG_00361_suspected_opacity_381.jpg,fkarimovv/abnormal-lung,suspected_opacity,external,Importé depuis ABNORMAL-LUNG_00361_suspected_opacity_381.jpg
362,data/brutes_kaggle/ABNORMAL-LUNG_00362_suspected_opacity_382.jpg,fkarimovv/abnormal-lung,suspected_opacity,external,Importé depuis ABNORMAL-LUNG_00362_suspected_opacity_382.jpg
363,data/brutes_kaggle/ABNORMAL-LUNG_00363_suspected_opacity_383.jpg,fkarimovv/abnormal-lung,suspected_opacity,external,Importé depuis ABNORMAL-LUNG_00363_suspected_opacity_383.jpg
364,data/brutes_kaggle/ABNORMAL-LUNG_00364_suspected_opacity_384.jpg,fkarimovv/abnormal-lung,suspected_opacity,external,Importé depuis ABNORMAL-LUNG_00364_suspected_opacity_384.jpg
365,data/brutes_kaggle/ABNORMAL-LUNG_00365_suspected_opacity_385.jpg,fkarimovv/abnormal-lung,suspected_opacity,external,Importé depuis ABNORMAL-LUNG_00365_suspected_opacity_385.jpg
366,data/brutes_kaggle/ABNORMAL-LUNG_00366_suspected_opacity_387.jpg,fkarimovv/abnormal-lung,suspected_opacity,external,Importé depuis ABNORMAL-LUNG_00366_suspected_opacity_387.jpg
367,data/brutes_kaggle/ABNORMAL-LUNG_00367_suspected_opacity_389.jpg,fkarimovv/abnormal-lung,suspected_opacity,external,Importé depuis ABNORMAL-LUNG_00367_suspected_opacity_389.jpg
368,data/brutes_kaggle/ABNORMAL-LUNG_00368_suspected_opacity_391.jpg,fkarimovv/abnormal-lung,suspected_opacity,external,Importé depuis ABNORMAL-LUNG_00368_suspected_opacity_391.jpg
369,data/brutes_kaggle/ABNORMAL-LUNG_00369_suspected_opacity_392.jpg,fkarimovv/abnormal-lung,suspected_opacity,external,Importé depuis ABNORMAL-LUNG_00369_suspected_opacity_392.jpg
370,data/brutes_kaggle/ABNORMAL-LUNG_00370_suspected_opacity_394.jpg,fkarimovv/abnormal-lung,suspected_opacity,external,Importé depuis ABNORMAL-LUNG_00370_suspected_opacity_394.jpg
371,data/brutes_kaggle/ABNORMAL-LUNG_00371_suspected_opacity_395.jpg,fkarimovv/abnormal-lung,suspected_opacity,external,Importé depuis ABNORMAL-LUNG_00371_suspected_opacity_395.jpg
372,data/brutes_kaggle/ABNORMAL-LUNG_00372_suspected_opacity_396.jpg,fkarimovv/abnormal-lung,suspected_opacity,external,Importé depuis ABNORMAL-LUNG_00372_suspected_opacity_396.jpg
373,data/brutes_kaggle/ABNORMAL-LUNG_00373_suspected_opacity_397.jpg,fkarimovv/abnormal-lung,suspected_opacity,external,Importé depuis ABNORMAL-LUNG_00373_suspected_opacity_397.jpg
374,data/brutes_kaggle/ABNORMAL-LUNG_00374_suspected_opacity_398.jpg,fkarimovv/abnormal-lung,suspected_opacity,external,Importé depuis ABNORMAL-LUNG_00374_suspected_opacity_398.jpg
375,data/brutes_kaggle/ABNORMAL-LUNG_00375_suspected_opacity_399.jpg,fkarimovv/abnormal-lung,suspected_opacity,external,Importé depuis ABNORMAL-LUNG_00375_suspected_opacity_399.jpg
376,data/brutes_kaggle/ABNORMAL-LUNG_00376_suspected_opacity_400.jpg,fkarimovv/abnormal-lung,suspected_opacity,external,Importé depuis ABNORMAL-LUNG_00376_suspected_opacity_400.jpg
377,data/brutes_kaggle/ABNORMAL-LUNG_00377_suspected_opacity_401.jpg,fkarimovv/abnormal-lung,suspected_opacity,external,Importé depuis ABNORMAL-LUNG_00377_suspected_opacity_401.jpg
378,data/brutes_kaggle/ABNORMAL-LUNG_00378_suspected_opacity_402.jpg,fkarimovv/abnormal-lung,suspected_opacity,external,Importé depuis ABNORMAL-LUNG_00378_suspected_opacity_402.jpg
379,data/brutes_kaggle/ABNORMAL-LUNG_00379_suspected_opacity_403.jpg,fkarimovv/abnormal-lung,suspected_opacity,external,Importé depuis ABNORMAL-LUNG_00379_suspected_opacity_403.jpg
380,data/brutes_kaggle/ABNORMAL-LUNG_00380_suspected_opacity_404.jpg,fkarimovv/abnormal-lung,suspected_opacity,external,Importé depuis ABNORMAL-LUNG_00380_suspected_opacity_404.jpg
381,data/brutes_kaggle/ABNORMAL-LUNG_00381_suspected_opacity_405.jpg,fkarimovv/abnormal-lung,suspected_opacity,external,Importé depuis ABNORMAL-LUNG_00381_suspected_opacity_405.jpg
382,data/brutes_kaggle/ABNORMAL-LUNG_00382_suspected_opacity_407.jpg,fkarimovv/abnormal-lung,suspected_opacity,external,Importé depuis ABNORMAL-LUNG_00382_suspected_opacity_407.jpg
383,data/brutes_kaggle/ABNORMAL-LUNG_00383_suspected_opacity_408.jpg,fkarimovv/abnormal-lung,suspected_opacity,external,Importé depuis ABNORMAL-LUNG_00383_suspected_opacity_408.jpg
384,data/brutes_kaggle/ABNORMAL-LUNG_00384_suspected_opacity_409.jpg,fkarimovv/abnormal-lung,suspected_opacity,external,Importé depuis ABNORMAL-LUNG_00384_suspected_opacity_409.jpg
385,data/brutes_kaggle/ABNORMAL-LUNG_00385_suspected_opacity_410.jpg,fkarimovv/abnormal-lung,suspected_opacity,external,Importé depuis ABNORMAL-LUNG_00385_suspected_opacity_410.jpg
386,data/brutes_kaggle/ABNORMAL-LUNG_00386_suspected_opacity_411.jpg,fkarimovv/abnormal-lung,suspected_opacity,external,Importé depuis ABNORMAL-LUNG_00386_suspected_opacity_411.jpg
387,data/brutes_kaggle/ABNORMAL-LUNG_00387_suspected_opacity_412.jpg,fkarimovv/abnormal-lung,suspected_opacity,external,Importé depuis ABNORMAL-LUNG_00387_suspected_opacity_412.jpg
388,data/brutes_kaggle/ABNORMAL-LUNG_00388_suspected_opacity_413.jpg,fkarimovv/abnormal-lung,suspected_opacity,external,Importé depuis ABNORMAL-LUNG_00388_suspected_opacity_413.jpg
389,data/brutes_kaggle/ABNORMAL-LUNG_00389_suspected_opacity_414.jpg,fkarimovv/abnormal-lung,suspected_opacity,external,Importé depuis ABNORMAL-LUNG_00389_suspected_opacity_414.jpg
390,data/brutes_kaggle/ABNORMAL-LUNG_00390_suspected_opacity_415.jpg,fkarimovv/abnormal-lung,suspected_opacity,external,Importé depuis ABNORMAL-LUNG_00390_suspected_opacity_415.jpg
391,data/brutes_kaggle/ABNORMAL-LUNG_00391_suspected_opacity_416.jpg,fkarimovv/abnormal-lung,suspected_opacity,external,Importé depuis ABNORMAL-LUNG_00391_suspected_opacity_416.jpg
392,data/brutes_kaggle/ABNORMAL-LUNG_00392_suspected_opacity_417.jpg,fkarimovv/abnormal-lung,suspected_opacity,external,Importé depuis ABNORMAL-LUNG_00392_suspected_opacity_417.jpg
393,data/brutes_kaggle/ABNORMAL-LUNG_00393_suspected_opacity_418.jpg,fkarimovv/abnormal-lung,suspected_opacity,external,Importé depuis ABNORMAL-LUNG_00393_suspected_opacity_418.jpg
394,data/brutes_kaggle/ABNORMAL-LUNG_00394_suspected_opacity_419.jpg,fkarimovv/abnormal-lung,suspected_opacity,external,Importé depuis ABNORMAL-LUNG_00394_suspected_opacity_419.jpg
395,data/brutes_kaggle/ABNORMAL-LUNG_00395_suspected_opacity_420.jpg,fkarimovv/abnormal-lung,suspected_opacity,external,Importé depuis ABNORMAL-LUNG_00395_suspected_opacity_420.jpg
396,data/brutes_kaggle/ABNORMAL-LUNG_00396_suspected_opacity_421.jpg,fkarimovv/abnormal-lung,suspected_opacity,external,Importé depuis ABNORMAL-LUNG_00396_suspected_opacity_421.jpg
397,data/brutes_kaggle/ABNORMAL-LUNG_00397_suspected_opacity_423.jpg,fkarimovv/abnormal-lung,suspected_opacity,external,Importé depuis ABNORMAL-LUNG_00397_suspected_opacity_423.jpg
398,data/brutes_kaggle/ABNORMAL-LUNG_00398_suspected_opacity_424.jpg,fkarimovv/abnormal-lung,suspected_opacity,external,Importé depuis ABNORMAL-LUNG_00398_suspected_opacity_424.jpg
399,data/brutes_kaggle/ABNORMAL-LUNG_00399_suspected_opacity_425.jpg,fkarimovv/abnormal-lung,suspected_opacity,external,Importé depuis ABNORMAL-LUNG_00399_suspected_opacity_425.jpg
400,data/brutes_kaggle/ABNORMAL-LUNG_00400_suspected_opacity_426.jpg,fkarimovv/abnormal-lung,suspected_opacity,external,Importé depuis ABNORMAL-LUNG_00400_suspected_opacity_426.jpg
401,data/brutes_kaggle/ABNORMAL-LUNG_00401_suspected_opacity_427.jpg,fkarimovv/abnormal-lung,suspected_opacity,external,Importé depuis ABNORMAL-LUNG_00401_suspected_opacity_427.jpg
402,data/brutes_kaggle/ABNORMAL-LUNG_00402_suspected_opacity_428.jpg,fkarimovv/abnormal-lung,suspected_opacity,external,Importé depuis ABNORMAL-LUNG_00402_suspected_opacity_428.jpg
403,data/brutes_kaggle/ABNORMAL-LUNG_00403_suspected_opacity_429.jpg,fkarimovv/abnormal-lung,suspected_opacity,external,Importé depuis ABNORMAL-LUNG_00403_suspected_opacity_429.jpg
404,data/brutes_kaggle/ABNORMAL-LUNG_00404_suspected_opacity_445.jpg,fkarimovv/abnormal-lung,suspected_opacity,external,Importé depuis ABNORMAL-LUNG_00404_suspected_opacity_445.jpg
405,data/brutes_kaggle/ABNORMAL-LUNG_00405_suspected_opacity_448.jpg,fkarimovv/abnormal-lung,suspected_opacity,external,Importé depuis ABNORMAL-LUNG_00405_suspected_opacity_448.jpg
406,data/brutes_kaggle/ABNORMAL-LUNG_00406_suspected_opacity_457.jpg,fkarimovv/abnormal-lung,suspected_opacity,external,Importé depuis ABNORMAL-LUNG_00406_suspected_opacity_457.jpg
407,data/brutes_kaggle/ABNORMAL-LUNG_00407_suspected_opacity_459.jpg,fkarimovv/abnormal-lung,suspected_opacity,external,Importé depuis ABNORMAL-LUNG_00407_suspected_opacity_459.jpg
408,data/brutes_kaggle/ABNORMAL-LUNG_00408_suspected_opacity_460.jpg,fkarimovv/abnormal-lung,suspected_opacity,external,Importé depuis ABNORMAL-LUNG_00408_suspected_opacity_460.jpg
409,data/brutes_kaggle/ABNORMAL-LUNG_00409_suspected_opacity_472.jpg,fkarimovv/abnormal-lung,suspected_opacity,external,Importé depuis ABNORMAL-LUNG_00409_suspected_opacity_472.jpg
410,data/brutes_kaggle/ABNORMAL-LUNG_00410_suspected_opacity_482.jpg,fkarimovv/abnormal-lung,suspected_opacity,external,Importé depuis ABNORMAL-LUNG_00410_suspected_opacity_482.jpg
411,data/brutes_kaggle/ABNORMAL-LUNG_00411_suspected_opacity_489.jpg,fkarimovv/abnormal-lung,suspected_opacity,external,Importé depuis ABNORMAL-LUNG_00411_suspected_opacity_489.jpg
412,data/brutes_kaggle/ABNORMAL-LUNG_00412_suspected_opacity_496.jpg,fkarimovv/abnormal-lung,suspected_opacity,external,Importé depuis ABNORMAL-LUNG_00412_suspected_opacity_496.jpg
413,data/brutes_kaggle/ABNORMAL-LUNG_00413_suspected_opacity_530.jpg,fkarimovv/abnormal-lung,suspected_opacity,external,Importé depuis ABNORMAL-LUNG_00413_suspected_opacity_530.jpg
414,data/brutes_kaggle/ABNORMAL-LUNG_00414_suspected_opacity_534.jpg,fkarimovv/abnormal-lung,suspected_opacity,external,Importé depuis ABNORMAL-LUNG_00414_suspected_opacity_534.jpg
415,data/brutes_kaggle/ABNORMAL-LUNG_00415_suspected_opacity_537.jpg,fkarimovv/abnormal-lung,suspected_opacity,external,Importé depuis ABNORMAL-LUNG_00415_suspected_opacity_537.jpg
416,data/brutes_kaggle/ABNORMAL-LUNG_00416_suspected_opacity_539.jpg,fkarimovv/abnormal-lung,suspected_opacity,external,Importé depuis ABNORMAL-LUNG_00416_suspected_opacity_539.jpg
417,data/brutes_kaggle/ABNORMAL-LUNG_00417_suspected_opacity_542.jpg,fkarimovv/abnormal-lung,suspected_opacity,external,Importé depuis ABNORMAL-LUNG_00417_suspected_opacity_542.jpg
418,data/brutes_kaggle/ABNORMAL-LUNG_00418_suspected_opacity_563.jpg,fkarimovv/abnormal-lung,suspected_opacity,external,Importé depuis ABNORMAL-LUNG_00418_suspected_opacity_563.jpg
419,data/brutes_kaggle/ABNORMAL-LUNG_00419_suspected_opacity_566.jpg,fkarimovv/abnormal-lung,suspected_opacity,external,Importé depuis ABNORMAL-LUNG_00419_suspected_opacity_566.jpg
420,data/brutes_kaggle/NORMAL-LUNG_00420_normal_004.jpg,fkarimovv/abnormal-lung,normal,external,Importé depuis NORMAL-LUNG_00420_normal_004.jpg
421,data/brutes_kaggle/NORMAL-LUNG_00421_normal_005.jpg,fkarimovv/abnormal-lung,normal,external,Importé depuis NORMAL-LUNG_00421_normal_005.jpg
422,data/brutes_kaggle/NORMAL-LUNG_00422_normal_008.jpg,fkarimovv/abnormal-lung,normal,external,Importé depuis NORMAL-LUNG_00422_normal_008.jpg
423,data/brutes_kaggle/NORMAL-LUNG_00423_normal_010.jpg,fkarimovv/abnormal-lung,normal,external,Importé depuis NORMAL-LUNG_00423_normal_010.jpg
424,data/brutes_kaggle/NORMAL-LUNG_00424_normal_011.jpg,fkarimovv/abnormal-lung,normal,external,Importé depuis NORMAL-LUNG_00424_normal_011.jpg
425,data/brutes_kaggle/NORMAL-LUNG_00425_normal_012.jpg,fkarimovv/abnormal-lung,normal,external,Importé depuis NORMAL-LUNG_00425_normal_012.jpg
426,data/brutes_kaggle/NORMAL-LUNG_00426_normal_013.jpg,fkarimovv/abnormal-lung,normal,external,Importé depuis NORMAL-LUNG_00426_normal_013.jpg
427,data/brutes_kaggle/NORMAL-LUNG_00427_normal_014.jpg,fkarimovv/abnormal-lung,normal,external,Importé depuis NORMAL-LUNG_00427_normal_014.jpg
428,data/brutes_kaggle/NORMAL-LUNG_00428_normal_015.jpg,fkarimovv/abnormal-lung,normal,external,Importé depuis NORMAL-LUNG_00428_normal_015.jpg
429,data/brutes_kaggle/NORMAL-LUNG_00429_normal_016.jpg,fkarimovv/abnormal-lung,normal,external,Importé depuis NORMAL-LUNG_00429_normal_016.jpg
430,data/brutes_kaggle/NORMAL-LUNG_00430_normal_017.jpg,fkarimovv/abnormal-lung,normal,external,Importé depuis NORMAL-LUNG_00430_normal_017.jpg
431,data/brutes_kaggle/NORMAL-LUNG_00431_normal_018.jpg,fkarimovv/abnormal-lung,normal,external,Importé depuis NORMAL-LUNG_00431_normal_018.jpg
432,data/brutes_kaggle/NORMAL-LUNG_00432_normal_020.jpg,fkarimovv/abnormal-lung,normal,external,Importé depuis NORMAL-LUNG_00432_normal_020.jpg
433,data/brutes_kaggle/NORMAL-LUNG_00433_normal_021.jpg,fkarimovv/abnormal-lung,normal,external,Importé depuis NORMAL-LUNG_00433_normal_021.jpg
434,data/brutes_kaggle/NORMAL-LUNG_00434_normal_023.jpg,fkarimovv/abnormal-lung,normal,external,Importé depuis NORMAL-LUNG_00434_normal_023.jpg
435,data/brutes_kaggle/NORMAL-LUNG_00435_normal_024.jpg,fkarimovv/abnormal-lung,normal,external,Importé depuis NORMAL-LUNG_00435_normal_024.jpg
436,data/brutes_kaggle/NORMAL-LUNG_00436_normal_025.jpg,fkarimovv/abnormal-lung,normal,external,Importé depuis NORMAL-LUNG_00436_normal_025.jpg
437,data/brutes_kaggle/NORMAL-LUNG_00437_normal_027.jpg,fkarimovv/abnormal-lung,normal,external,Importé depuis NORMAL-LUNG_00437_normal_027.jpg
438,data/brutes_kaggle/NORMAL-LUNG_00438_normal_028.jpg,fkarimovv/abnormal-lung,normal,external,Importé depuis NORMAL-LUNG_00438_normal_028.jpg
439,data/brutes_kaggle/NORMAL-LUNG_00439_normal_029.jpg,fkarimovv/abnormal-lung,normal,external,Importé depuis NORMAL-LUNG_00439_normal_029.jpg
440,data/brutes_kaggle/NORMAL-LUNG_00440_normal_030.jpg,fkarimovv/abnormal-lung,normal,external,Importé depuis NORMAL-LUNG_00440_normal_030.jpg
441,data/brutes_kaggle/NORMAL-LUNG_00441_normal_031.jpg,fkarimovv/abnormal-lung,normal,external,Importé depuis NORMAL-LUNG_00441_normal_031.jpg
442,data/brutes_kaggle/NORMAL-LUNG_00442_normal_033.jpg,fkarimovv/abnormal-lung,normal,external,Importé depuis NORMAL-LUNG_00442_normal_033.jpg
443,data/brutes_kaggle/NORMAL-LUNG_00443_normal_034.jpg,fkarimovv/abnormal-lung,normal,external,Importé depuis NORMAL-LUNG_00443_normal_034.jpg
444,data/brutes_kaggle/NORMAL-LUNG_00444_normal_035.jpg,fkarimovv/abnormal-lung,normal,external,Importé depuis NORMAL-LUNG_00444_normal_035.jpg
445,data/brutes_kaggle/NORMAL-LUNG_00445_normal_036.jpg,fkarimovv/abnormal-lung,normal,external,Importé depuis NORMAL-LUNG_00445_normal_036.jpg
446,data/brutes_kaggle/NORMAL-LUNG_00446_normal_037.jpg,fkarimovv/abnormal-lung,normal,external,Importé depuis NORMAL-LUNG_00446_normal_037.jpg
447,data/brutes_kaggle/NORMAL-LUNG_00447_normal_039.jpg,fkarimovv/abnormal-lung,normal,external,Importé depuis NORMAL-LUNG_00447_normal_039.jpg
448,data/brutes_kaggle/NORMAL-LUNG_00448_normal_040.jpg,fkarimovv/abnormal-lung,normal,external,Importé depuis NORMAL-LUNG_00448_normal_040.jpg
449,data/brutes_kaggle/NORMAL-LUNG_00449_normal_041.jpg,fkarimovv/abnormal-lung,normal,external,Importé depuis NORMAL-LUNG_00449_normal_041.jpg
450,data/brutes_kaggle/NORMAL-LUNG_00450_normal_042.jpg,fkarimovv/abnormal-lung,normal,external,Importé depuis NORMAL-LUNG_00450_normal_042.jpg
451,data/brutes_kaggle/NORMAL-LUNG_00451_normal_043.jpg,fkarimovv/abnormal-lung,normal,external,Importé depuis NORMAL-LUNG_00451_normal_043.jpg
452,data/brutes_kaggle/NORMAL-LUNG_00452_normal_044.jpg,fkarimovv/abnormal-lung,normal,external,Importé depuis NORMAL-LUNG_00452_normal_044.jpg
453,data/brutes_kaggle/NORMAL-LUNG_00453_normal_045.jpg,fkarimovv/abnormal-lung,normal,external,Importé depuis NORMAL-LUNG_00453_normal_045.jpg
454,data/brutes_kaggle/NORMAL-LUNG_00454_normal_046.jpg,fkarimovv/abnormal-lung,normal,external,Importé depuis NORMAL-LUNG_00454_normal_046.jpg
455,data/brutes_kaggle/NORMAL-LUNG_00455_normal_047.jpg,fkarimovv/abnormal-lung,normal,external,Importé depuis NORMAL-LUNG_00455_normal_047.jpg
456,data/brutes_kaggle/NORMAL-LUNG_00456_normal_049.jpg,fkarimovv/abnormal-lung,normal,external,Importé depuis NORMAL-LUNG_00456_normal_049.jpg
457,data/brutes_kaggle/NORMAL-LUNG_00457_normal_050.jpg,fkarimovv/abnormal-lung,normal,external,Importé depuis NORMAL-LUNG_00457_normal_050.jpg
458,data/brutes_kaggle/NORMAL-LUNG_00458_normal_051.jpg,fkarimovv/abnormal-lung,normal,external,Importé depuis NORMAL-LUNG_00458_normal_051.jpg
459,data/brutes_kaggle/NORMAL-LUNG_00459_normal_052.jpg,fkarimovv/abnormal-lung,normal,external,Importé depuis NORMAL-LUNG_00459_normal_052.jpg
460,data/brutes_kaggle/NORMAL-LUNG_00460_normal_053.jpg,fkarimovv/abnormal-lung,normal,external,Importé depuis NORMAL-LUNG_00460_normal_053.jpg
461,data/brutes_kaggle/NORMAL-LUNG_00461_normal_054.jpg,fkarimovv/abnormal-lung,normal,external,Importé depuis NORMAL-LUNG_00461_normal_054.jpg
462,data/brutes_kaggle/NORMAL-LUNG_00462_normal_055.jpg,fkarimovv/abnormal-lung,normal,external,Importé depuis NORMAL-LUNG_00462_normal_055.jpg
463,data/brutes_kaggle/NORMAL-LUNG_00463_normal_056.jpg,fkarimovv/abnormal-lung,normal,external,Importé depuis NORMAL-LUNG_00463_normal_056.jpg
464,data/brutes_kaggle/NORMAL-LUNG_00464_normal_058.jpg,fkarimovv/abnormal-lung,normal,external,Importé depuis NORMAL-LUNG_00464_normal_058.jpg
465,data/brutes_kaggle/NORMAL-LUNG_00465_normal_059.jpg,fkarimovv/abnormal-lung,normal,external,Importé depuis NORMAL-LUNG_00465_normal_059.jpg
466,data/brutes_kaggle/NORMAL-LUNG_00466_normal_060.jpg,fkarimovv/abnormal-lung,normal,external,Importé depuis NORMAL-LUNG_00466_normal_060.jpg
467,data/brutes_kaggle/NORMAL-LUNG_00467_normal_061.jpg,fkarimovv/abnormal-lung,normal,external,Importé depuis NORMAL-LUNG_00467_normal_061.jpg
468,data/brutes_kaggle/NORMAL-LUNG_00468_normal_062.jpg,fkarimovv/abnormal-lung,normal,external,Importé depuis NORMAL-LUNG_00468_normal_062.jpg
469,data/brutes_kaggle/NORMAL-LUNG_00469_normal_063.jpg,fkarimovv/abnormal-lung,normal,external,Importé depuis NORMAL-LUNG_00469_normal_063.jpg
470,data/brutes_kaggle/NORMAL-LUNG_00470_normal_064.jpg,fkarimovv/abnormal-lung,normal,external,Importé depuis NORMAL-LUNG_00470_normal_064.jpg
471,data/brutes_kaggle/NORMAL-LUNG_00471_normal_065.jpg,fkarimovv/abnormal-lung,normal,external,Importé depuis NORMAL-LUNG_00471_normal_065.jpg
472,data/brutes_kaggle/NORMAL-LUNG_00472_normal_066.jpg,fkarimovv/abnormal-lung,normal,external,Importé depuis NORMAL-LUNG_00472_normal_066.jpg
473,data/brutes_kaggle/NORMAL-LUNG_00473_normal_067.jpg,fkarimovv/abnormal-lung,normal,external,Importé depuis NORMAL-LUNG_00473_normal_067.jpg
474,data/brutes_kaggle/NORMAL-LUNG_00474_normal_069.jpg,fkarimovv/abnormal-lung,normal,external,Importé depuis NORMAL-LUNG_00474_normal_069.jpg
475,data/brutes_kaggle/NORMAL-LUNG_00475_normal_071.jpg,fkarimovv/abnormal-lung,normal,external,Importé depuis NORMAL-LUNG_00475_normal_071.jpg
476,data/brutes_kaggle/NORMAL-LUNG_00476_normal_072.jpg,fkarimovv/abnormal-lung,normal,external,Importé depuis NORMAL-LUNG_00476_normal_072.jpg
477,data/brutes_kaggle/NORMAL-LUNG_00477_normal_074.jpg,fkarimovv/abnormal-lung,normal,external,Importé depuis NORMAL-LUNG_00477_normal_074.jpg
478,data/brutes_kaggle/NORMAL-LUNG_00478_normal_075.jpg,fkarimovv/abnormal-lung,normal,external,Importé depuis NORMAL-LUNG_00478_normal_075.jpg
479,data/brutes_kaggle/NORMAL-LUNG_00479_normal_076.jpg,fkarimovv/abnormal-lung,normal,external,Importé depuis NORMAL-LUNG_00479_normal_076.jpg
480,data/brutes_kaggle/NORMAL-LUNG_00480_normal_077.jpg,fkarimovv/abnormal-lung,normal,external,Importé depuis NORMAL-LUNG_00480_normal_077.jpg
481,data/brutes_kaggle/NORMAL-LUNG_00481_normal_079.jpg,fkarimovv/abnormal-lung,normal,external,Importé depuis NORMAL-LUNG_00481_normal_079.jpg
482,data/brutes_kaggle/NORMAL-LUNG_00482_normal_080.jpg,fkarimovv/abnormal-lung,normal,external,Importé depuis NORMAL-LUNG_00482_normal_080.jpg
483,data/brutes_kaggle/NORMAL-LUNG_00483_normal_081.jpg,fkarimovv/abnormal-lung,normal,external,Importé depuis NORMAL-LUNG_00483_normal_081.jpg
484,data/brutes_kaggle/NORMAL-LUNG_00484_normal_082.jpg,fkarimovv/abnormal-lung,normal,external,Importé depuis NORMAL-LUNG_00484_normal_082.jpg
485,data/brutes_kaggle/NORMAL-LUNG_00485_normal_083.jpg,fkarimovv/abnormal-lung,normal,external,Importé depuis NORMAL-LUNG_00485_normal_083.jpg
486,data/brutes_kaggle/NORMAL-LUNG_00486_normal_084.jpg,fkarimovv/abnormal-lung,normal,external,Importé depuis NORMAL-LUNG_00486_normal_084.jpg
487,data/brutes_kaggle/NORMAL-LUNG_00487_normal_085.jpg,fkarimovv/abnormal-lung,normal,external,Importé depuis NORMAL-LUNG_00487_normal_085.jpg
488,data/brutes_kaggle/NORMAL-LUNG_00488_normal_088.jpg,fkarimovv/abnormal-lung,normal,external,Importé depuis NORMAL-LUNG_00488_normal_088.jpg
489,data/brutes_kaggle/NORMAL-LUNG_00489_normal_089.jpg,fkarimovv/abnormal-lung,normal,external,Importé depuis NORMAL-LUNG_00489_normal_089.jpg
490,data/brutes_kaggle/NORMAL-LUNG_00490_normal_091.jpg,fkarimovv/abnormal-lung,normal,external,Importé depuis NORMAL-LUNG_00490_normal_091.jpg
491,data/brutes_kaggle/NORMAL-LUNG_00491_normal_092.jpg,fkarimovv/abnormal-lung,normal,external,Importé depuis NORMAL-LUNG_00491_normal_092.jpg
492,data/brutes_kaggle/NORMAL-LUNG_00492_normal_093.jpg,fkarimovv/abnormal-lung,normal,external,Importé depuis NORMAL-LUNG_00492_normal_093.jpg
493,data/brutes_kaggle/NORMAL-LUNG_00493_normal_094.jpg,fkarimovv/abnormal-lung,normal,external,Importé depuis NORMAL-LUNG_00493_normal_094.jpg
494,data/brutes_kaggle/NORMAL-LUNG_00494_normal_096.jpg,fkarimovv/abnormal-lung,normal,external,Importé depuis NORMAL-LUNG_00494_normal_096.jpg
495,data/brutes_kaggle/NORMAL-LUNG_00495_normal_097.jpg,fkarimovv/abnormal-lung,normal,external,Importé depuis NORMAL-LUNG_00495_normal_097.jpg
496,data/brutes_kaggle/NORMAL-LUNG_00496_normal_101.jpg,fkarimovv/abnormal-lung,normal,external,Importé depuis NORMAL-LUNG_00496_normal_101.jpg
497,data/brutes_kaggle/NORMAL-LUNG_00497_normal_102.jpg,fkarimovv/abnormal-lung,normal,external,Importé depuis NORMAL-LUNG_00497_normal_102.jpg
498,data/brutes_kaggle/NORMAL-LUNG_00498_normal_103.jpg,fkarimovv/abnormal-lung,normal,external,Importé depuis NORMAL-LUNG_00498_normal_103.jpg
499,data/brutes_kaggle/NORMAL-LUNG_00499_normal_104.jpg,fkarimovv/abnormal-lung,normal,external,Importé depuis NORMAL-LUNG_00499_normal_104.jpg
500,data/brutes_kaggle/NORMAL-LUNG_00500_normal_105.jpg,fkarimovv/abnormal-lung,normal,external,Importé depuis NORMAL-LUNG_00500_normal_105.jpg
501,data/brutes_kaggle/NORMAL-LUNG_00501_normal_106.jpg,fkarimovv/abnormal-lung,normal,external,Importé depuis NORMAL-LUNG_00501_normal_106.jpg
502,data/brutes_kaggle/NORMAL-LUNG_00502_normal_107.jpg,fkarimovv/abnormal-lung,normal,external,Importé depuis NORMAL-LUNG_00502_normal_107.jpg
503,data/brutes_kaggle/NORMAL-LUNG_00503_normal_108.jpg,fkarimovv/abnormal-lung,normal,external,Importé depuis NORMAL-LUNG_00503_normal_108.jpg
504,data/brutes_kaggle/NORMAL-LUNG_00504_normal_109.jpg,fkarimovv/abnormal-lung,normal,external,Importé depuis NORMAL-LUNG_00504_normal_109.jpg
505,data/brutes_kaggle/NORMAL-LUNG_00505_normal_110.jpg,fkarimovv/abnormal-lung,normal,external,Importé depuis NORMAL-LUNG_00505_normal_110.jpg
506,data/brutes_kaggle/NORMAL-LUNG_00506_normal_111.jpg,fkarimovv/abnormal-lung,normal,external,Importé depuis NORMAL-LUNG_00506_normal_111.jpg
507,data/brutes_kaggle/NORMAL-LUNG_00507_normal_112.jpg,fkarimovv/abnormal-lung,normal,external,Importé depuis NORMAL-LUNG_00507_normal_112.jpg
508,data/brutes_kaggle/NORMAL-LUNG_00508_normal_113.jpg,fkarimovv/abnormal-lung,normal,external,Importé depuis NORMAL-LUNG_00508_normal_113.jpg
509,data/brutes_kaggle/NORMAL-LUNG_00509_normal_114.jpg,fkarimovv/abnormal-lung,normal,external,Importé depuis NORMAL-LUNG_00509_normal_114.jpg
510,data/brutes_kaggle/NORMAL-LUNG_00510_normal_115.jpg,fkarimovv/abnormal-lung,normal,external,Importé depuis NORMAL-LUNG_00510_normal_115.jpg
511,data/brutes_kaggle/NORMAL-LUNG_00511_normal_116.jpg,fkarimovv/abnormal-lung,normal,external,Importé depuis NORMAL-LUNG_00511_normal_116.jpg
512,data/brutes_kaggle/NORMAL-LUNG_00512_normal_118.jpg,fkarimovv/abnormal-lung,normal,external,Importé depuis NORMAL-LUNG_00512_normal_118.jpg
513,data/brutes_kaggle/NORMAL-LUNG_00513_normal_119.jpg,fkarimovv/abnormal-lung,normal,external,Importé depuis NORMAL-LUNG_00513_normal_119.jpg
514,data/brutes_kaggle/NORMAL-LUNG_00514_normal_120.jpg,fkarimovv/abnormal-lung,normal,external,Importé depuis NORMAL-LUNG_00514_normal_120.jpg
515,data/brutes_kaggle/NORMAL-LUNG_00515_normal_121.jpg,fkarimovv/abnormal-lung,normal,external,Importé depuis NORMAL-LUNG_00515_normal_121.jpg
516,data/brutes_kaggle/NORMAL-LUNG_00516_normal_122.jpg,fkarimovv/abnormal-lung,normal,external,Importé depuis NORMAL-LUNG_00516_normal_122.jpg
517,data/brutes_kaggle/NORMAL-LUNG_00517_normal_123.jpg,fkarimovv/abnormal-lung,normal,external,Importé depuis NORMAL-LUNG_00517_normal_123.jpg
518,data/brutes_kaggle/NORMAL-LUNG_00518_normal_124.jpg,fkarimovv/abnormal-lung,normal,external,Importé depuis NORMAL-LUNG_00518_normal_124.jpg
519,data/brutes_kaggle/NORMAL-LUNG_00519_normal_125.jpg,fkarimovv/abnormal-lung,normal,external,Importé depuis NORMAL-LUNG_00519_normal_125.jpg
520,data/brutes_kaggle/NORMAL-LUNG_00520_normal_126.jpg,fkarimovv/abnormal-lung,normal,external,Importé depuis NORMAL-LUNG_00520_normal_126.jpg
521,data/brutes_kaggle/NORMAL-LUNG_00521_normal_127.jpg,fkarimovv/abnormal-lung,normal,external,Importé depuis NORMAL-LUNG_00521_normal_127.jpg
522,data/brutes_kaggle/NORMAL-LUNG_00522_normal_128.jpg,fkarimovv/abnormal-lung,normal,external,Importé depuis NORMAL-LUNG_00522_normal_128.jpg
523,data/brutes_kaggle/NORMAL-LUNG_00523_normal_129.jpg,fkarimovv/abnormal-lung,normal,external,Importé depuis NORMAL-LUNG_00523_normal_129.jpg
524,data/brutes_kaggle/NORMAL-LUNG_00524_normal_130.jpg,fkarimovv/abnormal-lung,normal,external,Importé depuis NORMAL-LUNG_00524_normal_130.jpg
525,data/brutes_kaggle/NORMAL-LUNG_00525_normal_131.jpg,fkarimovv/abnormal-lung,normal,external,Importé depuis NORMAL-LUNG_00525_normal_131.jpg
526,data/brutes_kaggle/NORMAL-LUNG_00526_normal_132.jpg,fkarimovv/abnormal-lung,normal,external,Importé depuis NORMAL-LUNG_00526_normal_132.jpg
527,data/brutes_kaggle/NORMAL-LUNG_00527_normal_133.jpg,fkarimovv/abnormal-lung,normal,external,Importé depuis NORMAL-LUNG_00527_normal_133.jpg
528,data/brutes_kaggle/NORMAL-LUNG_00528_normal_134.jpg,fkarimovv/abnormal-lung,normal,external,Importé depuis NORMAL-LUNG_00528_normal_134.jpg
529,data/brutes_kaggle/NORMAL-LUNG_00529_normal_135.jpg,fkarimovv/abnormal-lung,normal,external,Importé depuis NORMAL-LUNG_00529_normal_135.jpg
530,data/brutes_kaggle/NORMAL-LUNG_00530_normal_137.jpg,fkarimovv/abnormal-lung,normal,external,Importé depuis NORMAL-LUNG_00530_normal_137.jpg
531,data/brutes_kaggle/NORMAL-LUNG_00531_normal_139.jpg,fkarimovv/abnormal-lung,normal,external,Importé depuis NORMAL-LUNG_00531_normal_139.jpg
532,data/brutes_kaggle/NORMAL-LUNG_00532_normal_140.jpg,fkarimovv/abnormal-lung,normal,external,Importé depuis NORMAL-LUNG_00532_normal_140.jpg
533,data/brutes_kaggle/NORMAL-LUNG_00533_normal_141.jpg,fkarimovv/abnormal-lung,normal,external,Importé depuis NORMAL-LUNG_00533_normal_141.jpg
534,data/brutes_kaggle/NORMAL-LUNG_00534_normal_142.jpg,fkarimovv/abnormal-lung,normal,external,Importé depuis NORMAL-LUNG_00534_normal_142.jpg
535,data/brutes_kaggle/NORMAL-LUNG_00535_normal_143.jpg,fkarimovv/abnormal-lung,normal,external,Importé depuis NORMAL-LUNG_00535_normal_143.jpg
536,data/brutes_kaggle/NORMAL-LUNG_00536_normal_144.jpg,fkarimovv/abnormal-lung,normal,external,Importé depuis NORMAL-LUNG_00536_normal_144.jpg
537,data/brutes_kaggle/NORMAL-LUNG_00537_normal_145.jpg,fkarimovv/abnormal-lung,normal,external,Importé depuis NORMAL-LUNG_00537_normal_145.jpg
538,data/brutes_kaggle/NORMAL-LUNG_00538_normal_146.jpg,fkarimovv/abnormal-lung,normal,external,Importé depuis NORMAL-LUNG_00538_normal_146.jpg
539,data/brutes_kaggle/NORMAL-LUNG_00539_normal_147.jpg,fkarimovv/abnormal-lung,normal,external,Importé depuis NORMAL-LUNG_00539_normal_147.jpg
540,data/brutes_kaggle/NORMAL-LUNG_00540_normal_148.jpg,fkarimovv/abnormal-lung,normal,external,Importé depuis NORMAL-LUNG_00540_normal_148.jpg
541,data/brutes_kaggle/NORMAL-LUNG_00541_normal_149.jpg,fkarimovv/abnormal-lung,normal,external,Importé depuis NORMAL-LUNG_00541_normal_149.jpg
542,data/brutes_kaggle/NORMAL-LUNG_00542_normal_150.jpg,fkarimovv/abnormal-lung,normal,external,Importé depuis NORMAL-LUNG_00542_normal_150.jpg
543,data/brutes_kaggle/NORMAL-LUNG_00543_normal_151.jpg,fkarimovv/abnormal-lung,normal,external,Importé depuis NORMAL-LUNG_00543_normal_151.jpg
544,data/brutes_kaggle/NORMAL-LUNG_00544_normal_152.jpg,fkarimovv/abnormal-lung,normal,external,Importé depuis NORMAL-LUNG_00544_normal_152.jpg
545,data/brutes_kaggle/NORMAL-LUNG_00545_normal_153.jpg,fkarimovv/abnormal-lung,normal,external,Importé depuis NORMAL-LUNG_00545_normal_153.jpg
546,data/brutes_kaggle/NORMAL-LUNG_00546_normal_154.jpg,fkarimovv/abnormal-lung,normal,external,Importé depuis NORMAL-LUNG_00546_normal_154.jpg
547,data/brutes_kaggle/NORMAL-LUNG_00547_normal_155.jpg,fkarimovv/abnormal-lung,normal,external,Importé depuis NORMAL-LUNG_00547_normal_155.jpg
548,data/brutes_kaggle/NORMAL-LUNG_00548_normal_156.jpg,fkarimovv/abnormal-lung,normal,external,Importé depuis NORMAL-LUNG_00548_normal_156.jpg
549,data/brutes_kaggle/NORMAL-LUNG_00549_normal_157.jpg,fkarimovv/abnormal-lung,normal,external,Importé depuis NORMAL-LUNG_00549_normal_157.jpg
550,data/brutes_kaggle/NORMAL-LUNG_00550_normal_158.jpg,fkarimovv/abnormal-lung,normal,external,Importé depuis NORMAL-LUNG_00550_normal_158.jpg
551,data/brutes_kaggle/NORMAL-LUNG_00551_normal_159.jpg,fkarimovv/abnormal-lung,normal,external,Importé depuis NORMAL-LUNG_00551_normal_159.jpg
552,data/brutes_kaggle/NORMAL-LUNG_00552_normal_160.jpg,fkarimovv/abnormal-lung,normal,external,Importé depuis NORMAL-LUNG_00552_normal_160.jpg
553,data/brutes_kaggle/NORMAL-LUNG_00553_normal_161.jpg,fkarimovv/abnormal-lung,normal,external,Importé depuis NORMAL-LUNG_00553_normal_161.jpg
554,data/brutes_kaggle/NORMAL-LUNG_00554_normal_162.jpg,fkarimovv/abnormal-lung,normal,external,Importé depuis NORMAL-LUNG_00554_normal_162.jpg
555,data/brutes_kaggle/NORMAL-LUNG_00555_normal_163.jpg,fkarimovv/abnormal-lung,normal,external,Importé depuis NORMAL-LUNG_00555_normal_163.jpg
556,data/brutes_kaggle/NORMAL-LUNG_00556_normal_164.jpg,fkarimovv/abnormal-lung,normal,external,Importé depuis NORMAL-LUNG_00556_normal_164.jpg
557,data/brutes_kaggle/NORMAL-LUNG_00557_normal_165.jpg,fkarimovv/abnormal-lung,normal,external,Importé depuis NORMAL-LUNG_00557_normal_165.jpg
558,data/brutes_kaggle/NORMAL-LUNG_00558_normal_166.jpg,fkarimovv/abnormal-lung,normal,external,Importé depuis NORMAL-LUNG_00558_normal_166.jpg
559,data/brutes_kaggle/NORMAL-LUNG_00559_normal_167.jpg,fkarimovv/abnormal-lung,normal,external,Importé depuis NORMAL-LUNG_00559_normal_167.jpg
560,data/brutes_kaggle/NORMAL-LUNG_00560_normal_169.jpg,fkarimovv/abnormal-lung,normal,external,Importé depuis NORMAL-LUNG_00560_normal_169.jpg
561,data/brutes_kaggle/NORMAL-LUNG_00561_normal_170.jpg,fkarimovv/abnormal-lung,normal,external,Importé depuis NORMAL-LUNG_00561_normal_170.jpg
562,data/brutes_kaggle/NORMAL-LUNG_00562_normal_171.jpg,fkarimovv/abnormal-lung,normal,external,Importé depuis NORMAL-LUNG_00562_normal_171.jpg
563,data/brutes_kaggle/NORMAL-LUNG_00563_normal_172.jpg,fkarimovv/abnormal-lung,normal,external,Importé depuis NORMAL-LUNG_00563_normal_172.jpg
564,data/brutes_kaggle/NORMAL-LUNG_00564_normal_173.jpg,fkarimovv/abnormal-lung,normal,external,Importé depuis NORMAL-LUNG_00564_normal_173.jpg
565,data/brutes_kaggle/NORMAL-LUNG_00565_normal_174.jpg,fkarimovv/abnormal-lung,normal,external,Importé depuis NORMAL-LUNG_00565_normal_174.jpg
566,data/brutes_kaggle/NORMAL-LUNG_00566_normal_175.jpg,fkarimovv/abnormal-lung,normal,external,Importé depuis NORMAL-LUNG_00566_normal_175.jpg
567,data/brutes_kaggle/NORMAL-LUNG_00567_normal_176.jpg,fkarimovv/abnormal-lung,normal,external,Importé depuis NORMAL-LUNG_00567_normal_176.jpg
568,data/brutes_kaggle/NORMAL-LUNG_00568_normal_177.jpg,fkarimovv/abnormal-lung,normal,external,Importé depuis NORMAL-LUNG_00568_normal_177.jpg
569,data/brutes_kaggle/NORMAL-LUNG_00569_normal_178.jpg,fkarimovv/abnormal-lung,normal,external,Importé depuis NORMAL-LUNG_00569_normal_178.jpg
570,data/brutes_kaggle/NORMAL-LUNG_00570_normal_180.jpg,fkarimovv/abnormal-lung,normal,external,Importé depuis NORMAL-LUNG_00570_normal_180.jpg
571,data/brutes_kaggle/NORMAL-LUNG_00571_normal_181.jpg,fkarimovv/abnormal-lung,normal,external,Importé depuis NORMAL-LUNG_00571_normal_181.jpg
572,data/brutes_kaggle/NORMAL-LUNG_00572_normal_182.jpg,fkarimovv/abnormal-lung,normal,external,Importé depuis NORMAL-LUNG_00572_normal_182.jpg
573,data/brutes_kaggle/NORMAL-LUNG_00573_normal_183.jpg,fkarimovv/abnormal-lung,normal,external,Importé depuis NORMAL-LUNG_00573_normal_183.jpg
574,data/brutes_kaggle/NORMAL-LUNG_00574_normal_184.jpg,fkarimovv/abnormal-lung,normal,external,Importé depuis NORMAL-LUNG_00574_normal_184.jpg
575,data/brutes_kaggle/NORMAL-LUNG_00575_normal_185.jpg,fkarimovv/abnormal-lung,normal,external,Importé depuis NORMAL-LUNG_00575_normal_185.jpg
576,data/brutes_kaggle/NORMAL-LUNG_00576_normal_186.jpg,fkarimovv/abnormal-lung,normal,external,Importé depuis NORMAL-LUNG_00576_normal_186.jpg
577,data/brutes_kaggle/NORMAL-LUNG_00577_normal_187.jpg,fkarimovv/abnormal-lung,normal,external,Importé depuis NORMAL-LUNG_00577_normal_187.jpg
578,data/brutes_kaggle/NORMAL-LUNG_00578_normal_189.jpg,fkarimovv/abnormal-lung,normal,external,Importé depuis NORMAL-LUNG_00578_normal_189.jpg
579,data/brutes_kaggle/NORMAL-LUNG_00579_normal_190.jpg,fkarimovv/abnormal-lung,normal,external,Importé depuis NORMAL-LUNG_00579_normal_190.jpg
580,data/brutes_kaggle/NORMAL-LUNG_00580_normal_191.jpg,fkarimovv/abnormal-lung,normal,external,Importé depuis NORMAL-LUNG_00580_normal_191.jpg
581,data/brutes_kaggle/NORMAL-LUNG_00581_normal_192.jpg,fkarimovv/abnormal-lung,normal,external,Importé depuis NORMAL-LUNG_00581_normal_192.jpg
582,data/brutes_kaggle/NORMAL-LUNG_00582_normal_193.jpg,fkarimovv/abnormal-lung,normal,external,Importé depuis NORMAL-LUNG_00582_normal_193.jpg
583,data/brutes_kaggle/NORMAL-LUNG_00583_normal_194.jpg,fkarimovv/abnormal-lung,normal,external,Importé depuis NORMAL-LUNG_00583_normal_194.jpg
584,data/brutes_kaggle/NORMAL-LUNG_00584_normal_195.jpg,fkarimovv/abnormal-lung,normal,external,Importé depuis NORMAL-LUNG_00584_normal_195.jpg
585,data/brutes_kaggle/NORMAL-LUNG_00585_normal_196.jpg,fkarimovv/abnormal-lung,normal,external,Importé depuis NORMAL-LUNG_00585_normal_196.jpg
586,data/brutes_kaggle/NORMAL-LUNG_00586_normal_197.jpg,fkarimovv/abnormal-lung,normal,external,Importé depuis NORMAL-LUNG_00586_normal_197.jpg
587,data/brutes_kaggle/NORMAL-LUNG_00587_normal_198.jpg,fkarimovv/abnormal-lung,normal,external,Importé depuis NORMAL-LUNG_00587_normal_198.jpg
588,data/brutes_kaggle/NORMAL-LUNG_00588_normal_199.jpg,fkarimovv/abnormal-lung,normal,external,Importé depuis NORMAL-LUNG_00588_normal_199.jpg
589,data/brutes_kaggle/NORMAL-LUNG_00589_normal_200.jpg,fkarimovv/abnormal-lung,normal,external,Importé depuis NORMAL-LUNG_00589_normal_200.jpg
590,data/brutes_kaggle/NORMAL-LUNG_00590_normal_201.jpg,fkarimovv/abnormal-lung,normal,external,Importé depuis NORMAL-LUNG_00590_normal_201.jpg
591,data/brutes_kaggle/NORMAL-LUNG_00591_normal_202.jpg,fkarimovv/abnormal-lung,normal,external,Importé depuis NORMAL-LUNG_00591_normal_202.jpg
592,data/brutes_kaggle/NORMAL-LUNG_00592_normal_203.jpg,fkarimovv/abnormal-lung,normal,external,Importé depuis NORMAL-LUNG_00592_normal_203.jpg
593,data/brutes_kaggle/NORMAL-LUNG_00593_normal_204.jpg,fkarimovv/abnormal-lung,normal,external,Importé depuis NORMAL-LUNG_00593_normal_204.jpg
594,data/brutes_kaggle/NORMAL-LUNG_00594_normal_205.jpg,fkarimovv/abnormal-lung,normal,external,Importé depuis NORMAL-LUNG_00594_normal_205.jpg
595,data/brutes_kaggle/NORMAL-LUNG_00595_normal_206.jpg,fkarimovv/abnormal-lung,normal,external,Importé depuis NORMAL-LUNG_00595_normal_206.jpg
596,data/brutes_kaggle/NORMAL-LUNG_00596_normal_207.jpg,fkarimovv/abnormal-lung,normal,external,Importé depuis NORMAL-LUNG_00596_normal_207.jpg
597,data/brutes_kaggle/NORMAL-LUNG_00597_normal_208.jpg,fkarimovv/abnormal-lung,normal,external,Importé depuis NORMAL-LUNG_00597_normal_208.jpg
598,data/brutes_kaggle/NORMAL-LUNG_00598_normal_209.jpg,fkarimovv/abnormal-lung,normal,external,Importé depuis NORMAL-LUNG_00598_normal_209.jpg
599,data/brutes_kaggle/NORMAL-LUNG_00599_normal_210.jpg,fkarimovv/abnormal-lung,normal,external,Importé depuis NORMAL-LUNG_00599_normal_210.jpg
600,data/brutes_kaggle/NORMAL-LUNG_00600_normal_211.jpg,fkarimovv/abnormal-lung,normal,external,Importé depuis NORMAL-LUNG_00600_normal_211.jpg
601,data/brutes_kaggle/NORMAL-LUNG_00601_normal_212.jpg,fkarimovv/abnormal-lung,normal,external,Importé depuis NORMAL-LUNG_00601_normal_212.jpg
602,data/brutes_kaggle/NORMAL-LUNG_00602_normal_213.jpg,fkarimovv/abnormal-lung,normal,external,Importé depuis NORMAL-LUNG_00602_normal_213.jpg
603,data/brutes_kaggle/NORMAL-LUNG_00603_normal_214.jpg,fkarimovv/abnormal-lung,normal,external,Importé depuis NORMAL-LUNG_00603_normal_214.jpg
604,data/brutes_kaggle/NORMAL-LUNG_00604_normal_215.jpg,fkarimovv/abnormal-lung,normal,external,Importé depuis NORMAL-LUNG_00604_normal_215.jpg
605,data/brutes_kaggle/NORMAL-LUNG_00605_normal_216.jpg,fkarimovv/abnormal-lung,normal,external,Importé depuis NORMAL-LUNG_00605_normal_216.jpg
606,data/brutes_kaggle/NORMAL-LUNG_00606_normal_217.jpg,fkarimovv/abnormal-lung,normal,external,Importé depuis NORMAL-LUNG_00606_normal_217.jpg
607,data/brutes_kaggle/NORMAL-LUNG_00607_normal_218.jpg,fkarimovv/abnormal-lung,normal,external,Importé depuis NORMAL-LUNG_00607_normal_218.jpg
608,data/brutes_kaggle/NORMAL-LUNG_00608_normal_219.jpg,fkarimovv/abnormal-lung,normal,external,Importé depuis NORMAL-LUNG_00608_normal_219.jpg
609,data/brutes_kaggle/NORMAL-LUNG_00609_normal_221.jpg,fkarimovv/abnormal-lung,normal,external,Importé depuis NORMAL-LUNG_00609_normal_221.jpg
610,data/brutes_kaggle/NORMAL-LUNG_00610_normal_222.jpg,fkarimovv/abnormal-lung,normal,external,Importé depuis NORMAL-LUNG_00610_normal_222.jpg
611,data/brutes_kaggle/NORMAL-LUNG_00611_normal_223.jpg,fkarimovv/abnormal-lung,normal,external,Importé depuis NORMAL-LUNG_00611_normal_223.jpg
612,data/brutes_kaggle/NORMAL-LUNG_00612_normal_224.jpg,fkarimovv/abnormal-lung,normal,external,Importé depuis NORMAL-LUNG_00612_normal_224.jpg
613,data/brutes_kaggle/NORMAL-LUNG_00613_normal_225.jpg,fkarimovv/abnormal-lung,normal,external,Importé depuis NORMAL-LUNG_00613_normal_225.jpg
614,data/brutes_kaggle/NORMAL-LUNG_00614_normal_226.jpg,fkarimovv/abnormal-lung,normal,external,Importé depuis NORMAL-LUNG_00614_normal_226.jpg
615,data/brutes_kaggle/NORMAL-LUNG_00615_normal_227.jpg,fkarimovv/abnormal-lung,normal,external,Importé depuis NORMAL-LUNG_00615_normal_227.jpg
616,data/brutes_kaggle/NORMAL-LUNG_00616_normal_228.jpg,fkarimovv/abnormal-lung,normal,external,Importé depuis NORMAL-LUNG_00616_normal_228.jpg
617,data/brutes_kaggle/NORMAL-LUNG_00617_normal_229.jpg,fkarimovv/abnormal-lung,normal,external,Importé depuis NORMAL-LUNG_00617_normal_229.jpg
618,data/brutes_kaggle/NORMAL-LUNG_00618_normal_230.jpg,fkarimovv/abnormal-lung,normal,external,Importé depuis NORMAL-LUNG_00618_normal_230.jpg
619,data/brutes_kaggle/NORMAL-LUNG_00619_normal_231.jpg,fkarimovv/abnormal-lung,normal,external,Importé depuis NORMAL-LUNG_00619_normal_231.jpg
620,data/brutes_kaggle/NORMAL-LUNG_00620_normal_233.jpg,fkarimovv/abnormal-lung,normal,external,Importé depuis NORMAL-LUNG_00620_normal_233.jpg
621,data/brutes_kaggle/NORMAL-LUNG_00621_normal_234.jpg,fkarimovv/abnormal-lung,normal,external,Importé depuis NORMAL-LUNG_00621_normal_234.jpg
622,data/brutes_kaggle/NORMAL-LUNG_00622_normal_235.jpg,fkarimovv/abnormal-lung,normal,external,Importé depuis NORMAL-LUNG_00622_normal_235.jpg
623,data/brutes_kaggle/NORMAL-LUNG_00623_normal_237.jpg,fkarimovv/abnormal-lung,normal,external,Importé depuis NORMAL-LUNG_00623_normal_237.jpg
624,data/brutes_kaggle/NORMAL-LUNG_00624_normal_238.jpg,fkarimovv/abnormal-lung,normal,external,Importé depuis NORMAL-LUNG_00624_normal_238.jpg
625,data/brutes_kaggle/NORMAL-LUNG_00625_normal_239.jpg,fkarimovv/abnormal-lung,normal,external,Importé depuis NORMAL-LUNG_00625_normal_239.jpg
626,data/brutes_kaggle/NORMAL-LUNG_00626_normal_240.jpg,fkarimovv/abnormal-lung,normal,external,Importé depuis NORMAL-LUNG_00626_normal_240.jpg
627,data/brutes_kaggle/NORMAL-LUNG_00627_normal_241.jpg,fkarimovv/abnormal-lung,normal,external,Importé depuis NORMAL-LUNG_00627_normal_241.jpg
628,data/brutes_kaggle/NORMAL-LUNG_00628_normal_242.jpg,fkarimovv/abnormal-lung,normal,external,Importé depuis NORMAL-LUNG_00628_normal_242.jpg
629,data/brutes_kaggle/NORMAL-LUNG_00629_normal_243.jpg,fkarimovv/abnormal-lung,normal,external,Importé depuis NORMAL-LUNG_00629_normal_243.jpg
630,data/brutes_kaggle/NORMAL-LUNG_00630_normal_244.jpg,fkarimovv/abnormal-lung,normal,external,Importé depuis NORMAL-LUNG_00630_normal_244.jpg
631,data/brutes_kaggle/NORMAL-LUNG_00631_normal_245.jpg,fkarimovv/abnormal-lung,normal,external,Importé depuis NORMAL-LUNG_00631_normal_245.jpg
632,data/brutes_kaggle/NORMAL-LUNG_00632_normal_246.jpg,fkarimovv/abnormal-lung,normal,external,Importé depuis NORMAL-LUNG_00632_normal_246.jpg
633,data/brutes_kaggle/NORMAL-LUNG_00633_normal_247.jpg,fkarimovv/abnormal-lung,normal,external,Importé depuis NORMAL-LUNG_00633_normal_247.jpg
634,data/brutes_kaggle/NORMAL-LUNG_00634_normal_248.jpg,fkarimovv/abnormal-lung,normal,external,Importé depuis NORMAL-LUNG_00634_normal_248.jpg
635,data/brutes_kaggle/NORMAL-LUNG_00635_normal_249.jpg,fkarimovv/abnormal-lung,normal,external,Importé depuis NORMAL-LUNG_00635_normal_249.jpg
636,data/brutes_kaggle/NORMAL-LUNG_00636_normal_250.jpg,fkarimovv/abnormal-lung,normal,external,Importé depuis NORMAL-LUNG_00636_normal_250.jpg
637,data/brutes_kaggle/NORMAL-LUNG_00637_normal_251.jpg,fkarimovv/abnormal-lung,normal,external,Importé depuis NORMAL-LUNG_00637_normal_251.jpg
638,data/brutes_kaggle/NORMAL-LUNG_00638_normal_252.jpg,fkarimovv/abnormal-lung,normal,external,Importé depuis NORMAL-LUNG_00638_normal_252.jpg
639,data/brutes_kaggle/NORMAL-LUNG_00639_normal_253.jpg,fkarimovv/abnormal-lung,normal,external,Importé depuis NORMAL-LUNG_00639_normal_253.jpg
640,data/brutes_kaggle/NORMAL-LUNG_00640_normal_254.jpg,fkarimovv/abnormal-lung,normal,external,Importé depuis NORMAL-LUNG_00640_normal_254.jpg
641,data/brutes_kaggle/NORMAL-LUNG_00641_normal_255.jpg,fkarimovv/abnormal-lung,normal,external,Importé depuis NORMAL-LUNG_00641_normal_255.jpg
642,data/brutes_kaggle/NORMAL-LUNG_00642_normal_256.jpg,fkarimovv/abnormal-lung,normal,external,Importé depuis NORMAL-LUNG_00642_normal_256.jpg
643,data/brutes_kaggle/NORMAL-LUNG_00643_normal_257.jpg,fkarimovv/abnormal-lung,normal,external,Importé depuis NORMAL-LUNG_00643_normal_257.jpg
644,data/brutes_kaggle/NORMAL-LUNG_00644_normal_258.jpg,fkarimovv/abnormal-lung,normal,external,Importé depuis NORMAL-LUNG_00644_normal_258.jpg
645,data/brutes_kaggle/NORMAL-LUNG_00645_normal_259.jpg,fkarimovv/abnormal-lung,normal,external,Importé depuis NORMAL-LUNG_00645_normal_259.jpg
646,data/brutes_kaggle/NORMAL-LUNG_00646_normal_260.jpg,fkarimovv/abnormal-lung,normal,external,Importé depuis NORMAL-LUNG_00646_normal_260.jpg
647,data/brutes_kaggle/NORMAL-LUNG_00647_normal_261.jpg,fkarimovv/abnormal-lung,normal,external,Importé depuis NORMAL-LUNG_00647_normal_261.jpg
648,data/brutes_kaggle/NORMAL-LUNG_00648_normal_262.jpg,fkarimovv/abnormal-lung,normal,external,Importé depuis NORMAL-LUNG_00648_normal_262.jpg
649,data/brutes_kaggle/NORMAL-LUNG_00649_normal_263.jpg,fkarimovv/abnormal-lung,normal,external,Importé depuis NORMAL-LUNG_00649_normal_263.jpg
650,data/brutes_kaggle/NORMAL-LUNG_00650_normal_264.jpg,fkarimovv/abnormal-lung,normal,external,Importé depuis NORMAL-LUNG_00650_normal_264.jpg
651,data/brutes_kaggle/NORMAL-LUNG_00651_normal_265.jpg,fkarimovv/abnormal-lung,normal,external,Importé depuis NORMAL-LUNG_00651_normal_265.jpg
652,data/brutes_kaggle/NORMAL-LUNG_00652_normal_266.jpg,fkarimovv/abnormal-lung,normal,external,Importé depuis NORMAL-LUNG_00652_normal_266.jpg
653,data/brutes_kaggle/NORMAL-LUNG_00653_normal_267.jpg,fkarimovv/abnormal-lung,normal,external,Importé depuis NORMAL-LUNG_00653_normal_267.jpg
654,data/brutes_kaggle/NORMAL-LUNG_00654_normal_268.jpg,fkarimovv/abnormal-lung,normal,external,Importé depuis NORMAL-LUNG_00654_normal_268.jpg
655,data/brutes_kaggle/NORMAL-LUNG_00655_normal_269.jpg,fkarimovv/abnormal-lung,normal,external,Importé depuis NORMAL-LUNG_00655_normal_269.jpg
656,data/brutes_kaggle/NORMAL-LUNG_00656_normal_270.jpg,fkarimovv/abnormal-lung,normal,external,Importé depuis NORMAL-LUNG_00656_normal_270.jpg
657,data/brutes_kaggle/NORMAL-LUNG_00657_normal_271.jpg,fkarimovv/abnormal-lung,normal,external,Importé depuis NORMAL-LUNG_00657_normal_271.jpg
658,data/brutes_kaggle/NORMAL-LUNG_00658_normal_272.jpg,fkarimovv/abnormal-lung,normal,external,Importé depuis NORMAL-LUNG_00658_normal_272.jpg
659,data/brutes_kaggle/NORMAL-LUNG_00659_normal_273.jpg,fkarimovv/abnormal-lung,normal,external,Importé depuis NORMAL-LUNG_00659_normal_273.jpg
660,data/brutes_kaggle/NORMAL-LUNG_00660_normal_274.jpg,fkarimovv/abnormal-lung,normal,external,Importé depuis NORMAL-LUNG_00660_normal_274.jpg
661,data/brutes_kaggle/NORMAL-LUNG_00661_normal_275.jpg,fkarimovv/abnormal-lung,normal,external,Importé depuis NORMAL-LUNG_00661_normal_275.jpg
662,data/brutes_kaggle/NORMAL-LUNG_00662_normal_276.jpg,fkarimovv/abnormal-lung,normal,external,Importé depuis NORMAL-LUNG_00662_normal_276.jpg
663,data/brutes_kaggle/NORMAL-LUNG_00663_normal_277.jpg,fkarimovv/abnormal-lung,normal,external,Importé depuis NORMAL-LUNG_00663_normal_277.jpg
664,data/brutes_kaggle/NORMAL-LUNG_00664_normal_278.jpg,fkarimovv/abnormal-lung,normal,external,Importé depuis NORMAL-LUNG_00664_normal_278.jpg
665,data/brutes_kaggle/NORMAL-LUNG_00665_normal_279.jpg,fkarimovv/abnormal-lung,normal,external,Importé depuis NORMAL-LUNG_00665_normal_279.jpg
666,data/brutes_kaggle/NORMAL-LUNG_00666_normal_281.jpg,fkarimovv/abnormal-lung,normal,external,Importé depuis NORMAL-LUNG_00666_normal_281.jpg
667,data/brutes_kaggle/NORMAL-LUNG_00667_normal_282.jpg,fkarimovv/abnormal-lung,normal,external,Importé depuis NORMAL-LUNG_00667_normal_282.jpg
668,data/brutes_kaggle/NORMAL-LUNG_00668_normal_283.jpg,fkarimovv/abnormal-lung,normal,external,Importé depuis NORMAL-LUNG_00668_normal_283.jpg
669,data/brutes_kaggle/NORMAL-LUNG_00669_normal_284.jpg,fkarimovv/abnormal-lung,normal,external,Importé depuis NORMAL-LUNG_00669_normal_284.jpg
670,data/brutes_kaggle/NORMAL-LUNG_00670_normal_285.jpg,fkarimovv/abnormal-lung,normal,external,Importé depuis NORMAL-LUNG_00670_normal_285.jpg
671,data/brutes_kaggle/NORMAL-LUNG_00671_normal_286.jpg,fkarimovv/abnormal-lung,normal,external,Importé depuis NORMAL-LUNG_00671_normal_286.jpg
672,data/brutes_kaggle/NORMAL-LUNG_00672_normal_287.jpg,fkarimovv/abnormal-lung,normal,external,Importé depuis NORMAL-LUNG_00672_normal_287.jpg
673,data/brutes_kaggle/NORMAL-LUNG_00673_normal_288.jpg,fkarimovv/abnormal-lung,normal,external,Importé depuis NORMAL-LUNG_00673_normal_288.jpg
674,data/brutes_kaggle/NORMAL-LUNG_00674_normal_289.jpg,fkarimovv/abnormal-lung,normal,external,Importé depuis NORMAL-LUNG_00674_normal_289.jpg
675,data/brutes_kaggle/NORMAL-LUNG_00675_normal_290.jpg,fkarimovv/abnormal-lung,normal,external,Importé depuis NORMAL-LUNG_00675_normal_290.jpg
676,data/brutes_kaggle/NORMAL-LUNG_00676_normal_291.jpg,fkarimovv/abnormal-lung,normal,external,Importé depuis NORMAL-LUNG_00676_normal_291.jpg
677,data/brutes_kaggle/NORMAL-LUNG_00677_normal_292.jpg,fkarimovv/abnormal-lung,normal,external,Importé depuis NORMAL-LUNG_00677_normal_292.jpg
678,data/brutes_kaggle/NORMAL-LUNG_00678_normal_293.jpg,fkarimovv/abnormal-lung,normal,external,Importé depuis NORMAL-LUNG_00678_normal_293.jpg
679,data/brutes_kaggle/NORMAL-LUNG_00679_normal_294.jpg,fkarimovv/abnormal-lung,normal,external,Importé depuis NORMAL-LUNG_00679_normal_294.jpg
680,data/brutes_kaggle/NORMAL-LUNG_00680_normal_295.jpg,fkarimovv/abnormal-lung,normal,external,Importé depuis NORMAL-LUNG_00680_normal_295.jpg
681,data/brutes_kaggle/NORMAL-LUNG_00681_normal_296.jpg,fkarimovv/abnormal-lung,normal,external,Importé depuis NORMAL-LUNG_00681_normal_296.jpg
682,data/brutes_kaggle/NORMAL-LUNG_00682_normal_297.jpg,fkarimovv/abnormal-lung,normal,external,Importé depuis NORMAL-LUNG_00682_normal_297.jpg
683,data/brutes_kaggle/NORMAL-LUNG_00683_normal_298.jpg,fkarimovv/abnormal-lung,normal,external,Importé depuis NORMAL-LUNG_00683_normal_298.jpg
684,data/brutes_kaggle/NORMAL-LUNG_00684_normal_299.jpg,fkarimovv/abnormal-lung,normal,external,Importé depuis NORMAL-LUNG_00684_normal_299.jpg
685,data/brutes_kaggle/NORMAL-LUNG_00685_normal_300.jpg,fkarimovv/abnormal-lung,normal,external,Importé depuis NORMAL-LUNG_00685_normal_300.jpg
686,data/brutes_kaggle/NORMAL-LUNG_00686_normal_301.jpg,fkarimovv/abnormal-lung,normal,external,Importé depuis NORMAL-LUNG_00686_normal_301.jpg
687,data/brutes_kaggle/NORMAL-LUNG_00687_normal_302.jpg,fkarimovv/abnormal-lung,normal,external,Importé depuis NORMAL-LUNG_00687_normal_302.jpg
688,data/brutes_kaggle/NORMAL-LUNG_00688_normal_303.jpg,fkarimovv/abnormal-lung,normal,external,Importé depuis NORMAL-LUNG_00688_normal_303.jpg
689,data/brutes_kaggle/NORMAL-LUNG_00689_normal_304.jpg,fkarimovv/abnormal-lung,normal,external,Importé depuis NORMAL-LUNG_00689_normal_304.jpg
690,data/brutes_kaggle/NORMAL-LUNG_00690_normal_305.jpg,fkarimovv/abnormal-lung,normal,external,Importé depuis NORMAL-LUNG_00690_normal_305.jpg
691,data/brutes_kaggle/NORMAL-LUNG_00691_normal_306.jpg,fkarimovv/abnormal-lung,normal,external,Importé depuis NORMAL-LUNG_00691_normal_306.jpg
692,data/brutes_kaggle/NORMAL-LUNG_00692_normal_307.jpg,fkarimovv/abnormal-lung,normal,external,Importé depuis NORMAL-LUNG_00692_normal_307.jpg
693,data/brutes_kaggle/NORMAL-LUNG_00693_normal_308.jpg,fkarimovv/abnormal-lung,normal,external,Importé depuis NORMAL-LUNG_00693_normal_308.jpg
694,data/brutes_kaggle/NORMAL-LUNG_00694_normal_309.jpg,fkarimovv/abnormal-lung,normal,external,Importé depuis NORMAL-LUNG_00694_normal_309.jpg
695,data/brutes_kaggle/NORMAL-LUNG_00695_normal_312.jpg,fkarimovv/abnormal-lung,normal,external,Importé depuis NORMAL-LUNG_00695_normal_312.jpg
696,data/brutes_kaggle/NORMAL-LUNG_00696_normal_313.jpg,fkarimovv/abnormal-lung,normal,external,Importé depuis NORMAL-LUNG_00696_normal_313.jpg
697,data/brutes_kaggle/NORMAL-LUNG_00697_normal_314.jpg,fkarimovv/abnormal-lung,normal,external,Importé depuis NORMAL-LUNG_00697_normal_314.jpg
698,data/brutes_kaggle/NORMAL-LUNG_00698_normal_316.jpg,fkarimovv/abnormal-lung,normal,external,Importé depuis NORMAL-LUNG_00698_normal_316.jpg
699,data/brutes_kaggle/NORMAL-LUNG_00699_normal_318.jpg,fkarimovv/abnormal-lung,normal,external,Importé depuis NORMAL-LUNG_00699_normal_318.jpg
700,data/brutes_kaggle/NORMAL-LUNG_00700_normal_319.jpg,fkarimovv/abnormal-lung,normal,external,Importé depuis NORMAL-LUNG_00700_normal_319.jpg
701,data/brutes_kaggle/NORMAL-LUNG_00701_normal_320.jpg,fkarimovv/abnormal-lung,normal,external,Importé depuis NORMAL-LUNG_00701_normal_320.jpg
702,data/brutes_kaggle/NORMAL-LUNG_00702_normal_321.jpg,fkarimovv/abnormal-lung,normal,external,Importé depuis NORMAL-LUNG_00702_normal_321.jpg
703,data/brutes_kaggle/NORMAL-LUNG_00703_normal_322.jpg,fkarimovv/abnormal-lung,normal,external,Importé depuis NORMAL-LUNG_00703_normal_322.jpg
704,data/brutes_kaggle/NORMAL-LUNG_00704_normal_323.jpg,fkarimovv/abnormal-lung,normal,external,Importé depuis NORMAL-LUNG_00704_normal_323.jpg
705,data/brutes_kaggle/NORMAL-LUNG_00705_normal_324.jpg,fkarimovv/abnormal-lung,normal,external,Importé depuis NORMAL-LUNG_00705_normal_324.jpg
706,data/brutes_kaggle/NORMAL-LUNG_00706_normal_325.jpg,fkarimovv/abnormal-lung,normal,external,Importé depuis NORMAL-LUNG_00706_normal_325.jpg
707,data/brutes_kaggle/NORMAL-LUNG_00707_normal_326.jpg,fkarimovv/abnormal-lung,normal,external,Importé depuis NORMAL-LUNG_00707_normal_326.jpg
708,data/brutes_kaggle/NORMAL-LUNG_00708_normal_327.jpg,fkarimovv/abnormal-lung,normal,external,Importé depuis NORMAL-LUNG_00708_normal_327.jpg
709,data/brutes_kaggle/NORMAL-LUNG_00709_normal_328.jpg,fkarimovv/abnormal-lung,normal,external,Importé depuis NORMAL-LUNG_00709_normal_328.jpg
710,data/brutes_kaggle/NORMAL-LUNG_00710_normal_329.jpg,fkarimovv/abnormal-lung,normal,external,Importé depuis NORMAL-LUNG_00710_normal_329.jpg
711,data/brutes_kaggle/NORMAL-LUNG_00711_normal_330.jpg,fkarimovv/abnormal-lung,normal,external,Importé depuis NORMAL-LUNG_00711_normal_330.jpg
712,data/brutes_kaggle/NORMAL-LUNG_00712_normal_331.jpg,fkarimovv/abnormal-lung,normal,external,Importé depuis NORMAL-LUNG_00712_normal_331.jpg
713,data/brutes_kaggle/NORMAL-LUNG_00713_normal_332.jpg,fkarimovv/abnormal-lung,normal,external,Importé depuis NORMAL-LUNG_00713_normal_332.jpg
714,data/brutes_kaggle/NORMAL-LUNG_00714_normal_333.jpg,fkarimovv/abnormal-lung,normal,external,Importé depuis NORMAL-LUNG_00714_normal_333.jpg
715,data/brutes_kaggle/NORMAL-LUNG_00715_normal_334.jpg,fkarimovv/abnormal-lung,normal,external,Importé depuis NORMAL-LUNG_00715_normal_334.jpg
716,data/brutes_kaggle/NORMAL-LUNG_00716_normal_335.jpg,fkarimovv/abnormal-lung,normal,external,Importé depuis NORMAL-LUNG_00716_normal_335.jpg
717,data/brutes_kaggle/NORMAL-LUNG_00717_normal_336.jpg,fkarimovv/abnormal-lung,normal,external,Importé depuis NORMAL-LUNG_00717_normal_336.jpg
718,data/brutes_kaggle/NORMAL-LUNG_00718_normal_337.jpg,fkarimovv/abnormal-lung,normal,external,Importé depuis NORMAL-LUNG_00718_normal_337.jpg
719,data/brutes_kaggle/NORMAL-LUNG_00719_normal_338.jpg,fkarimovv/abnormal-lung,normal,external,Importé depuis NORMAL-LUNG_00719_normal_338.jpg
720,data/brutes_kaggle/NORMAL-LUNG_00720_normal_339.jpg,fkarimovv/abnormal-lung,normal,external,Importé depuis NORMAL-LUNG_00720_normal_339.jpg
721,data/brutes_kaggle/NORMAL-LUNG_00721_normal_340.jpg,fkarimovv/abnormal-lung,normal,external,Importé depuis NORMAL-LUNG_00721_normal_340.jpg
722,data/brutes_kaggle/NORMAL-LUNG_00722_normal_341.jpg,fkarimovv/abnormal-lung,normal,external,Importé depuis NORMAL-LUNG_00722_normal_341.jpg
723,data/brutes_kaggle/NORMAL-LUNG_00723_normal_342.jpg,fkarimovv/abnormal-lung,normal,external,Importé depuis NORMAL-LUNG_00723_normal_342.jpg
724,data/brutes_kaggle/NORMAL-LUNG_00724_normal_343.jpg,fkarimovv/abnormal-lung,normal,external,Importé depuis NORMAL-LUNG_00724_normal_343.jpg
725,data/brutes_kaggle/NORMAL-LUNG_00725_normal_344.jpg,fkarimovv/abnormal-lung,normal,external,Importé depuis NORMAL-LUNG_00725_normal_344.jpg
726,data/brutes_kaggle/NORMAL-LUNG_00726_normal_345.jpg,fkarimovv/abnormal-lung,normal,external,Importé depuis NORMAL-LUNG_00726_normal_345.jpg
727,data/brutes_kaggle/NORMAL-LUNG_00727_normal_346.jpg,fkarimovv/abnormal-lung,normal,external,Importé depuis NORMAL-LUNG_00727_normal_346.jpg
728,data/brutes_kaggle/NORMAL-LUNG_00728_normal_347.jpg,fkarimovv/abnormal-lung,normal,external,Importé depuis NORMAL-LUNG_00728_normal_347.jpg
729,data/brutes_kaggle/NORMAL-LUNG_00729_normal_348.jpg,fkarimovv/abnormal-lung,normal,external,Importé depuis NORMAL-LUNG_00729_normal_348.jpg
730,data/brutes_kaggle/NORMAL-LUNG_00730_normal_349.jpg,fkarimovv/abnormal-lung,normal,external,Importé depuis NORMAL-LUNG_00730_normal_349.jpg
731,data/brutes_kaggle/NORMAL-LUNG_00731_normal_350.jpg,fkarimovv/abnormal-lung,normal,external,Importé depuis NORMAL-LUNG_00731_normal_350.jpg
732,data/brutes_kaggle/NORMAL-LUNG_00732_normal_351.jpg,fkarimovv/abnormal-lung,normal,external,Importé depuis NORMAL-LUNG_00732_normal_351.jpg
733,data/brutes_kaggle/NORMAL-LUNG_00733_normal_352.jpg,fkarimovv/abnormal-lung,normal,external,Importé depuis NORMAL-LUNG_00733_normal_352.jpg
734,data/brutes_kaggle/NORMAL-LUNG_00734_normal_353.jpg,fkarimovv/abnormal-lung,normal,external,Importé depuis NORMAL-LUNG_00734_normal_353.jpg
735,data/brutes_kaggle/NORMAL-LUNG_00735_normal_354.jpg,fkarimovv/abnormal-lung,normal,external,Importé depuis NORMAL-LUNG_00735_normal_354.jpg
736,data/brutes_kaggle/NORMAL-LUNG_00736_normal_355.jpg,fkarimovv/abnormal-lung,normal,external,Importé depuis NORMAL-LUNG_00736_normal_355.jpg
737,data/brutes_kaggle/NORMAL-LUNG_00737_normal_356.jpg,fkarimovv/abnormal-lung,normal,external,Importé depuis NORMAL-LUNG_00737_normal_356.jpg
738,data/brutes_kaggle/NORMAL-LUNG_00738_normal_357.jpg,fkarimovv/abnormal-lung,normal,external,Importé depuis NORMAL-LUNG_00738_normal_357.jpg
739,data/brutes_kaggle/NORMAL-LUNG_00739_normal_358.jpg,fkarimovv/abnormal-lung,normal,external,Importé depuis NORMAL-LUNG_00739_normal_358.jpg
740,data/brutes_kaggle/NORMAL-LUNG_00740_normal_359.jpg,fkarimovv/abnormal-lung,normal,external,Importé depuis NORMAL-LUNG_00740_normal_359.jpg
741,data/brutes_kaggle/NORMAL-LUNG_00741_normal_360.jpg,fkarimovv/abnormal-lung,normal,external,Importé depuis NORMAL-LUNG_00741_normal_360.jpg
742,data/brutes_kaggle/NORMAL-LUNG_00742_normal_361.jpg,fkarimovv/abnormal-lung,normal,external,Importé depuis NORMAL-LUNG_00742_normal_361.jpg
743,data/brutes_kaggle/NORMAL-LUNG_00743_normal_362.jpg,fkarimovv/abnormal-lung,normal,external,Importé depuis NORMAL-LUNG_00743_normal_362.jpg
744,data/brutes_kaggle/NORMAL-LUNG_00744_normal_363.jpg,fkarimovv/abnormal-lung,normal,external,Importé depuis NORMAL-LUNG_00744_normal_363.jpg
745,data/brutes_kaggle/NORMAL-LUNG_00745_normal_364.jpg,fkarimovv/abnormal-lung,normal,external,Importé depuis NORMAL-LUNG_00745_normal_364.jpg
746,data/brutes_kaggle/NORMAL-LUNG_00746_normal_365.jpg,fkarimovv/abnormal-lung,normal,external,Importé depuis NORMAL-LUNG_00746_normal_365.jpg
747,data/brutes_kaggle/NORMAL-LUNG_00747_normal_366.jpg,fkarimovv/abnormal-lung,normal,external,Importé depuis NORMAL-LUNG_00747_normal_366.jpg
748,data/brutes_kaggle/NORMAL-LUNG_00748_normal_367.jpg,fkarimovv/abnormal-lung,normal,external,Importé depuis NORMAL-LUNG_00748_normal_367.jpg
749,data/brutes_kaggle/NORMAL-LUNG_00749_normal_368.jpg,fkarimovv/abnormal-lung,normal,external,Importé depuis NORMAL-LUNG_00749_normal_368.jpg
750,data/brutes_kaggle/NORMAL-LUNG_00750_normal_369.jpg,fkarimovv/abnormal-lung,normal,external,Importé depuis NORMAL-LUNG_00750_normal_369.jpg
751,data/brutes_kaggle/NORMAL-LUNG_00751_normal_370.jpg,fkarimovv/abnormal-lung,normal,external,Importé depuis NORMAL-LUNG_00751_normal_370.jpg
752,data/brutes_kaggle/NORMAL-LUNG_00752_normal_371.jpg,fkarimovv/abnormal-lung,normal,external,Importé depuis NORMAL-LUNG_00752_normal_371.jpg
753,data/brutes_kaggle/NORMAL-LUNG_00753_normal_372.jpg,fkarimovv/abnormal-lung,normal,external,Importé depuis NORMAL-LUNG_00753_normal_372.jpg
754,data/brutes_kaggle/NORMAL-LUNG_00754_normal_373.jpg,fkarimovv/abnormal-lung,normal,external,Importé depuis NORMAL-LUNG_00754_normal_373.jpg
755,data/brutes_kaggle/NORMAL-LUNG_00755_normal_374.jpg,fkarimovv/abnormal-lung,normal,external,Importé depuis NORMAL-LUNG_00755_normal_374.jpg
756,data/brutes_kaggle/NORMAL-LUNG_00756_normal_375.jpg,fkarimovv/abnormal-lung,normal,external,Importé depuis NORMAL-LUNG_00756_normal_375.jpg
757,data/brutes_kaggle/NORMAL-LUNG_00757_normal_376.jpg,fkarimovv/abnormal-lung,normal,external,Importé depuis NORMAL-LUNG_00757_normal_376.jpg
758,data/brutes_kaggle/NORMAL-LUNG_00758_normal_377.jpg,fkarimovv/abnormal-lung,normal,external,Importé depuis NORMAL-LUNG_00758_normal_377.jpg
759,data/brutes_kaggle/NORMAL-LUNG_00759_normal_378.jpg,fkarimovv/abnormal-lung,normal,external,Importé depuis NORMAL-LUNG_00759_normal_378.jpg
760,data/brutes_kaggle/NORMAL-LUNG_00760_normal_379.jpg,fkarimovv/abnormal-lung,normal,external,Importé depuis NORMAL-LUNG_00760_normal_379.jpg
761,data/brutes_kaggle/NORMAL-LUNG_00761_normal_380.jpg,fkarimovv/abnormal-lung,normal,external,Importé depuis NORMAL-LUNG_00761_normal_380.jpg
762,data/brutes_kaggle/NORMAL-LUNG_00762_normal_381.jpg,fkarimovv/abnormal-lung,normal,external,Importé depuis NORMAL-LUNG_00762_normal_381.jpg
763,data/brutes_kaggle/NORMAL-LUNG_00763_normal_382.jpg,fkarimovv/abnormal-lung,normal,external,Importé depuis NORMAL-LUNG_00763_normal_382.jpg
764,data/brutes_kaggle/NORMAL-LUNG_00764_normal_383.jpg,fkarimovv/abnormal-lung,normal,external,Importé depuis NORMAL-LUNG_00764_normal_383.jpg
765,data/brutes_kaggle/NORMAL-LUNG_00765_normal_384.jpg,fkarimovv/abnormal-lung,normal,external,Importé depuis NORMAL-LUNG_00765_normal_384.jpg
766,data/brutes_kaggle/NORMAL-LUNG_00766_normal_386.jpg,fkarimovv/abnormal-lung,normal,external,Importé depuis NORMAL-LUNG_00766_normal_386.jpg
767,data/brutes_kaggle/NORMAL-LUNG_00767_normal_387.jpg,fkarimovv/abnormal-lung,normal,external,Importé depuis NORMAL-LUNG_00767_normal_387.jpg
768,data/brutes_kaggle/NORMAL-LUNG_00768_normal_388.jpg,fkarimovv/abnormal-lung,normal,external,Importé depuis NORMAL-LUNG_00768_normal_388.jpg
769,data/brutes_kaggle/NORMAL-LUNG_00769_normal_389.jpg,fkarimovv/abnormal-lung,normal,external,Importé depuis NORMAL-LUNG_00769_normal_389.jpg
770,data/brutes_kaggle/NORMAL-LUNG_00770_normal_390.jpg,fkarimovv/abnormal-lung,normal,external,Importé depuis NORMAL-LUNG_00770_normal_390.jpg
771,data/brutes_kaggle/NORMAL-LUNG_00771_normal_391.jpg,fkarimovv/abnormal-lung,normal,external,Importé depuis NORMAL-LUNG_00771_normal_391.jpg
772,data/brutes_kaggle/NORMAL-LUNG_00772_normal_392.jpg,fkarimovv/abnormal-lung,normal,external,Importé depuis NORMAL-LUNG_00772_normal_392.jpg
773,data/brutes_kaggle/NORMAL-LUNG_00773_normal_393.jpg,fkarimovv/abnormal-lung,normal,external,Importé depuis NORMAL-LUNG_00773_normal_393.jpg
774,data/brutes_kaggle/NORMAL-LUNG_00774_normal_394.jpg,fkarimovv/abnormal-lung,normal,external,Importé depuis NORMAL-LUNG_00774_normal_394.jpg
775,data/brutes_kaggle/NORMAL-LUNG_00775_normal_395.jpg,fkarimovv/abnormal-lung,normal,external,Importé depuis NORMAL-LUNG_00775_normal_395.jpg
776,data/brutes_kaggle/NORMAL-LUNG_00776_normal_396.jpg,fkarimovv/abnormal-lung,normal,external,Importé depuis NORMAL-LUNG_00776_normal_396.jpg
777,data/brutes_kaggle/NORMAL-LUNG_00777_normal_397.jpg,fkarimovv/abnormal-lung,normal,external,Importé depuis NORMAL-LUNG_00777_normal_397.jpg
778,data/brutes_kaggle/NORMAL-LUNG_00778_normal_398.jpg,fkarimovv/abnormal-lung,normal,external,Importé depuis NORMAL-LUNG_00778_normal_398.jpg
779,data/brutes_kaggle/NORMAL-LUNG_00779_normal_399.jpg,fkarimovv/abnormal-lung,normal,external,Importé depuis NORMAL-LUNG_00779_normal_399.jpg
780,data/brutes_kaggle/NORMAL-LUNG_00780_normal_400.jpg,fkarimovv/abnormal-lung,normal,external,Importé depuis NORMAL-LUNG_00780_normal_400.jpg
781,data/brutes_kaggle/NORMAL-LUNG_00781_normal_401.jpg,fkarimovv/abnormal-lung,normal,external,Importé depuis NORMAL-LUNG_00781_normal_401.jpg
782,data/brutes_kaggle/NORMAL-LUNG_00782_normal_402.jpg,fkarimovv/abnormal-lung,normal,external,Importé depuis NORMAL-LUNG_00782_normal_402.jpg
783,data/brutes_kaggle/NORMAL-LUNG_00783_normal_403.jpg,fkarimovv/abnormal-lung,normal,external,Importé depuis NORMAL-LUNG_00783_normal_403.jpg
784,data/brutes_kaggle/NORMAL-LUNG_00784_normal_404.jpg,fkarimovv/abnormal-lung,normal,external,Importé depuis NORMAL-LUNG_00784_normal_404.jpg
785,data/brutes_kaggle/NORMAL-LUNG_00785_normal_405.jpg,fkarimovv/abnormal-lung,normal,external,Importé depuis NORMAL-LUNG_00785_normal_405.jpg
786,data/brutes_kaggle/NORMAL-LUNG_00786_normal_406.jpg,fkarimovv/abnormal-lung,normal,external,Importé depuis NORMAL-LUNG_00786_normal_406.jpg
787,data/brutes_kaggle/NORMAL-LUNG_00787_normal_407.jpg,fkarimovv/abnormal-lung,normal,external,Importé depuis NORMAL-LUNG_00787_normal_407.jpg
788,data/brutes_kaggle/NORMAL-LUNG_00788_normal_408.jpg,fkarimovv/abnormal-lung,normal,external,Importé depuis NORMAL-LUNG_00788_normal_408.jpg
789,data/brutes_kaggle/NORMAL-LUNG_00789_normal_409.jpg,fkarimovv/abnormal-lung,normal,external,Importé depuis NORMAL-LUNG_00789_normal_409.jpg
790,data/brutes_kaggle/NORMAL-LUNG_00790_normal_411.jpg,fkarimovv/abnormal-lung,normal,external,Importé depuis NORMAL-LUNG_00790_normal_411.jpg
791,data/brutes_kaggle/NORMAL-LUNG_00791_normal_412.jpg,fkarimovv/abnormal-lung,normal,external,Importé depuis NORMAL-LUNG_00791_normal_412.jpg
792,data/brutes_kaggle/NORMAL-LUNG_00792_normal_413.jpg,fkarimovv/abnormal-lung,normal,external,Importé depuis NORMAL-LUNG_00792_normal_413.jpg
793,data/brutes_kaggle/NORMAL-LUNG_00793_normal_414.jpg,fkarimovv/abnormal-lung,normal,external,Importé depuis NORMAL-LUNG_00793_normal_414.jpg
794,data/brutes_kaggle/NORMAL-LUNG_00794_normal_415.jpg,fkarimovv/abnormal-lung,normal,external,Importé depuis NORMAL-LUNG_00794_normal_415.jpg
795,data/brutes_kaggle/NORMAL-LUNG_00795_normal_416.jpg,fkarimovv/abnormal-lung,normal,external,Importé depuis NORMAL-LUNG_00795_normal_416.jpg
796,data/brutes_kaggle/NORMAL-LUNG_00796_normal_417.jpg,fkarimovv/abnormal-lung,normal,external,Importé depuis NORMAL-LUNG_00796_normal_417.jpg
797,data/brutes_kaggle/NORMAL-LUNG_00797_normal_418.jpg,fkarimovv/abnormal-lung,normal,external,Importé depuis NORMAL-LUNG_00797_normal_418.jpg
798,data/brutes_kaggle/NORMAL-LUNG_00798_normal_419.jpg,fkarimovv/abnormal-lung,normal,external,Importé depuis NORMAL-LUNG_00798_normal_419.jpg
799,data/brutes_kaggle/NORMAL-LUNG_00799_normal_420.jpg,fkarimovv/abnormal-lung,normal,external,Importé depuis NORMAL-LUNG_00799_normal_420.jpg
800,data/brutes_kaggle/NORMAL-LUNG_00800_normal_421.jpg,fkarimovv/abnormal-lung,normal,external,Importé depuis NORMAL-LUNG_00800_normal_421.jpg
801,data/brutes_kaggle/NORMAL-LUNG_00801_normal_422.jpg,fkarimovv/abnormal-lung,normal,external,Importé depuis NORMAL-LUNG_00801_normal_422.jpg
802,data/brutes_kaggle/NORMAL-LUNG_00802_normal_423.jpg,fkarimovv/abnormal-lung,normal,external,Importé depuis NORMAL-LUNG_00802_normal_423.jpg
803,data/brutes_kaggle/NORMAL-LUNG_00803_normal_424.jpg,fkarimovv/abnormal-lung,normal,external,Importé depuis NORMAL-LUNG_00803_normal_424.jpg
804,data/brutes_kaggle/NORMAL-LUNG_00804_normal_426.jpg,fkarimovv/abnormal-lung,normal,external,Importé depuis NORMAL-LUNG_00804_normal_426.jpg
805,data/brutes_kaggle/NORMAL-LUNG_00805_normal_428.jpg,fkarimovv/abnormal-lung,normal,external,Importé depuis NORMAL-LUNG_00805_normal_428.jpg
806,data/brutes_kaggle/NORMAL-LUNG_00806_normal_429.jpg,fkarimovv/abnormal-lung,normal,external,Importé depuis NORMAL-LUNG_00806_normal_429.jpg
807,data/brutes_kaggle/NORMAL-LUNG_00807_normal_430.jpg,fkarimovv/abnormal-lung,normal,external,Importé depuis NORMAL-LUNG_00807_normal_430.jpg
808,data/brutes_kaggle/NORMAL-LUNG_00808_normal_431.jpg,fkarimovv/abnormal-lung,normal,external,Importé depuis NORMAL-LUNG_00808_normal_431.jpg
809,data/brutes_kaggle/NORMAL-LUNG_00809_normal_432.jpg,fkarimovv/abnormal-lung,normal,external,Importé depuis NORMAL-LUNG_00809_normal_432.jpg
810,data/brutes_kaggle/NORMAL-LUNG_00810_normal_433.jpg,fkarimovv/abnormal-lung,normal,external,Importé depuis NORMAL-LUNG_00810_normal_433.jpg
811,data/brutes_kaggle/NORMAL-LUNG_00811_normal_434.jpg,fkarimovv/abnormal-lung,normal,external,Importé depuis NORMAL-LUNG_00811_normal_434.jpg
812,data/brutes_kaggle/NORMAL-LUNG_00812_normal_435.jpg,fkarimovv/abnormal-lung,normal,external,Importé depuis NORMAL-LUNG_00812_normal_435.jpg
813,data/brutes_kaggle/NORMAL-LUNG_00813_normal_436.jpg,fkarimovv/abnormal-lung,normal,external,Importé depuis NORMAL-LUNG_00813_normal_436.jpg
814,data/brutes_kaggle/NORMAL-LUNG_00814_normal_437.jpg,fkarimovv/abnormal-lung,normal,external,Importé depuis NORMAL-LUNG_00814_normal_437.jpg
815,data/brutes_kaggle/NORMAL-LUNG_00815_normal_438.jpg,fkarimovv/abnormal-lung,normal,external,Importé depuis NORMAL-LUNG_00815_normal_438.jpg
816,data/brutes_kaggle/NORMAL-LUNG_00816_normal_439.jpg,fkarimovv/abnormal-lung,normal,external,Importé depuis NORMAL-LUNG_00816_normal_439.jpg
817,data/brutes_kaggle/NORMAL-LUNG_00817_normal_440.jpg,fkarimovv/abnormal-lung,normal,external,Importé depuis NORMAL-LUNG_00817_normal_440.jpg
818,data/brutes_kaggle/NORMAL-LUNG_00818_normal_441.jpg,fkarimovv/abnormal-lung,normal,external,Importé depuis NORMAL-LUNG_00818_normal_441.jpg
819,data/brutes_kaggle/NORMAL-LUNG_00819_normal_442.jpg,fkarimovv/abnormal-lung,normal,external,Importé depuis NORMAL-LUNG_00819_normal_442.jpg
820,data/brutes_kaggle/NORMAL-LUNG_00820_normal_443.jpg,fkarimovv/abnormal-lung,normal,external,Importé depuis NORMAL-LUNG_00820_normal_443.jpg
821,data/brutes_kaggle/NORMAL-LUNG_00821_normal_444.jpg,fkarimovv/abnormal-lung,normal,external,Importé depuis NORMAL-LUNG_00821_normal_444.jpg
822,data/brutes_kaggle/NORMAL-LUNG_00822_normal_446.jpg,fkarimovv/abnormal-lung,normal,external,Importé depuis NORMAL-LUNG_00822_normal_446.jpg
823,data/brutes_kaggle/NORMAL-LUNG_00823_normal_447.jpg,fkarimovv/abnormal-lung,normal,external,Importé depuis NORMAL-LUNG_00823_normal_447.jpg
824,data/brutes_kaggle/NORMAL-LUNG_00824_normal_449.jpg,fkarimovv/abnormal-lung,normal,external,Importé depuis NORMAL-LUNG_00824_normal_449.jpg
825,data/brutes_kaggle/NORMAL-LUNG_00825_normal_450.jpg,fkarimovv/abnormal-lung,normal,external,Importé depuis NORMAL-LUNG_00825_normal_450.jpg
826,data/brutes_kaggle/NORMAL-LUNG_00826_normal_451.jpg,fkarimovv/abnormal-lung,normal,external,Importé depuis NORMAL-LUNG_00826_normal_451.jpg
827,data/brutes_kaggle/NORMAL-LUNG_00827_normal_452.jpg,fkarimovv/abnormal-lung,normal,external,Importé depuis NORMAL-LUNG_00827_normal_452.jpg
828,data/brutes_kaggle/NORMAL-LUNG_00828_normal_453.jpg,fkarimovv/abnormal-lung,normal,external,Importé depuis NORMAL-LUNG_00828_normal_453.jpg
829,data/brutes_kaggle/NORMAL-LUNG_00829_normal_454.jpg,fkarimovv/abnormal-lung,normal,external,Importé depuis NORMAL-LUNG_00829_normal_454.jpg
830,data/brutes_kaggle/NORMAL-LUNG_00830_normal_455.jpg,fkarimovv/abnormal-lung,normal,external,Importé depuis NORMAL-LUNG_00830_normal_455.jpg
831,data/brutes_kaggle/NORMAL-LUNG_00831_normal_456.jpg,fkarimovv/abnormal-lung,normal,external,Importé depuis NORMAL-LUNG_00831_normal_456.jpg
832,data/brutes_kaggle/NORMAL-LUNG_00832_normal_458.jpg,fkarimovv/abnormal-lung,normal,external,Importé depuis NORMAL-LUNG_00832_normal_458.jpg
833,data/brutes_kaggle/NORMAL-LUNG_00833_normal_461.jpg,fkarimovv/abnormal-lung,normal,external,Importé depuis NORMAL-LUNG_00833_normal_461.jpg
834,data/brutes_kaggle/NORMAL-LUNG_00834_normal_462.jpg,fkarimovv/abnormal-lung,normal,external,Importé depuis NORMAL-LUNG_00834_normal_462.jpg
835,data/brutes_kaggle/NORMAL-LUNG_00835_normal_463.jpg,fkarimovv/abnormal-lung,normal,external,Importé depuis NORMAL-LUNG_00835_normal_463.jpg
836,data/brutes_kaggle/NORMAL-LUNG_00836_normal_464.jpg,fkarimovv/abnormal-lung,normal,external,Importé depuis NORMAL-LUNG_00836_normal_464.jpg
837,data/brutes_kaggle/NORMAL-LUNG_00837_normal_465.jpg,fkarimovv/abnormal-lung,normal,external,Importé depuis NORMAL-LUNG_00837_normal_465.jpg
838,data/brutes_kaggle/NORMAL-LUNG_00838_normal_466.jpg,fkarimovv/abnormal-lung,normal,external,Importé depuis NORMAL-LUNG_00838_normal_466.jpg
839,data/brutes_kaggle/NORMAL-LUNG_00839_normal_467.jpg,fkarimovv/abnormal-lung,normal,external,Importé depuis NORMAL-LUNG_00839_normal_467.jpg
840,data/brutes_kaggle/NORMAL-LUNG_00840_normal_468.jpg,fkarimovv/abnormal-lung,normal,external,Importé depuis NORMAL-LUNG_00840_normal_468.jpg
841,data/brutes_kaggle/NORMAL-LUNG_00841_normal_469.jpg,fkarimovv/abnormal-lung,normal,external,Importé depuis NORMAL-LUNG_00841_normal_469.jpg
842,data/brutes_kaggle/NORMAL-LUNG_00842_normal_470.jpg,fkarimovv/abnormal-lung,normal,external,Importé depuis NORMAL-LUNG_00842_normal_470.jpg
843,data/brutes_kaggle/NORMAL-LUNG_00843_normal_471.jpg,fkarimovv/abnormal-lung,normal,external,Importé depuis NORMAL-LUNG_00843_normal_471.jpg
844,data/brutes_kaggle/NORMAL-LUNG_00844_normal_473.jpg,fkarimovv/abnormal-lung,normal,external,Importé depuis NORMAL-LUNG_00844_normal_473.jpg
845,data/brutes_kaggle/NORMAL-LUNG_00845_normal_474.jpg,fkarimovv/abnormal-lung,normal,external,Importé depuis NORMAL-LUNG_00845_normal_474.jpg
846,data/brutes_kaggle/NORMAL-LUNG_00846_normal_475.jpg,fkarimovv/abnormal-lung,normal,external,Importé depuis NORMAL-LUNG_00846_normal_475.jpg
847,data/brutes_kaggle/NORMAL-LUNG_00847_normal_476.jpg,fkarimovv/abnormal-lung,normal,external,Importé depuis NORMAL-LUNG_00847_normal_476.jpg
848,data/brutes_kaggle/NORMAL-LUNG_00848_normal_477.jpg,fkarimovv/abnormal-lung,normal,external,Importé depuis NORMAL-LUNG_00848_normal_477.jpg
849,data/brutes_kaggle/NORMAL-LUNG_00849_normal_478.jpg,fkarimovv/abnormal-lung,normal,external,Importé depuis NORMAL-LUNG_00849_normal_478.jpg
850,data/brutes_kaggle/NORMAL-LUNG_00850_normal_479.jpg,fkarimovv/abnormal-lung,normal,external,Importé depuis NORMAL-LUNG_00850_normal_479.jpg
851,data/brutes_kaggle/NORMAL-LUNG_00851_normal_480.jpg,fkarimovv/abnormal-lung,normal,external,Importé depuis NORMAL-LUNG_00851_normal_480.jpg
852,data/brutes_kaggle/NORMAL-LUNG_00852_normal_481.jpg,fkarimovv/abnormal-lung,normal,external,Importé depuis NORMAL-LUNG_00852_normal_481.jpg
853,data/brutes_kaggle/NORMAL-LUNG_00853_normal_483.jpg,fkarimovv/abnormal-lung,normal,external,Importé depuis NORMAL-LUNG_00853_normal_483.jpg
854,data/brutes_kaggle/NORMAL-LUNG_00854_normal_484.jpg,fkarimovv/abnormal-lung,normal,external,Importé depuis NORMAL-LUNG_00854_normal_484.jpg
855,data/brutes_kaggle/NORMAL-LUNG_00855_normal_485.jpg,fkarimovv/abnormal-lung,normal,external,Importé depuis NORMAL-LUNG_00855_normal_485.jpg
856,data/brutes_kaggle/NORMAL-LUNG_00856_normal_486.jpg,fkarimovv/abnormal-lung,normal,external,Importé depuis NORMAL-LUNG_00856_normal_486.jpg
857,data/brutes_kaggle/NORMAL-LUNG_00857_normal_487.jpg,fkarimovv/abnormal-lung,normal,external,Importé depuis NORMAL-LUNG_00857_normal_487.jpg
858,data/brutes_kaggle/NORMAL-LUNG_00858_normal_488.jpg,fkarimovv/abnormal-lung,normal,external,Importé depuis NORMAL-LUNG_00858_normal_488.jpg
859,data/brutes_kaggle/NORMAL-LUNG_00859_normal_490.jpg,fkarimovv/abnormal-lung,normal,external,Importé depuis NORMAL-LUNG_00859_normal_490.jpg
860,data/brutes_kaggle/NORMAL-LUNG_00860_normal_491.jpg,fkarimovv/abnormal-lung,normal,external,Importé depuis NORMAL-LUNG_00860_normal_491.jpg
861,data/brutes_kaggle/NORMAL-LUNG_00861_normal_492.jpg,fkarimovv/abnormal-lung,normal,external,Importé depuis NORMAL-LUNG_00861_normal_492.jpg
862,data/brutes_kaggle/NORMAL-LUNG_00862_normal_493.jpg,fkarimovv/abnormal-lung,normal,external,Importé depuis NORMAL-LUNG_00862_normal_493.jpg
863,data/brutes_kaggle/NORMAL-LUNG_00863_normal_494.jpg,fkarimovv/abnormal-lung,normal,external,Importé depuis NORMAL-LUNG_00863_normal_494.jpg
864,data/brutes_kaggle/NORMAL-LUNG_00864_normal_495.jpg,fkarimovv/abnormal-lung,normal,external,Importé depuis NORMAL-LUNG_00864_normal_495.jpg
865,data/brutes_kaggle/NORMAL-LUNG_00865_normal_497.jpg,fkarimovv/abnormal-lung,normal,external,Importé depuis NORMAL-LUNG_00865_normal_497.jpg
866,data/brutes_kaggle/NORMAL-LUNG_00866_normal_498.jpg,fkarimovv/abnormal-lung,normal,external,Importé depuis NORMAL-LUNG_00866_normal_498.jpg
867,data/brutes_kaggle/NORMAL-LUNG_00867_normal_499.jpg,fkarimovv/abnormal-lung,normal,external,Importé depuis NORMAL-LUNG_00867_normal_499.jpg
868,data/brutes_kaggle/NORMAL-LUNG_00868_normal_500.jpg,fkarimovv/abnormal-lung,normal,external,Importé depuis NORMAL-LUNG_00868_normal_500.jpg
869,data/brutes_kaggle/NORMAL-LUNG_00869_normal_501.jpg,fkarimovv/abnormal-lung,normal,external,Importé depuis NORMAL-LUNG_00869_normal_501.jpg
870,data/brutes_kaggle/NORMAL-LUNG_00870_normal_502.jpg,fkarimovv/abnormal-lung,normal,external,Importé depuis NORMAL-LUNG_00870_normal_502.jpg
871,data/brutes_kaggle/NORMAL-LUNG_00871_normal_503.jpg,fkarimovv/abnormal-lung,normal,external,Importé depuis NORMAL-LUNG_00871_normal_503.jpg
872,data/brutes_kaggle/NORMAL-LUNG_00872_normal_504.jpg,fkarimovv/abnormal-lung,normal,external,Importé depuis NORMAL-LUNG_00872_normal_504.jpg
873,data/brutes_kaggle/NORMAL-LUNG_00873_normal_505.jpg,fkarimovv/abnormal-lung,normal,external,Importé depuis NORMAL-LUNG_00873_normal_505.jpg
874,data/brutes_kaggle/NORMAL-LUNG_00874_normal_506.jpg,fkarimovv/abnormal-lung,normal,external,Importé depuis NORMAL-LUNG_00874_normal_506.jpg
875,data/brutes_kaggle/NORMAL-LUNG_00875_normal_507.jpg,fkarimovv/abnormal-lung,normal,external,Importé depuis NORMAL-LUNG_00875_normal_507.jpg
876,data/brutes_kaggle/NORMAL-LUNG_00876_normal_508.jpg,fkarimovv/abnormal-lung,normal,external,Importé depuis NORMAL-LUNG_00876_normal_508.jpg
877,data/brutes_kaggle/NORMAL-LUNG_00877_normal_509.jpg,fkarimovv/abnormal-lung,normal,external,Importé depuis NORMAL-LUNG_00877_normal_509.jpg
878,data/brutes_kaggle/NORMAL-LUNG_00878_normal_510.jpg,fkarimovv/abnormal-lung,normal,external,Importé depuis NORMAL-LUNG_00878_normal_510.jpg
879,data/brutes_kaggle/NORMAL-LUNG_00879_normal_511.jpg,fkarimovv/abnormal-lung,normal,external,Importé depuis NORMAL-LUNG_00879_normal_511.jpg
880,data/brutes_kaggle/NORMAL-LUNG_00880_normal_512.jpg,fkarimovv/abnormal-lung,normal,external,Importé depuis NORMAL-LUNG_00880_normal_512.jpg
881,data/brutes_kaggle/NORMAL-LUNG_00881_normal_513.jpg,fkarimovv/abnormal-lung,normal,external,Importé depuis NORMAL-LUNG_00881_normal_513.jpg
882,data/brutes_kaggle/NORMAL-LUNG_00882_normal_514.jpg,fkarimovv/abnormal-lung,normal,external,Importé depuis NORMAL-LUNG_00882_normal_514.jpg
883,data/brutes_kaggle/NORMAL-LUNG_00883_normal_515.jpg,fkarimovv/abnormal-lung,normal,external,Importé depuis NORMAL-LUNG_00883_normal_515.jpg
884,data/brutes_kaggle/NORMAL-LUNG_00884_normal_516.jpg,fkarimovv/abnormal-lung,normal,external,Importé depuis NORMAL-LUNG_00884_normal_516.jpg
885,data/brutes_kaggle/NORMAL-LUNG_00885_normal_517.jpg,fkarimovv/abnormal-lung,normal,external,Importé depuis NORMAL-LUNG_00885_normal_517.jpg
886,data/brutes_kaggle/NORMAL-LUNG_00886_normal_518.jpg,fkarimovv/abnormal-lung,normal,external,Importé depuis NORMAL-LUNG_00886_normal_518.jpg
887,data/brutes_kaggle/NORMAL-LUNG_00887_normal_519.jpg,fkarimovv/abnormal-lung,normal,external,Importé depuis NORMAL-LUNG_00887_normal_519.jpg
888,data/brutes_kaggle/NORMAL-LUNG_00888_normal_520.jpg,fkarimovv/abnormal-lung,normal,external,Importé depuis NORMAL-LUNG_00888_normal_520.jpg
889,data/brutes_kaggle/NORMAL-LUNG_00889_normal_521.jpg,fkarimovv/abnormal-lung,normal,external,Importé depuis NORMAL-LUNG_00889_normal_521.jpg
890,data/brutes_kaggle/NORMAL-LUNG_00890_normal_522.jpg,fkarimovv/abnormal-lung,normal,external,Importé depuis NORMAL-LUNG_00890_normal_522.jpg
891,data/brutes_kaggle/NORMAL-LUNG_00891_normal_523.jpg,fkarimovv/abnormal-lung,normal,external,Importé depuis NORMAL-LUNG_00891_normal_523.jpg
892,data/brutes_kaggle/NORMAL-LUNG_00892_normal_524.jpg,fkarimovv/abnormal-lung,normal,external,Importé depuis NORMAL-LUNG_00892_normal_524.jpg
893,data/brutes_kaggle/NORMAL-LUNG_00893_normal_525.jpg,fkarimovv/abnormal-lung,normal,external,Importé depuis NORMAL-LUNG_00893_normal_525.jpg
894,data/brutes_kaggle/NORMAL-LUNG_00894_normal_526.jpg,fkarimovv/abnormal-lung,normal,external,Importé depuis NORMAL-LUNG_00894_normal_526.jpg
895,data/brutes_kaggle/NORMAL-LUNG_00895_normal_527.jpg,fkarimovv/abnormal-lung,normal,external,Importé depuis NORMAL-LUNG_00895_normal_527.jpg
896,data/brutes_kaggle/NORMAL-LUNG_00896_normal_528.jpg,fkarimovv/abnormal-lung,normal,external,Importé depuis NORMAL-LUNG_00896_normal_528.jpg
897,data/brutes_kaggle/NORMAL-LUNG_00897_normal_529.jpg,fkarimovv/abnormal-lung,normal,external,Importé depuis NORMAL-LUNG_00897_normal_529.jpg
898,data/brutes_kaggle/NORMAL-LUNG_00898_normal_531.jpg,fkarimovv/abnormal-lung,normal,external,Importé depuis NORMAL-LUNG_00898_normal_531.jpg
899,data/brutes_kaggle/NORMAL-LUNG_00899_normal_532.jpg,fkarimovv/abnormal-lung,normal,external,Importé depuis NORMAL-LUNG_00899_normal_532.jpg
900,data/brutes_kaggle/NORMAL-LUNG_00900_normal_533.jpg,fkarimovv/abnormal-lung,normal,external,Importé depuis NORMAL-LUNG_00900_normal_533.jpg
901,data/brutes_kaggle/NORMAL-LUNG_00901_normal_535.jpg,fkarimovv/abnormal-lung,normal,external,Importé depuis NORMAL-LUNG_00901_normal_535.jpg
902,data/brutes_kaggle/NORMAL-LUNG_00902_normal_536.jpg,fkarimovv/abnormal-lung,normal,external,Importé depuis NORMAL-LUNG_00902_normal_536.jpg
903,data/brutes_kaggle/NORMAL-LUNG_00903_normal_538.jpg,fkarimovv/abnormal-lung,normal,external,Importé depuis NORMAL-LUNG_00903_normal_538.jpg
904,data/brutes_kaggle/NORMAL-LUNG_00904_normal_540.jpg,fkarimovv/abnormal-lung,normal,external,Importé depuis NORMAL-LUNG_00904_normal_540.jpg
905,data/brutes_kaggle/NORMAL-LUNG_00905_normal_541.jpg,fkarimovv/abnormal-lung,normal,external,Importé depuis NORMAL-LUNG_00905_normal_541.jpg
906,data/brutes_kaggle/NORMAL-LUNG_00906_normal_543.jpg,fkarimovv/abnormal-lung,normal,external,Importé depuis NORMAL-LUNG_00906_normal_543.jpg
907,data/brutes_kaggle/NORMAL-LUNG_00907_normal_544.jpg,fkarimovv/abnormal-lung,normal,external,Importé depuis NORMAL-LUNG_00907_normal_544.jpg
908,data/brutes_kaggle/NORMAL-LUNG_00908_normal_545.jpg,fkarimovv/abnormal-lung,normal,external,Importé depuis NORMAL-LUNG_00908_normal_545.jpg
909,data/brutes_kaggle/NORMAL-LUNG_00909_normal_546.jpg,fkarimovv/abnormal-lung,normal,external,Importé depuis NORMAL-LUNG_00909_normal_546.jpg
910,data/brutes_kaggle/NORMAL-LUNG_00910_normal_547.jpg,fkarimovv/abnormal-lung,normal,external,Importé depuis NORMAL-LUNG_00910_normal_547.jpg
911,data/brutes_kaggle/NORMAL-LUNG_00911_normal_548.jpg,fkarimovv/abnormal-lung,normal,external,Importé depuis NORMAL-LUNG_00911_normal_548.jpg
912,data/brutes_kaggle/NORMAL-LUNG_00912_normal_549.jpg,fkarimovv/abnormal-lung,normal,external,Importé depuis NORMAL-LUNG_00912_normal_549.jpg
913,data/brutes_kaggle/NORMAL-LUNG_00913_normal_550.jpg,fkarimovv/abnormal-lung,normal,external,Importé depuis NORMAL-LUNG_00913_normal_550.jpg
914,data/brutes_kaggle/NORMAL-LUNG_00914_normal_551.jpg,fkarimovv/abnormal-lung,normal,external,Importé depuis NORMAL-LUNG_00914_normal_551.jpg
915,data/brutes_kaggle/NORMAL-LUNG_00915_normal_552.jpg,fkarimovv/abnormal-lung,normal,external,Importé depuis NORMAL-LUNG_00915_normal_552.jpg
916,data/brutes_kaggle/NORMAL-LUNG_00916_normal_553.jpg,fkarimovv/abnormal-lung,normal,external,Importé depuis NORMAL-LUNG_00916_normal_553.jpg
917,data/brutes_kaggle/NORMAL-LUNG_00917_normal_554.jpg,fkarimovv/abnormal-lung,normal,external,Importé depuis NORMAL-LUNG_00917_normal_554.jpg
918,data/brutes_kaggle/NORMAL-LUNG_00918_normal_555.jpg,fkarimovv/abnormal-lung,normal,external,Importé depuis NORMAL-LUNG_00918_normal_555.jpg
919,data/brutes_kaggle/NORMAL-LUNG_00919_normal_556.jpg,fkarimovv/abnormal-lung,normal,external,Importé depuis NORMAL-LUNG_00919_normal_556.jpg
920,data/brutes_kaggle/NORMAL-LUNG_00920_normal_557.jpg,fkarimovv/abnormal-lung,normal,external,Importé depuis NORMAL-LUNG_00920_normal_557.jpg
921,data/brutes_kaggle/NORMAL-LUNG_00921_normal_558.jpg,fkarimovv/abnormal-lung,normal,external,Importé depuis NORMAL-LUNG_00921_normal_558.jpg
922,data/brutes_kaggle/NORMAL-LUNG_00922_normal_559.jpg,fkarimovv/abnormal-lung,normal,external,Importé depuis NORMAL-LUNG_00922_normal_559.jpg
923,data/brutes_kaggle/NORMAL-LUNG_00923_normal_560.jpg,fkarimovv/abnormal-lung,normal,external,Importé depuis NORMAL-LUNG_00923_normal_560.jpg
924,data/brutes_kaggle/NORMAL-LUNG_00924_normal_561.jpg,fkarimovv/abnormal-lung,normal,external,Importé depuis NORMAL-LUNG_00924_normal_561.jpg
925,data/brutes_kaggle/NORMAL-LUNG_00925_normal_562.jpg,fkarimovv/abnormal-lung,normal,external,Importé depuis NORMAL-LUNG_00925_normal_562.jpg
926,data/brutes_kaggle/NORMAL-LUNG_00926_normal_564.jpg,fkarimovv/abnormal-lung,normal,external,Importé depuis NORMAL-LUNG_00926_normal_564.jpg
927,data/brutes_kaggle/NORMAL-LUNG_00927_normal_565.jpg,fkarimovv/abnormal-lung,normal,external,Importé depuis NORMAL-LUNG_00927_normal_565.jpg
928,data/brutes_kaggle/NORMAL-LUNG_00928_normal_567.jpg,fkarimovv/abnormal-lung,normal,external,Importé depuis NORMAL-LUNG_00928_normal_567.jpg
929,data/brutes_kaggle/NORMAL-LUNG_00929_normal_568.jpg,fkarimovv/abnormal-lung,normal,external,Importé depuis NORMAL-LUNG_00929_normal_568.jpg
930,data/brutes_kaggle/NORMAL-LUNG_00930_normal_569.jpg,fkarimovv/abnormal-lung,normal,external,Importé depuis NORMAL-LUNG_00930_normal_569.jpg
931,data/brutes_kaggle/NORMAL-LUNG_00931_normal_570.jpg,fkarimovv/abnormal-lung,normal,external,Importé depuis NORMAL-LUNG_00931_normal_570.jpg
932,data/brutes_kaggle/NORMAL-LUNG_00932_normal_571.jpg,fkarimovv/abnormal-lung,normal,external,Importé depuis NORMAL-LUNG_00932_normal_571.jpg
