case_id,image_path,source,label,split,quality,notes
ABNORMAL-LUNG_00001,data/lung_images/ABNORMAL-LUNG_00001_suspected_opacity_001.jpg,fkarimovv/abnormal-lung,suspected_opacity,external,unknown,Imported from 001.JPG
ABNORMAL-LUNG_00002,data/lung_images/ABNORMAL-LUNG_00002_suspected_opacity_002.jpg,fkarimovv/abnormal-lung,suspected_opacity,external,unknown,Imported from 002.JPG
ABNORMAL-LUNG_00003,data/lung_images/ABNORMAL-LUNG_00003_suspected_opacity_003.jpg,fkarimovv/abnormal-lung,suspected_opacity,external,unknown,Imported from 003.JPG
ABNORMAL-LUNG_00004,data/lung_images/ABNORMAL-LUNG_00004_suspected_opacity_004.jpg,fkarimovv/abnormal-lung,suspected_opacity,external,unknown,Imported from 004.JPG
ABNORMAL-LUNG_00005,data/lung_images/ABNORMAL-LUNG_00005_suspected_opacity_005.jpg,fkarimovv/abnormal-lung,suspected_opacity,external,unknown,Imported from 005.JPG
ABNORMAL-LUNG_00006,data/lung_images/ABNORMAL-LUNG_00006_suspected_opacity_006.jpg,fkarimovv/abnormal-lung,suspected_opacity,external,unknown,Imported from 006.JPG
ABNORMAL-LUNG_00007,data/lung_images/ABNORMAL-LUNG_00007_suspected_opacity_007.jpg,fkarimovv/abnormal-lung,suspected_opacity,external,unknown,Imported from 007.JPG
ABNORMAL-LUNG_00008,data/lung_images/ABNORMAL-LUNG_00008_suspected_opacity_008.jpg,fkarimovv/abnormal-lung,suspected_opacity,external,unknown,Imported from 008.JPG
ABNORMAL-LUNG_00009,data/lung_images/ABNORMAL-LUNG_00009_suspected_opacity_009.jpg,fkarimovv/abnormal-lung,suspected_opacity,external,unknown,Imported from 009.JPG
ABNORMAL-LUNG_00010,data/lung_images/ABNORMAL-LUNG_00010_suspected_opacity_010.jpg,fkarimovv/abnormal-lung,suspected_opacity,external,unknown,Imported from 010.JPG
ABNORMAL-LUNG_00011,data/lung_images/ABNORMAL-LUNG_00011_suspected_opacity_011.jpg,fkarimovv/abnormal-lung,suspected_opacity,external,unknown,Imported from 011.JPG
ABNORMAL-LUNG_00012,data/lung_images/ABNORMAL-LUNG_00012_suspected_opacity_012.jpg,fkarimovv/abnormal-lung,suspected_opacity,external,unknown,Imported from 012.JPG
ABNORMAL-LUNG_00013,data/lung_images/ABNORMAL-LUNG_00013_suspected_opacity_013.jpg,fkarimovv/abnormal-lung,suspected_opacity,external,unknown,Imported from 013.JPG
ABNORMAL-LUNG_00014,data/lung_images/ABNORMAL-LUNG_00014_suspected_opacity_014.jpg,fkarimovv/abnormal-lung,suspected_opacity,external,unknown,Imported from 014.JPG
ABNORMAL-LUNG_00015,data/lung_images/ABNORMAL-LUNG_00015_suspected_opacity_015.jpg,fkarimovv/abnormal-lung,suspected_opacity,external,unknown,Imported from 015.JPG
ABNORMAL-LUNG_00016,data/lung_images/ABNORMAL-LUNG_00016_suspected_opacity_016.jpg,fkarimovv/abnormal-lung,suspected_opacity,external,unknown,Imported from 016.JPG
ABNORMAL-LUNG_00017,data/lung_images/ABNORMAL-LUNG_00017_suspected_opacity_017.jpg,fkarimovv/abnormal-lung,suspected_opacity,external,unknown,Imported from 017.JPG
ABNORMAL-LUNG_00018,data/lung_images/ABNORMAL-LUNG_00018_suspected_opacity_018.jpg,fkarimovv/abnormal-lung,suspected_opacity,external,unknown,Imported from 018.JPG
ABNORMAL-LUNG_00019,data/lung_images/ABNORMAL-LUNG_00019_suspected_opacity_019.jpg,fkarimovv/abnormal-lung,suspected_opacity,external,unknown,Imported from 019.JPG
ABNORMAL-LUNG_00020,data/lung_images/ABNORMAL-LUNG_00020_suspected_opacity_020.jpg,fkarimovv/abnormal-lung,suspected_opacity,external,unknown,Imported from 020.JPG
ABNORMAL-LUNG_00021,data/lung_images/ABNORMAL-LUNG_00021_suspected_opacity_021.jpg,fkarimovv/abnormal-lung,suspected_opacity,external,unknown,Imported from 021.JPG
ABNORMAL-LUNG_00022,data/lung_images/ABNORMAL-LUNG_00022_suspected_opacity_022.jpg,fkarimovv/abnormal-lung,suspected_opacity,external,unknown,Imported from 022.JPG
ABNORMAL-LUNG_00023,data/lung_images/ABNORMAL-LUNG_00023_suspected_opacity_023.jpg,fkarimovv/abnormal-lung,suspected_opacity,external,unknown,Imported from 023.JPG
ABNORMAL-LUNG_00024,data/lung_images/ABNORMAL-LUNG_00024_suspected_opacity_024.jpg,fkarimovv/abnormal-lung,suspected_opacity,external,unknown,Imported from 024.JPG
ABNORMAL-LUNG_00025,data/lung_images/ABNORMAL-LUNG_00025_suspected_opacity_025.jpg,fkarimovv/abnormal-lung,suspected_opacity,external,unknown,Imported from 025.JPG
ABNORMAL-LUNG_00026,data/lung_images/ABNORMAL-LUNG_00026_suspected_opacity_026.jpg,fkarimovv/abnormal-lung,suspected_opacity,external,unknown,Imported from 026.JPG
ABNORMAL-LUNG_00027,data/lung_images/ABNORMAL-LUNG_00027_suspected_opacity_027.jpg,fkarimovv/abnormal-lung,suspected_opacity,external,unknown,Imported from 027.JPG
ABNORMAL-LUNG_00028,data/lung_images/ABNORMAL-LUNG_00028_suspected_opacity_028.jpg,fkarimovv/abnormal-lung,suspected_opacity,external,unknown,Imported from 028.JPG
ABNORMAL-LUNG_00029,data/lung_images/ABNORMAL-LUNG_00029_suspected_opacity_029.jpg,fkarimovv/abnormal-lung,suspected_opacity,external,unknown,Imported from 029.JPG
ABNORMAL-LUNG_00030,data/lung_images/ABNORMAL-LUNG_00030_suspected_opacity_030.jpg,fkarimovv/abnormal-lung,suspected_opacity,external,unknown,Imported from 030.JPG
ABNORMAL-LUNG_00031,data/lung_images/ABNORMAL-LUNG_00031_suspected_opacity_031.jpg,fkarimovv/abnormal-lung,suspected_opacity,external,unknown,Imported from 031.JPG
ABNORMAL-LUNG_00032,data/lung_images/ABNORMAL-LUNG_00032_suspected_opacity_032.jpg,fkarimovv/abnormal-lung,suspected_opacity,external,unknown,Imported from 032.JPG
ABNORMAL-LUNG_00033,data/lung_images/ABNORMAL-LUNG_00033_suspected_opacity_033.jpg,fkarimovv/abnormal-lung,suspected_opacity,external,unknown,Imported from 033.JPG
ABNORMAL-LUNG_00034,data/lung_images/ABNORMAL-LUNG_00034_suspected_opacity_036.jpg,fkarimovv/abnormal-lung,suspected_opacity,external,unknown,Imported from 036.JPG
ABNORMAL-LUNG_00035,data/lung_images/ABNORMAL-LUNG_00035_suspected_opacity_037.jpg,fkarimovv/abnormal-lung,suspected_opacity,external,unknown,Imported from 037.JPG
ABNORMAL-LUNG_00036,data/lung_images/ABNORMAL-LUNG_00036_suspected_opacity_038.jpg,fkarimovv/abnormal-lung,suspected_opacity,external,unknown,Imported from 038.JPG
ABNORMAL-LUNG_00037,data/lung_images/ABNORMAL-LUNG_00037_suspected_opacity_039.jpg,fkarimovv/abnormal-lung,suspected_opacity,external,unknown,Imported from 039.JPG
ABNORMAL-LUNG_00038,data/lung_images/ABNORMAL-LUNG_00038_suspected_opacity_041.jpg,fkarimovv/abnormal-lung,suspected_opacity,external,unknown,Imported from 041.JPG
ABNORMAL-LUNG_00039,data/lung_images/ABNORMAL-LUNG_00039_suspected_opacity_043.jpg,fkarimovv/abnormal-lung,suspected_opacity,external,unknown,Imported from 043.JPG
ABNORMAL-LUNG_00040,data/lung_images/ABNORMAL-LUNG_00040_suspected_opacity_046.jpg,fkarimovv/abnormal-lung,suspected_opacity,external,unknown,Imported from 046.JPG
ABNORMAL-LUNG_00041,data/lung_images/ABNORMAL-LUNG_00041_suspected_opacity_047.jpg,fkarimovv/abnormal-lung,suspected_opacity,external,unknown,Imported from 047.JPG
ABNORMAL-LUNG_00042,data/lung_images/ABNORMAL-LUNG_00042_suspected_opacity_048.jpg,fkarimovv/abnormal-lung,suspected_opacity,external,unknown,Imported from 048.JPG
ABNORMAL-LUNG_00043,data/lung_images/ABNORMAL-LUNG_00043_suspected_opacity_049.jpg,fkarimovv/abnormal-lung,suspected_opacity,external,unknown,Imported from 049.JPG
ABNORMAL-LUNG_00044,data/lung_images/ABNORMAL-LUNG_00044_suspected_opacity_051.jpg,fkarimovv/abnormal-lung,suspected_opacity,external,unknown,Imported from 051.JPG
ABNORMAL-LUNG_00045,data/lung_images/ABNORMAL-LUNG_00045_suspected_opacity_052.jpg,fkarimovv/abnormal-lung,suspected_opacity,external,unknown,Imported from 052.JPG
ABNORMAL-LUNG_00046,data/lung_images/ABNORMAL-LUNG_00046_suspected_opacity_053.jpg,fkarimovv/abnormal-lung,suspected_opacity,external,unknown,Imported from 053.JPG
ABNORMAL-LUNG_00047,data/lung_images/ABNORMAL-LUNG_00047_suspected_opacity_054.jpg,fkarimovv/abnormal-lung,suspected_opacity,external,unknown,Imported from 054.JPG
ABNORMAL-LUNG_00048,data/lung_images/ABNORMAL-LUNG_00048_suspected_opacity_055.jpg,fkarimovv/abnormal-lung,suspected_opacity,external,unknown,Imported from 055.JPG
ABNORMAL-LUNG_00049,data/lung_images/ABNORMAL-LUNG_00049_suspected_opacity_056.jpg,fkarimovv/abnormal-lung,suspected_opacity,external,unknown,Imported from 056.JPG
ABNORMAL-LUNG_00050,data/lung_images/ABNORMAL-LUNG_00050_suspected_opacity_057.jpg,fkarimovv/abnormal-lung,suspected_opacity,external,unknown,Imported from 057.JPG
ABNORMAL-LUNG_00051,data/lung_images/ABNORMAL-LUNG_00051_suspected_opacity_058.jpg,fkarimovv/abnormal-lung,suspected_opacity,external,unknown,Imported from 058.JPG
ABNORMAL-LUNG_00052,data/lung_images/ABNORMAL-LUNG_00052_suspected_opacity_059.jpg,fkarimovv/abnormal-lung,suspected_opacity,external,unknown,Imported from 059.JPG
ABNORMAL-LUNG_00053,data/lung_images/ABNORMAL-LUNG_00053_suspected_opacity_060.jpg,fkarimovv/abnormal-lung,suspected_opacity,external,unknown,Imported from 060.JPG
ABNORMAL-LUNG_00054,data/lung_images/ABNORMAL-LUNG_00054_suspected_opacity_061.jpg,fkarimovv/abnormal-lung,suspected_opacity,external,unknown,Imported from 061.JPG
ABNORMAL-LUNG_00055,data/lung_images/ABNORMAL-LUNG_00055_suspected_opacity_062.jpg,fkarimovv/abnormal-lung,suspected_opacity,external,unknown,Imported from 062.JPG
ABNORMAL-LUNG_00056,data/lung_images/ABNORMAL-LUNG_00056_suspected_opacity_063.jpg,fkarimovv/abnormal-lung,suspected_opacity,external,unknown,Imported from 063.JPG
ABNORMAL-LUNG_00057,data/lung_images/ABNORMAL-LUNG_00057_suspected_opacity_064.jpg,fkarimovv/abnormal-lung,suspected_opacity,external,unknown,Imported from 064.JPG
ABNORMAL-LUNG_00058,data/lung_images/ABNORMAL-LUNG_00058_suspected_opacity_065.jpg,fkarimovv/abnormal-lung,suspected_opacity,external,unknown,Imported from 065.JPG
ABNORMAL-LUNG_00059,data/lung_images/ABNORMAL-LUNG_00059_suspected_opacity_066.jpg,fkarimovv/abnormal-lung,suspected_opacity,external,unknown,Imported from 066.JPG
ABNORMAL-LUNG_00060,data/lung_images/ABNORMAL-LUNG_00060_suspected_opacity_067.jpg,fkarimovv/abnormal-lung,suspected_opacity,external,unknown,Imported from 067.JPG
ABNORMAL-LUNG_00061,data/lung_images/ABNORMAL-LUNG_00061_suspected_opacity_068.jpg,fkarimovv/abnormal-lung,suspected_opacity,external,unknown,Imported from 068.JPG
ABNORMAL-LUNG_00062,data/lung_images/ABNORMAL-LUNG_00062_suspected_opacity_069.jpg,fkarimovv/abnormal-lung,suspected_opacity,external,unknown,Imported from 069.JPG
ABNORMAL-LUNG_00063,data/lung_images/ABNORMAL-LUNG_00063_suspected_opacity_070.jpg,fkarimovv/abnormal-lung,suspected_opacity,external,unknown,Imported from 070.JPG
ABNORMAL-LUNG_00064,data/lung_images/ABNORMAL-LUNG_00064_suspected_opacity_071.jpg,fkarimovv/abnormal-lung,suspected_opacity,external,unknown,Imported from 071.JPG
ABNORMAL-LUNG_00065,data/lung_images/ABNORMAL-LUNG_00065_suspected_opacity_072.jpg,fkarimovv/abnormal-lung,suspected_opacity,external,unknown,Imported from 072.JPG
ABNORMAL-LUNG_00066,data/lung_images/ABNORMAL-LUNG_00066_suspected_opacity_073.jpg,fkarimovv/abnormal-lung,suspected_opacity,external,unknown,Imported from 073.JPG
ABNORMAL-LUNG_00067,data/lung_images/ABNORMAL-LUNG_00067_suspected_opacity_074.jpg,fkarimovv/abnormal-lung,suspected_opacity,external,unknown,Imported from 074.JPG
ABNORMAL-LUNG_00068,data/lung_images/ABNORMAL-LUNG_00068_suspected_opacity_075.jpg,fkarimovv/abnormal-lung,suspected_opacity,external,unknown,Imported from 075.JPG
ABNORMAL-LUNG_00069,data/lung_images/ABNORMAL-LUNG_00069_suspected_opacity_076.jpg,fkarimovv/abnormal-lung,suspected_opacity,external,unknown,Imported from 076.JPG
ABNORMAL-LUNG_00070,data/lung_images/ABNORMAL-LUNG_00070_suspected_opacity_077.jpg,fkarimovv/abnormal-lung,suspected_opacity,external,unknown,Imported from 077.JPG
ABNORMAL-LUNG_00071,data/lung_images/ABNORMAL-LUNG_00071_suspected_opacity_078.jpg,fkarimovv/abnormal-lung,suspected_opacity,external,unknown,Imported from 078.JPG
ABNORMAL-LUNG_00072,data/lung_images/ABNORMAL-LUNG_00072_suspected_opacity_079.jpg,fkarimovv/abnormal-lung,suspected_opacity,external,unknown,Imported from 079.JPG
ABNORMAL-LUNG_00073,data/lung_images/ABNORMAL-LUNG_00073_suspected_opacity_080.jpg,fkarimovv/abnormal-lung,suspected_opacity,external,unknown,Imported from 080.JPG
ABNORMAL-LUNG_00074,data/lung_images/ABNORMAL-LUNG_00074_suspected_opacity_081.jpg,fkarimovv/abnormal-lung,suspected_opacity,external,unknown,Imported from 081.JPG
ABNORMAL-LUNG_00075,data/lung_images/ABNORMAL-LUNG_00075_suspected_opacity_082.jpg,fkarimovv/abnormal-lung,suspected_opacity,external,unknown,Imported from 082.JPG
ABNORMAL-LUNG_00076,data/lung_images/ABNORMAL-LUNG_00076_suspected_opacity_083.jpg,fkarimovv/abnormal-lung,suspected_opacity,external,unknown,Imported from 083.JPG
ABNORMAL-LUNG_00077,data/lung_images/ABNORMAL-LUNG_00077_suspected_opacity_084.jpg,fkarimovv/abnormal-lung,suspected_opacity,external,unknown,Imported from 084.JPG
ABNORMAL-LUNG_00078,data/lung_images/ABNORMAL-LUNG_00078_suspected_opacity_085.jpg,fkarimovv/abnormal-lung,suspected_opacity,external,unknown,Imported from 085.JPG
ABNORMAL-LUNG_00079,data/lung_images/ABNORMAL-LUNG_00079_suspected_opacity_086.jpg,fkarimovv/abnormal-lung,suspected_opacity,external,unknown,Imported from 086.JPG
ABNORMAL-LUNG_00080,data/lung_images/ABNORMAL-LUNG_00080_suspected_opacity_087.jpg,fkarimovv/abnormal-lung,suspected_opacity,external,unknown,Imported from 087.JPG
ABNORMAL-LUNG_00081,data/lung_images/ABNORMAL-LUNG_00081_suspected_opacity_088.jpg,fkarimovv/abnormal-lung,suspected_opacity,external,unknown,Imported from 088.JPG
ABNORMAL-LUNG_00082,data/lung_images/ABNORMAL-LUNG_00082_suspected_opacity_089.jpg,fkarimovv/abnormal-lung,suspected_opacity,external,unknown,Imported from 089.JPG
ABNORMAL-LUNG_00083,data/lung_images/ABNORMAL-LUNG_00083_suspected_opacity_090.jpg,fkarimovv/abnormal-lung,suspected_opacity,external,unknown,Imported from 090.JPG
ABNORMAL-LUNG_00084,data/lung_images/ABNORMAL-LUNG_00084_suspected_opacity_091.jpg,fkarimovv/abnormal-lung,suspected_opacity,external,unknown,Imported from 091.JPG
ABNORMAL-LUNG_00085,data/lung_images/ABNORMAL-LUNG_00085_suspected_opacity_092.jpg,fkarimovv/abnormal-lung,suspected_opacity,external,unknown,Imported from 092.JPG
ABNORMAL-LUNG_00086,data/lung_images/ABNORMAL-LUNG_00086_suspected_opacity_093.jpg,fkarimovv/abnormal-lung,suspected_opacity,external,unknown,Imported from 093.JPG
ABNORMAL-LUNG_00087,data/lung_images/ABNORMAL-LUNG_00087_suspected_opacity_094.jpg,fkarimovv/abnormal-lung,suspected_opacity,external,unknown,Imported from 094.JPG
ABNORMAL-LUNG_00088,data/lung_images/ABNORMAL-LUNG_00088_suspected_opacity_095.jpg,fkarimovv/abnormal-lung,suspected_opacity,external,unknown,Imported from 095.JPG
ABNORMAL-LUNG_00089,data/lung_images/ABNORMAL-LUNG_00089_suspected_opacity_096.jpg,fkarimovv/abnormal-lung,suspected_opacity,external,unknown,Imported from 096.JPG
ABNORMAL-LUNG_00090,data/lung_images/ABNORMAL-LUNG_00090_suspected_opacity_097.jpg,fkarimovv/abnormal-lung,suspected_opacity,external,unknown,Imported from 097.JPG
ABNORMAL-LUNG_00091,data/lung_images/ABNORMAL-LUNG_00091_suspected_opacity_098.jpg,fkarimovv/abnormal-lung,suspected_opacity,external,unknown,Imported from 098.JPG
ABNORMAL-LUNG_00092,data/lung_images/ABNORMAL-LUNG_00092_suspected_opacity_099.jpg,fkarimovv/abnormal-lung,suspected_opacity,external,unknown,Imported from 099.JPG
ABNORMAL-LUNG_00093,data/lung_images/ABNORMAL-LUNG_00093_suspected_opacity_100.jpg,fkarimovv/abnormal-lung,suspected_opacity,external,unknown,Imported from 100.JPG
ABNORMAL-LUNG_00094,data/lung_images/ABNORMAL-LUNG_00094_suspected_opacity_101.jpg,fkarimovv/abnormal-lung,suspected_opacity,external,unknown,Imported from 101.JPG
ABNORMAL-LUNG_00095,data/lung_images/ABNORMAL-LUNG_00095_suspected_opacity_102.jpg,fkarimovv/abnormal-lung,suspected_opacity,external,unknown,Imported from 102.JPG
ABNORMAL-LUNG_00096,data/lung_images/ABNORMAL-LUNG_00096_suspected_opacity_103.jpg,fkarimovv/abnormal-lung,suspected_opacity,external,unknown,Imported from 103.JPG
ABNORMAL-LUNG_00097,data/lung_images/ABNORMAL-LUNG_00097_suspected_opacity_104.jpg,fkarimovv/abnormal-lung,suspected_opacity,external,unknown,Imported from 104.JPG
ABNORMAL-LUNG_00098,data/lung_images/ABNORMAL-LUNG_00098_suspected_opacity_105.jpg,fkarimovv/abnormal-lung,suspected_opacity,external,unknown,Imported from 105.JPG
ABNORMAL-LUNG_00099,data/lung_images/ABNORMAL-LUNG_00099_suspected_opacity_106.jpg,fkarimovv/abnormal-lung,suspected_opacity,external,unknown,Imported from 106.JPG
ABNORMAL-LUNG_00100,data/lung_images/ABNORMAL-LUNG_00100_suspected_opacity_107.jpg,fkarimovv/abnormal-lung,suspected_opacity,external,unknown,Imported from 107.JPG
ABNORMAL-LUNG_00101,data/lung_images/ABNORMAL-LUNG_00101_suspected_opacity_108.jpg,fkarimovv/abnormal-lung,suspected_opacity,external,unknown,Imported from 108.JPG
ABNORMAL-LUNG_00102,data/lung_images/ABNORMAL-LUNG_00102_suspected_opacity_109.jpg,fkarimovv/abnormal-lung,suspected_opacity,external,unknown,Imported from 109.JPG
ABNORMAL-LUNG_00103,data/lung_images/ABNORMAL-LUNG_00103_suspected_opacity_110.jpg,fkarimovv/abnormal-lung,suspected_opacity,external,unknown,Imported from 110.JPG
ABNORMAL-LUNG_00104,data/lung_images/ABNORMAL-LUNG_00104_suspected_opacity_111.jpg,fkarimovv/abnormal-lung,suspected_opacity,external,unknown,Imported from 111.JPG
ABNORMAL-LUNG_00105,data/lung_images/ABNORMAL-LUNG_00105_suspected_opacity_112.jpg,fkarimovv/abnormal-lung,suspected_opacity,external,unknown,Imported from 112.JPG
ABNORMAL-LUNG_00106,data/lung_images/ABNORMAL-LUNG_00106_suspected_opacity_113.jpg,fkarimovv/abnormal-lung,suspected_opacity,external,unknown,Imported from 113.JPG
ABNORMAL-LUNG_00107,data/lung_images/ABNORMAL-LUNG_00107_suspected_opacity_114.jpg,fkarimovv/abnormal-lung,suspected_opacity,external,unknown,Imported from 114.JPG
ABNORMAL-LUNG_00108,data/lung_images/ABNORMAL-LUNG_00108_suspected_opacity_115.jpg,fkarimovv/abnormal-lung,suspected_opacity,external,unknown,Imported from 115.JPG
ABNORMAL-LUNG_00109,data/lung_images/ABNORMAL-LUNG_00109_suspected_opacity_116.jpg,fkarimovv/abnormal-lung,suspected_opacity,external,unknown,Imported from 116.JPG
ABNORMAL-LUNG_00110,data/lung_images/ABNORMAL-LUNG_00110_suspected_opacity_117.jpg,fkarimovv/abnormal-lung,suspected_opacity,external,unknown,Imported from 117.JPG
ABNORMAL-LUNG_00111,data/lung_images/ABNORMAL-LUNG_00111_suspected_opacity_118.jpg,fkarimovv/abnormal-lung,suspected_opacity,external,unknown,Imported from 118.JPG
ABNORMAL-LUNG_00112,data/lung_images/ABNORMAL-LUNG_00112_suspected_opacity_119.jpg,fkarimovv/abnormal-lung,suspected_opacity,external,unknown,Imported from 119.JPG
ABNORMAL-LUNG_00113,data/lung_images/ABNORMAL-LUNG_00113_suspected_opacity_120.jpg,fkarimovv/abnormal-lung,suspected_opacity,external,unknown,Imported from 120.JPG
ABNORMAL-LUNG_00114,data/lung_images/ABNORMAL-LUNG_00114_suspected_opacity_121.jpg,fkarimovv/abnormal-lung,suspected_opacity,external,unknown,Imported from 121.JPG
ABNORMAL-LUNG_00115,data/lung_images/ABNORMAL-LUNG_00115_suspected_opacity_122.jpg,fkarimovv/abnormal-lung,suspected_opacity,external,unknown,Imported from 122.JPG
ABNORMAL-LUNG_00116,data/lung_images/ABNORMAL-LUNG_00116_suspected_opacity_123.jpg,fkarimovv/abnormal-lung,suspected_opacity,external,unknown,Imported from 123.JPG
ABNORMAL-LUNG_00117,data/lung_images/ABNORMAL-LUNG_00117_suspected_opacity_125.jpg,fkarimovv/abnormal-lung,suspected_opacity,external,unknown,Imported from 125.JPG
ABNORMAL-LUNG_00118,data/lung_images/ABNORMAL-LUNG_00118_suspected_opacity_126.jpg,fkarimovv/abnormal-lung,suspected_opacity,external,unknown,Imported from 126.JPG
ABNORMAL-LUNG_00119,data/lung_images/ABNORMAL-LUNG_00119_suspected_opacity_127.jpg,fkarimovv/abnormal-lung,suspected_opacity,external,unknown,Imported from 127.JPG
ABNORMAL-LUNG_00120,data/lung_images/ABNORMAL-LUNG_00120_suspected_opacity_128.jpg,fkarimovv/abnormal-lung,suspected_opacity,external,unknown,Imported from 128.JPG
ABNORMAL-LUNG_00121,data/lung_images/ABNORMAL-LUNG_00121_suspected_opacity_130.jpg,fkarimovv/abnormal-lung,suspected_opacity,external,unknown,Imported from 130.JPG
ABNORMAL-LUNG_00122,data/lung_images/ABNORMAL-LUNG_00122_suspected_opacity_131.jpg,fkarimovv/abnormal-lung,suspected_opacity,external,unknown,Imported from 131.JPG
ABNORMAL-LUNG_00123,data/lung_images/ABNORMAL-LUNG_00123_suspected_opacity_132.jpg,fkarimovv/abnormal-lung,suspected_opacity,external,unknown,Imported from 132.JPG
ABNORMAL-LUNG_00124,data/lung_images/ABNORMAL-LUNG_00124_suspected_opacity_133.jpg,fkarimovv/abnormal-lung,suspected_opacity,external,unknown,Imported from 133.JPG
ABNORMAL-LUNG_00125,data/lung_images/ABNORMAL-LUNG_00125_suspected_opacity_134.jpg,fkarimovv/abnormal-lung,suspected_opacity,external,unknown,Imported from 134.JPG
ABNORMAL-LUNG_00126,data/lung_images/ABNORMAL-LUNG_00126_suspected_opacity_135.jpg,fkarimovv/abnormal-lung,suspected_opacity,external,unknown,Imported from 135.JPG
ABNORMAL-LUNG_00127,data/lung_images/ABNORMAL-LUNG_00127_suspected_opacity_136.jpg,fkarimovv/abnormal-lung,suspected_opacity,external,unknown,Imported from 136.JPG
ABNORMAL-LUNG_00128,data/lung_images/ABNORMAL-LUNG_00128_suspected_opacity_137.jpg,fkarimovv/abnormal-lung,suspected_opacity,external,unknown,Imported from 137.JPG
ABNORMAL-LUNG_00129,data/lung_images/ABNORMAL-LUNG_00129_suspected_opacity_138.jpg,fkarimovv/abnormal-lung,suspected_opacity,external,unknown,Imported from 138.JPG
ABNORMAL-LUNG_00130,data/lung_images/ABNORMAL-LUNG_00130_suspected_opacity_139.jpg,fkarimovv/abnormal-lung,suspected_opacity,external,unknown,Imported from 139.JPG
ABNORMAL-LUNG_00131,data/lung_images/ABNORMAL-LUNG_00131_suspected_opacity_140.jpg,fkarimovv/abnormal-lung,suspected_opacity,external,unknown,Imported from 140.JPG
ABNORMAL-LUNG_00132,data/lung_images/ABNORMAL-LUNG_00132_suspected_opacity_141.jpg,fkarimovv/abnormal-lung,suspected_opacity,external,unknown,Imported from 141.JPG
ABNORMAL-LUNG_00133,data/lung_images/ABNORMAL-LUNG_00133_suspected_opacity_142.jpg,fkarimovv/abnormal-lung,suspected_opacity,external,unknown,Imported from 142.JPG
ABNORMAL-LUNG_00134,data/lung_images/ABNORMAL-LUNG_00134_suspected_opacity_143.jpg,fkarimovv/abnormal-lung,suspected_opacity,external,unknown,Imported from 143.JPG
ABNORMAL-LUNG_00135,data/lung_images/ABNORMAL-LUNG_00135_suspected_opacity_144.jpg,fkarimovv/abnormal-lung,suspected_opacity,external,unknown,Imported from 144.JPG
ABNORMAL-LUNG_00136,data/lung_images/ABNORMAL-LUNG_00136_suspected_opacity_145.jpg,fkarimovv/abnormal-lung,suspected_opacity,external,unknown,Imported from 145.JPG
ABNORMAL-LUNG_00137,data/lung_images/ABNORMAL-LUNG_00137_suspected_opacity_146.jpg,fkarimovv/abnormal-lung,suspected_opacity,external,unknown,Imported from 146.JPG
ABNORMAL-LUNG_00138,data/lung_images/ABNORMAL-LUNG_00138_suspected_opacity_147.jpg,fkarimovv/abnormal-lung,suspected_opacity,external,unknown,Imported from 147.JPG
ABNORMAL-LUNG_00139,data/lung_images/ABNORMAL-LUNG_00139_suspected_opacity_148.jpg,fkarimovv/abnormal-lung,suspected_opacity,external,unknown,Imported from 148.JPG
ABNORMAL-LUNG_00140,data/lung_images/ABNORMAL-LUNG_00140_suspected_opacity_149.jpg,fkarimovv/abnormal-lung,suspected_opacity,external,unknown,Imported from 149.JPG
ABNORMAL-LUNG_00141,data/lung_images/ABNORMAL-LUNG_00141_suspected_opacity_150.jpg,fkarimovv/abnormal-lung,suspected_opacity,external,unknown,Imported from 150.JPG
ABNORMAL-LUNG_00142,data/lung_images/ABNORMAL-LUNG_00142_suspected_opacity_151.jpg,fkarimovv/abnormal-lung,suspected_opacity,external,unknown,Imported from 151.JPG
ABNORMAL-LUNG_00143,data/lung_images/ABNORMAL-LUNG_00143_suspected_opacity_152.jpg,fkarimovv/abnormal-lung,suspected_opacity,external,unknown,Imported from 152.JPG
ABNORMAL-LUNG_00144,data/lung_images/ABNORMAL-LUNG_00144_suspected_opacity_153.jpg,fkarimovv/abnormal-lung,suspected_opacity,external,unknown,Imported from 153.JPG
ABNORMAL-LUNG_00145,data/lung_images/ABNORMAL-LUNG_00145_suspected_opacity_154.jpg,fkarimovv/abnormal-lung,suspected_opacity,external,unknown,Imported from 154.JPG
ABNORMAL-LUNG_00146,data/lung_images/ABNORMAL-LUNG_00146_suspected_opacity_156.jpg,fkarimovv/abnormal-lung,suspected_opacity,external,unknown,Imported from 156.JPG
ABNORMAL-LUNG_00147,data/lung_images/ABNORMAL-LUNG_00147_suspected_opacity_157.jpg,fkarimovv/abnormal-lung,suspected_opacity,external,unknown,Imported from 157.JPG
ABNORMAL-LUNG_00148,data/lung_images/ABNORMAL-LUNG_00148_suspected_opacity_158.jpg,fkarimovv/abnormal-lung,suspected_opacity,external,unknown,Imported from 158.JPG
ABNORMAL-LUNG_00149,data/lung_images/ABNORMAL-LUNG_00149_suspected_opacity_159.jpg,fkarimovv/abnormal-lung,suspected_opacity,external,unknown,Imported from 159.JPG
ABNORMAL-LUNG_00150,data/lung_images/ABNORMAL-LUNG_00150_suspected_opacity_160.jpg,fkarimovv/abnormal-lung,suspected_opacity,external,unknown,Imported from 160.JPG
ABNORMAL-LUNG_00151,data/lung_images/ABNORMAL-LUNG_00151_suspected_opacity_161.jpg,fkarimovv/abnormal-lung,suspected_opacity,external,unknown,Imported from 161.JPG
ABNORMAL-LUNG_00152,data/lung_images/ABNORMAL-LUNG_00152_suspected_opacity_162.jpg,fkarimovv/abnormal-lung,suspected_opacity,external,unknown,Imported from 162.JPG
ABNORMAL-LUNG_00153,data/lung_images/ABNORMAL-LUNG_00153_suspected_opacity_163.jpg,fkarimovv/abnormal-lung,suspected_opacity,external,unknown,Imported from 163.JPG
ABNORMAL-LUNG_00154,data/lung_images/ABNORMAL-LUNG_00154_suspected_opacity_164.jpg,fkarimovv/abnormal-lung,suspected_opacity,external,unknown,Imported from 164.JPG
ABNORMAL-LUNG_00155,data/lung_images/ABNORMAL-LUNG_00155_suspected_opacity_165.jpg,fkarimovv/abnormal-lung,suspected_opacity,external,unknown,Imported from 165.JPG
ABNORMAL-LUNG_00156,data/lung_images/ABNORMAL-LUNG_00156_suspected_opacity_166.jpg,fkarimovv/abnormal-lung,suspected_opacity,external,unknown,Imported from 166.JPG
ABNORMAL-LUNG_00157,data/lung_images/ABNORMAL-LUNG_00157_suspected_opacity_167.jpg,fkarimovv/abnormal-lung,suspected_opacity,external,unknown,Imported from 167.JPG
ABNORMAL-LUNG_00158,data/lung_images/ABNORMAL-LUNG_00158_suspected_opacity_168.jpg,fkarimovv/abnormal-lung,suspected_opacity,external,unknown,Imported from 168.JPG
ABNORMAL-LUNG_00159,data/lung_images/ABNORMAL-LUNG_00159_suspected_opacity_169.jpg,fkarimovv/abnormal-lung,suspected_opacity,external,unknown,Imported from 169.JPG
ABNORMAL-LUNG_00160,data/lung_images/ABNORMAL-LUNG_00160_suspected_opacity_170.jpg,fkarimovv/abnormal-lung,suspected_opacity,external,unknown,Imported from 170.JPG
ABNORMAL-LUNG_00161,data/lung_images/ABNORMAL-LUNG_00161_suspected_opacity_171.jpg,fkarimovv/abnormal-lung,suspected_opacity,external,unknown,Imported from 171.JPG
ABNORMAL-LUNG_00162,data/lung_images/ABNORMAL-LUNG_00162_suspected_opacity_172.jpg,fkarimovv/abnormal-lung,suspected_opacity,external,unknown,Imported from 172.JPG
ABNORMAL-LUNG_00163,data/lung_images/ABNORMAL-LUNG_00163_suspected_opacity_173.jpg,fkarimovv/abnormal-lung,suspected_opacity,external,unknown,Imported from 173.JPG
ABNORMAL-LUNG_00164,data/lung_images/ABNORMAL-LUNG_00164_suspected_opacity_174.jpg,fkarimovv/abnormal-lung,suspected_opacity,external,unknown,Imported from 174.JPG
ABNORMAL-LUNG_00165,data/lung_images/ABNORMAL-LUNG_00165_suspected_opacity_175.jpg,fkarimovv/abnormal-lung,suspected_opacity,external,unknown,Imported from 175.JPG
ABNORMAL-LUNG_00166,data/lung_images/ABNORMAL-LUNG_00166_suspected_opacity_176.jpg,fkarimovv/abnormal-lung,suspected_opacity,external,unknown,Imported from 176.JPG
ABNORMAL-LUNG_00167,data/lung_images/ABNORMAL-LUNG_00167_suspected_opacity_177.jpg,fkarimovv/abnormal-lung,suspected_opacity,external,unknown,Imported from 177.JPG
ABNORMAL-LUNG_00168,data/lung_images/ABNORMAL-LUNG_00168_suspected_opacity_178.jpg,fkarimovv/abnormal-lung,suspected_opacity,external,unknown,Imported from 178.JPG
ABNORMAL-LUNG_00169,data/lung_images/ABNORMAL-LUNG_00169_suspected_opacity_179.jpg,fkarimovv/abnormal-lung,suspected_opacity,external,unknown,Imported from 179.JPG
ABNORMAL-LUNG_00170,data/lung_images/ABNORMAL-LUNG_00170_suspected_opacity_180.jpg,fkarimovv/abnormal-lung,suspected_opacity,external,unknown,Imported from 180.JPG
ABNORMAL-LUNG_00171,data/lung_images/ABNORMAL-LUNG_00171_suspected_opacity_181.jpg,fkarimovv/abnormal-lung,suspected_opacity,external,unknown,Imported from 181.JPG
ABNORMAL-LUNG_00172,data/lung_images/ABNORMAL-LUNG_00172_suspected_opacity_183.jpg,fkarimovv/abnormal-lung,suspected_opacity,external,unknown,Imported from 183.JPG
ABNORMAL-LUNG_00173,data/lung_images/ABNORMAL-LUNG_00173_suspected_opacity_184.jpg,fkarimovv/abnormal-lung,suspected_opacity,external,unknown,Imported from 184.JPG
ABNORMAL-LUNG_00174,data/lung_images/ABNORMAL-LUNG_00174_suspected_opacity_185.jpg,fkarimovv/abnormal-lung,suspected_opacity,external,unknown,Imported from 185.JPG
ABNORMAL-LUNG_00175,data/lung_images/ABNORMAL-LUNG_00175_suspected_opacity_186.jpg,fkarimovv/abnormal-lung,suspected_opacity,external,unknown,Imported from 186.JPG
ABNORMAL-LUNG_00176,data/lung_images/ABNORMAL-LUNG_00176_suspected_opacity_187.jpg,fkarimovv/abnormal-lung,suspected_opacity,external,unknown,Imported from 187.JPG
ABNORMAL-LUNG_00177,data/lung_images/ABNORMAL-LUNG_00177_suspected_opacity_188.jpg,fkarimovv/abnormal-lung,suspected_opacity,external,unknown,Imported from 188.JPG
ABNORMAL-LUNG_00178,data/lung_images/ABNORMAL-LUNG_00178_suspected_opacity_189.jpg,fkarimovv/abnormal-lung,suspected_opacity,external,unknown,Imported from 189.JPG
ABNORMAL-LUNG_00179,data/lung_images/ABNORMAL-LUNG_00179_suspected_opacity_190.jpg,fkarimovv/abnormal-lung,suspected_opacity,external,unknown,Imported from 190.JPG
ABNORMAL-LUNG_00180,data/lung_images/ABNORMAL-LUNG_00180_suspected_opacity_191.jpg,fkarimovv/abnormal-lung,suspected_opacity,external,unknown,Imported from 191.JPG
ABNORMAL-LUNG_00181,data/lung_images/ABNORMAL-LUNG_00181_suspected_opacity_192.jpg,fkarimovv/abnormal-lung,suspected_opacity,external,unknown,Imported from 192.JPG
ABNORMAL-LUNG_00182,data/lung_images/ABNORMAL-LUNG_00182_suspected_opacity_193.jpg,fkarimovv/abnormal-lung,suspected_opacity,external,unknown,Imported from 193.JPG
ABNORMAL-LUNG_00183,data/lung_images/ABNORMAL-LUNG_00183_suspected_opacity_194.jpg,fkarimovv/abnormal-lung,suspected_opacity,external,unknown,Imported from 194.JPG
ABNORMAL-LUNG_00184,data/lung_images/ABNORMAL-LUNG_00184_suspected_opacity_195.jpg,fkarimovv/abnormal-lung,suspected_opacity,external,unknown,Imported from 195.JPG
ABNORMAL-LUNG_00185,data/lung_images/ABNORMAL-LUNG_00185_suspected_opacity_196.jpg,fkarimovv/abnormal-lung,suspected_opacity,external,unknown,Imported from 196.JPG
ABNORMAL-LUNG_00186,data/lung_images/ABNORMAL-LUNG_00186_suspected_opacity_197.jpg,fkarimovv/abnormal-lung,suspected_opacity,external,unknown,Imported from 197.JPG
ABNORMAL-LUNG_00187,data/lung_images/ABNORMAL-LUNG_00187_suspected_opacity_198.jpg,fkarimovv/abnormal-lung,suspected_opacity,external,unknown,Imported from 198.JPG
ABNORMAL-LUNG_00188,data/lung_images/ABNORMAL-LUNG_00188_suspected_opacity_199.jpg,fkarimovv/abnormal-lung,suspected_opacity,external,unknown,Imported from 199.JPG
ABNORMAL-LUNG_00189,data/lung_images/ABNORMAL-LUNG_00189_suspected_opacity_200.jpg,fkarimovv/abnormal-lung,suspected_opacity,external,unknown,Imported from 200.JPG
ABNORMAL-LUNG_00190,data/lung_images/ABNORMAL-LUNG_00190_suspected_opacity_201.jpg,fkarimovv/abnormal-lung,suspected_opacity,external,unknown,Imported from 201.JPG
ABNORMAL-LUNG_00191,data/lung_images/ABNORMAL-LUNG_00191_suspected_opacity_202.jpg,fkarimovv/abnormal-lung,suspected_opacity,external,unknown,Imported from 202.JPG
ABNORMAL-LUNG_00192,data/lung_images/ABNORMAL-LUNG_00192_suspected_opacity_203.jpg,fkarimovv/abnormal-lung,suspected_opacity,external,unknown,Imported from 203.JPG
ABNORMAL-LUNG_00193,data/lung_images/ABNORMAL-LUNG_00193_suspected_opacity_204.jpg,fkarimovv/abnormal-lung,suspected_opacity,external,unknown,Imported from 204.JPG
ABNORMAL-LUNG_00194,data/lung_images/ABNORMAL-LUNG_00194_suspected_opacity_205.jpg,fkarimovv/abnormal-lung,suspected_opacity,external,unknown,Imported from 205.JPG
ABNORMAL-LUNG_00195,data/lung_images/ABNORMAL-LUNG_00195_suspected_opacity_206.jpg,fkarimovv/abnormal-lung,suspected_opacity,external,unknown,Imported from 206.JPG
ABNORMAL-LUNG_00196,data/lung_images/ABNORMAL-LUNG_00196_suspected_opacity_207.jpg,fkarimovv/abnormal-lung,suspected_opacity,external,unknown,Imported from 207.JPG
ABNORMAL-LUNG_00197,data/lung_images/ABNORMAL-LUNG_00197_suspected_opacity_208.jpg,fkarimovv/abnormal-lung,suspected_opacity,external,unknown,Imported from 208.JPG
ABNORMAL-LUNG_00198,data/lung_images/ABNORMAL-LUNG_00198_suspected_opacity_209.jpg,fkarimovv/abnormal-lung,suspected_opacity,external,unknown,Imported from 209.JPG
ABNORMAL-LUNG_00199,data/lung_images/ABNORMAL-LUNG_00199_suspected_opacity_210.jpg,fkarimovv/abnormal-lung,suspected_opacity,external,unknown,Imported from 210.JPG
ABNORMAL-LUNG_00200,data/lung_images/ABNORMAL-LUNG_00200_suspected_opacity_211.jpg,fkarimovv/abnormal-lung,suspected_opacity,external,unknown,Imported from 211.JPG
ABNORMAL-LUNG_00201,data/lung_images/ABNORMAL-LUNG_00201_suspected_opacity_212.jpg,fkarimovv/abnormal-lung,suspected_opacity,external,unknown,Imported from 212.JPG
ABNORMAL-LUNG_00202,data/lung_images/ABNORMAL-LUNG_00202_suspected_opacity_213.jpg,fkarimovv/abnormal-lung,suspected_opacity,external,unknown,Imported from 213.JPG
ABNORMAL-LUNG_00203,data/lung_images/ABNORMAL-LUNG_00203_suspected_opacity_214.jpg,fkarimovv/abnormal-lung,suspected_opacity,external,unknown,Imported from 214.JPG
ABNORMAL-LUNG_00204,data/lung_images/ABNORMAL-LUNG_00204_suspected_opacity_215.jpg,fkarimovv/abnormal-lung,suspected_opacity,external,unknown,Imported from 215.JPG
ABNORMAL-LUNG_00205,data/lung_images/ABNORMAL-LUNG_00205_suspected_opacity_216.jpg,fkarimovv/abnormal-lung,suspected_opacity,external,unknown,Imported from 216.JPG
ABNORMAL-LUNG_00206,data/lung_images/ABNORMAL-LUNG_00206_suspected_opacity_217.jpg,fkarimovv/abnormal-lung,suspected_opacity,external,unknown,Imported from 217.JPG
ABNORMAL-LUNG_00207,data/lung_images/ABNORMAL-LUNG_00207_suspected_opacity_218.jpg,fkarimovv/abnormal-lung,suspected_opacity,external,unknown,Imported from 218.JPG
ABNORMAL-LUNG_00208,data/lung_images/ABNORMAL-LUNG_00208_suspected_opacity_219.jpg,fkarimovv/abnormal-lung,suspected_opacity,external,unknown,Imported from 219.JPG
ABNORMAL-LUNG_00209,data/lung_images/ABNORMAL-LUNG_00209_suspected_opacity_220.jpg,fkarimovv/abnormal-lung,suspected_opacity,external,unknown,Imported from 220.JPG
ABNORMAL-LUNG_00210,data/lung_images/ABNORMAL-LUNG_00210_suspected_opacity_221.jpg,fkarimovv/abnormal-lung,suspected_opacity,external,unknown,Imported from 221.JPG
ABNORMAL-LUNG_00211,data/lung_images/ABNORMAL-LUNG_00211_suspected_opacity_222.jpg,fkarimovv/abnormal-lung,suspected_opacity,external,unknown,Imported from 222.JPG
ABNORMAL-LUNG_00212,data/lung_images/ABNORMAL-LUNG_00212_suspected_opacity_223.jpg,fkarimovv/abnormal-lung,suspected_opacity,external,unknown,Imported from 223.JPG
ABNORMAL-LUNG_00213,data/lung_images/ABNORMAL-LUNG_00213_suspected_opacity_224.jpg,fkarimovv/abnormal-lung,suspected_opacity,external,unknown,Imported from 224.JPG
ABNORMAL-LUNG_00214,data/lung_images/ABNORMAL-LUNG_00214_suspected_opacity_225.jpg,fkarimovv/abnormal-lung,suspected_opacity,external,unknown,Imported from 225.JPG
ABNORMAL-LUNG_00215,data/lung_images/ABNORMAL-LUNG_00215_suspected_opacity_226.jpg,fkarimovv/abnormal-lung,suspected_opacity,external,unknown,Imported from 226.JPG
ABNORMAL-LUNG_00216,data/lung_images/ABNORMAL-LUNG_00216_suspected_opacity_227.jpg,fkarimovv/abnormal-lung,suspected_opacity,external,unknown,Imported from 227.JPG
ABNORMAL-LUNG_00217,data/lung_images/ABNORMAL-LUNG_00217_suspected_opacity_228.jpg,fkarimovv/abnormal-lung,suspected_opacity,external,unknown,Imported from 228.JPG
ABNORMAL-LUNG_00218,data/lung_images/ABNORMAL-LUNG_00218_suspected_opacity_229.jpg,fkarimovv/abnormal-lung,suspected_opacity,external,unknown,Imported from 229.JPG
ABNORMAL-LUNG_00219,data/lung_images/ABNORMAL-LUNG_00219_suspected_opacity_230.jpg,fkarimovv/abnormal-lung,suspected_opacity,external,unknown,Imported from 230.JPG
ABNORMAL-LUNG_00220,data/lung_images/ABNORMAL-LUNG_00220_suspected_opacity_231.jpg,fkarimovv/abnormal-lung,suspected_opacity,external,unknown,Imported from 231.JPG
ABNORMAL-LUNG_00221,data/lung_images/ABNORMAL-LUNG_00221_suspected_opacity_232.jpg,fkarimovv/abnormal-lung,suspected_opacity,external,unknown,Imported from 232.JPG
ABNORMAL-LUNG_00222,data/lung_images/ABNORMAL-LUNG_00222_suspected_opacity_233.jpg,fkarimovv/abnormal-lung,suspected_opacity,external,unknown,Imported from 233.JPG
ABNORMAL-LUNG_00223,data/lung_images/ABNORMAL-LUNG_00223_suspected_opacity_234.jpg,fkarimovv/abnormal-lung,suspected_opacity,external,unknown,Imported from 234.JPG
ABNORMAL-LUNG_00224,data/lung_images/ABNORMAL-LUNG_00224_suspected_opacity_235.jpg,fkarimovv/abnormal-lung,suspected_opacity,external,unknown,Imported from 235.JPG
ABNORMAL-LUNG_00225,data/lung_images/ABNORMAL-LUNG_00225_suspected_opacity_236.jpg,fkarimovv/abnormal-lung,suspected_opacity,external,unknown,Imported from 236.JPG
ABNORMAL-LUNG_00226,data/lung_images/ABNORMAL-LUNG_00226_suspected_opacity_237.jpg,fkarimovv/abnormal-lung,suspected_opacity,external,unknown,Imported from 237.JPG
ABNORMAL-LUNG_00227,data/lung_images/ABNORMAL-LUNG_00227_suspected_opacity_238.jpg,fkarimovv/abnormal-lung,suspected_opacity,external,unknown,Imported from 238.JPG
ABNORMAL-LUNG_00228,data/lung_images/ABNORMAL-LUNG_00228_suspected_opacity_239.jpg,fkarimovv/abnormal-lung,suspected_opacity,external,unknown,Imported from 239.JPG
ABNORMAL-LUNG_00229,data/lung_images/ABNORMAL-LUNG_00229_suspected_opacity_240.jpg,fkarimovv/abnormal-lung,suspected_opacity,external,unknown,Imported from 240.JPG
ABNORMAL-LUNG_00230,data/lung_images/ABNORMAL-LUNG_00230_suspected_opacity_241.jpg,fkarimovv/abnormal-lung,suspected_opacity,external,unknown,Imported from 241.JPG
ABNORMAL-LUNG_00231,data/lung_images/ABNORMAL-LUNG_00231_suspected_opacity_242.jpg,fkarimovv/abnormal-lung,suspected_opacity,external,unknown,Imported from 242.JPG
ABNORMAL-LUNG_00232,data/lung_images/ABNORMAL-LUNG_00232_suspected_opacity_243.jpg,fkarimovv/abnormal-lung,suspected_opacity,external,unknown,Imported from 243.JPG
ABNORMAL-LUNG_00233,data/lung_images/ABNORMAL-LUNG_00233_suspected_opacity_244.jpg,fkarimovv/abnormal-lung,suspected_opacity,external,unknown,Imported from 244.JPG
ABNORMAL-LUNG_00234,data/lung_images/ABNORMAL-LUNG_00234_suspected_opacity_245.jpg,fkarimovv/abnormal-lung,suspected_opacity,external,unknown,Imported from 245.JPG
ABNORMAL-LUNG_00235,data/lung_images/ABNORMAL-LUNG_00235_suspected_opacity_246.jpg,fkarimovv/abnormal-lung,suspected_opacity,external,unknown,Imported from 246.JPG
ABNORMAL-LUNG_00236,data/lung_images/ABNORMAL-LUNG_00236_suspected_opacity_247.jpg,fkarimovv/abnormal-lung,suspected_opacity,external,unknown,Imported from 247.JPG
ABNORMAL-LUNG_00237,data/lung_images/ABNORMAL-LUNG_00237_suspected_opacity_248.jpg,fkarimovv/abnormal-lung,suspected_opacity,external,unknown,Imported from 248.JPG
ABNORMAL-LUNG_00238,data/lung_images/ABNORMAL-LUNG_00238_suspected_opacity_249.jpg,fkarimovv/abnormal-lung,suspected_opacity,external,unknown,Imported from 249.JPG
ABNORMAL-LUNG_00239,data/lung_images/ABNORMAL-LUNG_00239_suspected_opacity_250.jpg,fkarimovv/abnormal-lung,suspected_opacity,external,unknown,Imported from 250.JPG
ABNORMAL-LUNG_00240,data/lung_images/ABNORMAL-LUNG_00240_suspected_opacity_252.jpg,fkarimovv/abnormal-lung,suspected_opacity,external,unknown,Imported from 252.JPG
ABNORMAL-LUNG_00241,data/lung_images/ABNORMAL-LUNG_00241_suspected_opacity_253.jpg,fkarimovv/abnormal-lung,suspected_opacity,external,unknown,Imported from 253.JPG
ABNORMAL-LUNG_00242,data/lung_images/ABNORMAL-LUNG_00242_suspected_opacity_254.jpg,fkarimovv/abnormal-lung,suspected_opacity,external,unknown,Imported from 254.JPG
ABNORMAL-LUNG_00243,data/lung_images/ABNORMAL-LUNG_00243_suspected_opacity_255.jpg,fkarimovv/abnormal-lung,suspected_opacity,external,unknown,Imported from 255.JPG
ABNORMAL-LUNG_00244,data/lung_images/ABNORMAL-LUNG_00244_suspected_opacity_256.jpg,fkarimovv/abnormal-lung,suspected_opacity,external,unknown,Imported from 256.JPG
ABNORMAL-LUNG_00245,data/lung_images/ABNORMAL-LUNG_00245_suspected_opacity_257.jpg,fkarimovv/abnormal-lung,suspected_opacity,external,unknown,Imported from 257.JPG
ABNORMAL-LUNG_00246,data/lung_images/ABNORMAL-LUNG_00246_suspected_opacity_258.jpg,fkarimovv/abnormal-lung,suspected_opacity,external,unknown,Imported from 258.JPG
ABNORMAL-LUNG_00247,data/lung_images/ABNORMAL-LUNG_00247_suspected_opacity_259.jpg,fkarimovv/abnormal-lung,suspected_opacity,external,unknown,Imported from 259.JPG
ABNORMAL-LUNG_00248,data/lung_images/ABNORMAL-LUNG_00248_suspected_opacity_260.jpg,fkarimovv/abnormal-lung,suspected_opacity,external,unknown,Imported from 260.JPG
ABNORMAL-LUNG_00249,data/lung_images/ABNORMAL-LUNG_00249_suspected_opacity_261.jpg,fkarimovv/abnormal-lung,suspected_opacity,external,unknown,Imported from 261.JPG
ABNORMAL-LUNG_00250,data/lung_images/ABNORMAL-LUNG_00250_suspected_opacity_262.jpg,fkarimovv/abnormal-lung,suspected_opacity,external,unknown,Imported from 262.JPG
ABNORMAL-LUNG_00251,data/lung_images/ABNORMAL-LUNG_00251_suspected_opacity_263.jpg,fkarimovv/abnormal-lung,suspected_opacity,external,unknown,Imported from 263.JPG
ABNORMAL-LUNG_00252,data/lung_images/ABNORMAL-LUNG_00252_suspected_opacity_264.jpg,fkarimovv/abnormal-lung,suspected_opacity,external,unknown,Imported from 264.JPG
ABNORMAL-LUNG_00253,data/lung_images/ABNORMAL-LUNG_00253_suspected_opacity_265.jpg,fkarimovv/abnormal-lung,suspected_opacity,external,unknown,Imported from 265.JPG
ABNORMAL-LUNG_00254,data/lung_images/ABNORMAL-LUNG_00254_suspected_opacity_266.jpg,fkarimovv/abnormal-lung,suspected_opacity,external,unknown,Imported from 266.JPG
ABNORMAL-LUNG_00255,data/lung_images/ABNORMAL-LUNG_00255_suspected_opacity_267.jpg,fkarimovv/abnormal-lung,suspected_opacity,external,unknown,Imported from 267.JPG
ABNORMAL-LUNG_00256,data/lung_images/ABNORMAL-LUNG_00256_suspected_opacity_268.jpg,fkarimovv/abnormal-lung,suspected_opacity,external,unknown,Imported from 268.JPG
ABNORMAL-LUNG_00257,data/lung_images/ABNORMAL-LUNG_00257_suspected_opacity_269.jpg,fkarimovv/abnormal-lung,suspected_opacity,external,unknown,Imported from 269.JPG
ABNORMAL-LUNG_00258,data/lung_images/ABNORMAL-LUNG_00258_suspected_opacity_270.jpg,fkarimovv/abnormal-lung,suspected_opacity,external,unknown,Imported from 270.JPG
ABNORMAL-LUNG_00259,data/lung_images/ABNORMAL-LUNG_00259_suspected_opacity_272.jpg,fkarimovv/abnormal-lung,suspected_opacity,external,unknown,Imported from 272.JPG
ABNORMAL-LUNG_00260,data/lung_images/ABNORMAL-LUNG_00260_suspected_opacity_273.jpg,fkarimovv/abnormal-lung,suspected_opacity,external,unknown,Imported from 273.JPG
ABNORMAL-LUNG_00261,data/lung_images/ABNORMAL-LUNG_00261_suspected_opacity_274.jpg,fkarimovv/abnormal-lung,suspected_opacity,external,unknown,Imported from 274.JPG
ABNORMAL-LUNG_00262,data/lung_images/ABNORMAL-LUNG_00262_suspected_opacity_275.jpg,fkarimovv/abnormal-lung,suspected_opacity,external,unknown,Imported from 275.JPG
ABNORMAL-LUNG_00263,data/lung_images/ABNORMAL-LUNG_00263_suspected_opacity_276.jpg,fkarimovv/abnormal-lung,suspected_opacity,external,unknown,Imported from 276.JPG
ABNORMAL-LUNG_00264,data/lung_images/ABNORMAL-LUNG_00264_suspected_opacity_277.jpg,fkarimovv/abnormal-lung,suspected_opacity,external,unknown,Imported from 277.JPG
ABNORMAL-LUNG_00265,data/lung_images/ABNORMAL-LUNG_00265_suspected_opacity_278.jpg,fkarimovv/abnormal-lung,suspected_opacity,external,unknown,Imported from 278.JPG
ABNORMAL-LUNG_00266,data/lung_images/ABNORMAL-LUNG_00266_suspected_opacity_279.jpg,fkarimovv/abnormal-lung,suspected_opacity,external,unknown,Imported from 279.JPG
ABNORMAL-LUNG_00267,data/lung_images/ABNORMAL-LUNG_00267_suspected_opacity_280.jpg,fkarimovv/abnormal-lung,suspected_opacity,external,unknown,Imported from 280.JPG
ABNORMAL-LUNG_00268,data/lung_images/ABNORMAL-LUNG_00268_suspected_opacity_281.jpg,fkarimovv/abnormal-lung,suspected_opacity,external,unknown,Imported from 281.JPG
ABNORMAL-LUNG_00269,data/lung_images/ABNORMAL-LUNG_00269_suspected_opacity_282.jpg,fkarimovv/abnormal-lung,suspected_opacity,external,unknown,Imported from 282.JPG
ABNORMAL-LUNG_00270,data/lung_images/ABNORMAL-LUNG_00270_suspected_opacity_283.jpg,fkarimovv/abnormal-lung,suspected_opacity,external,unknown,Imported from 283.JPG
ABNORMAL-LUNG_00271,data/lung_images/ABNORMAL-LUNG_00271_suspected_opacity_284.jpg,fkarimovv/abnormal-lung,suspected_opacity,external,unknown,Imported from 284.JPG
ABNORMAL-LUNG_00272,data/lung_images/ABNORMAL-LUNG_00272_suspected_opacity_285.jpg,fkarimovv/abnormal-lung,suspected_opacity,external,unknown,Imported from 285.JPG
ABNORMAL-LUNG_00273,data/lung_images/ABNORMAL-LUNG_00273_suspected_opacity_286.jpg,fkarimovv/abnormal-lung,suspected_opacity,external,unknown,Imported from 286.JPG
ABNORMAL-LUNG_00274,data/lung_images/ABNORMAL-LUNG_00274_suspected_opacity_287.jpg,fkarimovv/abnormal-lung,suspected_opacity,external,unknown,Imported from 287.JPG
ABNORMAL-LUNG_00275,data/lung_images/ABNORMAL-LUNG_00275_suspected_opacity_288.jpg,fkarimovv/abnormal-lung,suspected_opacity,external,unknown,Imported from 288.JPG
ABNORMAL-LUNG_00276,data/lung_images/ABNORMAL-LUNG_00276_suspected_opacity_289.jpg,fkarimovv/abnormal-lung,suspected_opacity,external,unknown,Imported from 289.JPG
ABNORMAL-LUNG_00277,data/lung_images/ABNORMAL-LUNG_00277_suspected_opacity_290.jpg,fkarimovv/abnormal-lung,suspected_opacity,external,unknown,Imported from 290.JPG
ABNORMAL-LUNG_00278,data/lung_images/ABNORMAL-LUNG_00278_suspected_opacity_291.jpg,fkarimovv/abnormal-lung,suspected_opacity,external,unknown,Imported from 291.JPG
ABNORMAL-LUNG_00279,data/lung_images/ABNORMAL-LUNG_00279_suspected_opacity_292.jpg,fkarimovv/abnormal-lung,suspected_opacity,external,unknown,Imported from 292.JPG
ABNORMAL-LUNG_00280,data/lung_images/ABNORMAL-LUNG_00280_suspected_opacity_293.jpg,fkarimovv/abnormal-lung,suspected_opacity,external,unknown,Imported from 293.JPG
ABNORMAL-LUNG_00281,data/lung_images/ABNORMAL-LUNG_00281_suspected_opacity_294.jpg,fkarimovv/abnormal-lung,suspected_opacity,external,unknown,Imported from 294.JPG
ABNORMAL-LUNG_00282,data/lung_images/ABNORMAL-LUNG_00282_suspected_opacity_295.jpg,fkarimovv/abnormal-lung,suspected_opacity,external,unknown,Imported from 295.JPG
ABNORMAL-LUNG_00283,data/lung_images/ABNORMAL-LUNG_00283_suspected_opacity_296.jpg,fkarimovv/abnormal-lung,suspected_opacity,external,unknown,Imported from 296.JPG
ABNORMAL-LUNG_00284,data/lung_images/ABNORMAL-LUNG_00284_suspected_opacity_297.jpg,fkarimovv/abnormal-lung,suspected_opacity,external,unknown,Imported from 297.JPG
ABNORMAL-LUNG_00285,data/lung_images/ABNORMAL-LUNG_00285_suspected_opacity_298.jpg,fkarimovv/abnormal-lung,suspected_opacity,external,unknown,Imported from 298.JPG
ABNORMAL-LUNG_00286,data/lung_images/ABNORMAL-LUNG_00286_suspected_opacity_299.jpg,fkarimovv/abnormal-lung,suspected_opacity,external,unknown,Imported from 299.JPG
ABNORMAL-LUNG_00287,data/lung_images/ABNORMAL-LUNG_00287_suspected_opacity_301.jpg,fkarimovv/abnormal-lung,suspected_opacity,external,unknown,Imported from 301.JPG
ABNORMAL-LUNG_00288,data/lung_images/ABNORMAL-LUNG_00288_suspected_opacity_302.jpg,fkarimovv/abnormal-lung,suspected_opacity,external,unknown,Imported from 302.JPG
ABNORMAL-LUNG_00289,data/lung_images/ABNORMAL-LUNG_00289_suspected_opacity_308.jpg,fkarimovv/abnormal-lung,suspected_opacity,external,unknown,Imported from 308.JPG
ABNORMAL-LUNG_00290,data/lung_images/ABNORMAL-LUNG_00290_suspected_opacity_309.jpg,fkarimovv/abnormal-lung,suspected_opacity,external,unknown,Imported from 309.JPG
ABNORMAL-LUNG_00291,data/lung_images/ABNORMAL-LUNG_00291_suspected_opacity_310.jpg,fkarimovv/abnormal-lung,suspected_opacity,external,unknown,Imported from 310.JPG
ABNORMAL-LUNG_00292,data/lung_images/ABNORMAL-LUNG_00292_suspected_opacity_311.jpg,fkarimovv/abnormal-lung,suspected_opacity,external,unknown,Imported from 311.JPG
ABNORMAL-LUNG_00293,data/lung_images/ABNORMAL-LUNG_00293_suspected_opacity_312.jpg,fkarimovv/abnormal-lung,suspected_opacity,external,unknown,Imported from 312.JPG
ABNORMAL-LUNG_00294,data/lung_images/ABNORMAL-LUNG_00294_suspected_opacity_313.jpg,fkarimovv/abnormal-lung,suspected_opacity,external,unknown,Imported from 313.JPG
ABNORMAL-LUNG_00295,data/lung_images/ABNORMAL-LUNG_00295_suspected_opacity_314.jpg,fkarimovv/abnormal-lung,suspected_opacity,external,unknown,Imported from 314.JPG
ABNORMAL-LUNG_00296,data/lung_images/ABNORMAL-LUNG_00296_suspected_opacity_315.jpg,fkarimovv/abnormal-lung,suspected_opacity,external,unknown,Imported from 315.JPG
ABNORMAL-LUNG_00297,data/lung_images/ABNORMAL-LUNG_00297_suspected_opacity_316.jpg,fkarimovv/abnormal-lung,suspected_opacity,external,unknown,Imported from 316.JPG
ABNORMAL-LUNG_00298,data/lung_images/ABNORMAL-LUNG_00298_suspected_opacity_317.jpg,fkarimovv/abnormal-lung,suspected_opacity,external,unknown,Imported from 317.JPG
ABNORMAL-LUNG_00299,data/lung_images/ABNORMAL-LUNG_00299_suspected_opacity_318.jpg,fkarimovv/abnormal-lung,suspected_opacity,external,unknown,Imported from 318.JPG
ABNORMAL-LUNG_00300,data/lung_images/ABNORMAL-LUNG_00300_suspected_opacity_319.jpg,fkarimovv/abnormal-lung,suspected_opacity,external,unknown,Imported from 319.JPG
ABNORMAL-LUNG_00301,data/lung_images/ABNORMAL-LUNG_00301_suspected_opacity_320.jpg,fkarimovv/abnormal-lung,suspected_opacity,external,unknown,Imported from 320.JPG
ABNORMAL-LUNG_00302,data/lung_images/ABNORMAL-LUNG_00302_suspected_opacity_321.jpg,fkarimovv/abnormal-lung,suspected_opacity,external,unknown,Imported from 321.JPG
ABNORMAL-LUNG_00303,data/lung_images/ABNORMAL-LUNG_00303_suspected_opacity_322.jpg,fkarimovv/abnormal-lung,suspected_opacity,external,unknown,Imported from 322.JPG
ABNORMAL-LUNG_00304,data/lung_images/ABNORMAL-LUNG_00304_suspected_opacity_323.jpg,fkarimovv/abnormal-lung,suspected_opacity,external,unknown,Imported from 323.JPG
ABNORMAL-LUNG_00305,data/lung_images/ABNORMAL-LUNG_00305_suspected_opacity_324.jpg,fkarimovv/abnormal-lung,suspected_opacity,external,unknown,Imported from 324.JPG
ABNORMAL-LUNG_00306,data/lung_images/ABNORMAL-LUNG_00306_suspected_opacity_325.jpg,fkarimovv/abnormal-lung,suspected_opacity,external,unknown,Imported from 325.JPG
ABNORMAL-LUNG_00307,data/lung_images/ABNORMAL-LUNG_00307_suspected_opacity_326.jpg,fkarimovv/abnormal-lung,suspected_opacity,external,unknown,Imported from 326.JPG
ABNORMAL-LUNG_00308,data/lung_images/ABNORMAL-LUNG_00308_suspected_opacity_327.jpg,fkarimovv/abnormal-lung,suspected_opacity,external,unknown,Imported from 327.JPG
ABNORMAL-LUNG_00309,data/lung_images/ABNORMAL-LUNG_00309_suspected_opacity_328.jpg,fkarimovv/abnormal-lung,suspected_opacity,external,unknown,Imported from 328.JPG
ABNORMAL-LUNG_00310,data/lung_images/ABNORMAL-LUNG_00310_suspected_opacity_329.jpg,fkarimovv/abnormal-lung,suspected_opacity,external,unknown,Imported from 329.JPG
ABNORMAL-LUNG_00311,data/lung_images/ABNORMAL-LUNG_00311_suspected_opacity_330.jpg,fkarimovv/abnormal-lung,suspected_opacity,external,unknown,Imported from 330.JPG
ABNORMAL-LUNG_00312,data/lung_images/ABNORMAL-LUNG_00312_suspected_opacity_331.jpg,fkarimovv/abnormal-lung,suspected_opacity,external,unknown,Imported from 331.JPG
ABNORMAL-LUNG_00313,data/lung_images/ABNORMAL-LUNG_00313_suspected_opacity_332.jpg,fkarimovv/abnormal-lung,suspected_opacity,external,unknown,Imported from 332.JPG
ABNORMAL-LUNG_00314,data/lung_images/ABNORMAL-LUNG_00314_suspected_opacity_333.jpg,fkarimovv/abnormal-lung,suspected_opacity,external,unknown,Imported from 333.JPG
ABNORMAL-LUNG_00315,data/lung_images/ABNORMAL-LUNG_00315_suspected_opacity_334.jpg,fkarimovv/abnormal-lung,suspected_opacity,external,unknown,Imported from 334.JPG
ABNORMAL-LUNG_00316,data/lung_images/ABNORMAL-LUNG_00316_suspected_opacity_335.jpg,fkarimovv/abnormal-lung,suspected_opacity,external,unknown,Imported from 335.JPG
ABNORMAL-LUNG_00317,data/lung_images/ABNORMAL-LUNG_00317_suspected_opacity_336.jpg,fkarimovv/abnormal-lung,suspected_opacity,external,unknown,Imported from 336.JPG
ABNORMAL-LUNG_00318,data/lung_images/ABNORMAL-LUNG_00318_suspected_opacity_337.jpg,fkarimovv/abnormal-lung,suspected_opacity,external,unknown,Imported from 337.JPG
ABNORMAL-LUNG_00319,data/lung_images/ABNORMAL-LUNG_00319_suspected_opacity_338.jpg,fkarimovv/abnormal-lung,suspected_opacity,external,unknown,Imported from 338.JPG
ABNORMAL-LUNG_00320,data/lung_images/ABNORMAL-LUNG_00320_suspected_opacity_339.jpg,fkarimovv/abnormal-lung,suspected_opacity,external,unknown,Imported from 339.JPG
ABNORMAL-LUNG_00321,data/lung_images/ABNORMAL-LUNG_00321_suspected_opacity_340.jpg,fkarimovv/abnormal-lung,suspected_opacity,external,unknown,Imported from 340.JPG
ABNORMAL-LUNG_00322,data/lung_images/ABNORMAL-LUNG_00322_suspected_opacity_341.jpg,fkarimovv/abnormal-lung,suspected_opacity,external,unknown,Imported from 341.JPG
ABNORMAL-LUNG_00323,data/lung_images/ABNORMAL-LUNG_00323_suspected_opacity_342.jpg,fkarimovv/abnormal-lung,suspected_opacity,external,unknown,Imported from 342.JPG
ABNORMAL-LUNG_00324,data/lung_images/ABNORMAL-LUNG_00324_suspected_opacity_343.jpg,fkarimovv/abnormal-lung,suspected_opacity,external,unknown,Imported from 343.JPG
ABNORMAL-LUNG_00325,data/lung_images/ABNORMAL-LUNG_00325_suspected_opacity_344.jpg,fkarimovv/abnormal-lung,suspected_opacity,external,unknown,Imported from 344.JPG
ABNORMAL-LUNG_00326,data/lung_images/ABNORMAL-LUNG_00326_suspected_opacity_345.jpg,fkarimovv/abnormal-lung,suspected_opacity,external,unknown,Imported from 345.JPG
ABNORMAL-LUNG_00327,data/lung_images/ABNORMAL-LUNG_00327_suspected_opacity_346.jpg,fkarimovv/abnormal-lung,suspected_opacity,external,unknown,Imported from 346.JPG
ABNORMAL-LUNG_00328,data/lung_images/ABNORMAL-LUNG_00328_suspected_opacity_347.jpg,fkarimovv/abnormal-lung,suspected_opacity,external,unknown,Imported from 347.JPG
ABNORMAL-LUNG_00329,data/lung_images/ABNORMAL-LUNG_00329_suspected_opacity_348.jpg,fkarimovv/abnormal-lung,suspected_opacity,external,unknown,Imported from 348.JPG
ABNORMAL-LUNG_00330,data/lung_images/ABNORMAL-LUNG_00330_suspected_opacity_349.jpg,fkarimovv/abnormal-lung,suspected_opacity,external,unknown,Imported from 349.JPG
ABNORMAL-LUNG_00331,data/lung_images/ABNORMAL-LUNG_00331_suspected_opacity_350.jpg,fkarimovv/abnormal-lung,suspected_opacity,external,unknown,Imported from 350.JPG
ABNORMAL-LUNG_00332,data/lung_images/ABNORMAL-LUNG_00332_suspected_opacity_351.jpg,fkarimovv/abnormal-lung,suspected_opacity,external,unknown,Imported from 351.JPG
ABNORMAL-LUNG_00333,data/lung_images/ABNORMAL-LUNG_00333_suspected_opacity_352.jpg,fkarimovv/abnormal-lung,suspected_opacity,external,unknown,Imported from 352.JPG
ABNORMAL-LUNG_00334,data/lung_images/ABNORMAL-LUNG_00334_suspected_opacity_353.jpg,fkarimovv/abnormal-lung,suspected_opacity,external,unknown,Imported from 353.JPG
ABNORMAL-LUNG_00335,data/lung_images/ABNORMAL-LUNG_00335_suspected_opacity_354.jpg,fkarimovv/abnormal-lung,suspected_opacity,external,unknown,Imported from 354.JPG
ABNORMAL-LUNG_00336,data/lung_images/ABNORMAL-LUNG_00336_suspected_opacity_355.jpg,fkarimovv/abnormal-lung,suspected_opacity,external,unknown,Imported from 355.JPG
ABNORMAL-LUNG_00337,data/lung_images/ABNORMAL-LUNG_00337_suspected_opacity_356.jpg,fkarimovv/abnormal-lung,suspected_opacity,external,unknown,Imported from 356.JPG
ABNORMAL-LUNG_00338,data/lung_images/ABNORMAL-LUNG_00338_suspected_opacity_357.jpg,fkarimovv/abnormal-lung,suspected_opacity,external,unknown,Imported from 357.JPG
ABNORMAL-LUNG_00339,data/lung_images/ABNORMAL-LUNG_00339_suspected_opacity_358.jpg,fkarimovv/abnormal-lung,suspected_opacity,external,unknown,Imported from 358.JPG
ABNORMAL-LUNG_00340,data/lung_images/ABNORMAL-LUNG_00340_suspected_opacity_359.jpg,fkarimovv/abnormal-lung,suspected_opacity,external,unknown,Imported from 359.JPG
ABNORMAL-LUNG_00341,data/lung_images/ABNORMAL-LUNG_00341_suspected_opacity_360.jpg,fkarimovv/abnormal-lung,suspected_opacity,external,unknown,Imported from 360.JPG
ABNORMAL-LUNG_00342,data/lung_images/ABNORMAL-LUNG_00342_suspected_opacity_361.jpg,fkarimovv/abnormal-lung,suspected_opacity,external,unknown,Imported from 361.JPG
ABNORMAL-LUNG_00343,data/lung_images/ABNORMAL-LUNG_00343_suspected_opacity_362.jpg,fkarimovv/abnormal-lung,suspected_opacity,external,unknown,Imported from 362.JPG
ABNORMAL-LUNG_00344,data/lung_images/ABNORMAL-LUNG_00344_suspected_opacity_363.jpg,fkarimovv/abnormal-lung,suspected_opacity,external,unknown,Imported from 363.JPG
ABNORMAL-LUNG_00345,data/lung_images/ABNORMAL-LUNG_00345_suspected_opacity_364.jpg,fkarimovv/abnormal-lung,suspected_opacity,external,unknown,Imported from 364.JPG
ABNORMAL-LUNG_00346,data/lung_images/ABNORMAL-LUNG_00346_suspected_opacity_365.jpg,fkarimovv/abnormal-lung,suspected_opacity,external,unknown,Imported from 365.JPG
ABNORMAL-LUNG_00347,data/lung_images/ABNORMAL-LUNG_00347_suspected_opacity_366.jpg,fkarimovv/abnormal-lung,suspected_opacity,external,unknown,Imported from 366.JPG
ABNORMAL-LUNG_00348,data/lung_images/ABNORMAL-LUNG_00348_suspected_opacity_367.jpg,fkarimovv/abnormal-lung,suspected_opacity,external,unknown,Imported from 367.JPG
ABNORMAL-LUNG_00349,data/lung_images/ABNORMAL-LUNG_00349_suspected_opacity_368.jpg,fkarimovv/abnormal-lung,suspected_opacity,external,unknown,Imported from 368.JPG
ABNORMAL-LUNG_00350,data/lung_images/ABNORMAL-LUNG_00350_suspected_opacity_369.jpg,fkarimovv/abnormal-lung,suspected_opacity,external,unknown,Imported from 369.JPG
ABNORMAL-LUNG_00351,data/lung_images/ABNORMAL-LUNG_00351_suspected_opacity_370.jpg,fkarimovv/abnormal-lung,suspected_opacity,external,unknown,Imported from 370.JPG
ABNORMAL-LUNG_00352,data/lung_images/ABNORMAL-LUNG_00352_suspected_opacity_371.jpg,fkarimovv/abnormal-lung,suspected_opacity,external,unknown,Imported from 371.JPG
ABNORMAL-LUNG_00353,data/lung_images/ABNORMAL-LUNG_00353_suspected_opacity_372.jpg,fkarimovv/abnormal-lung,suspected_opacity,external,unknown,Imported from 372.JPG
ABNORMAL-LUNG_00354,data/lung_images/ABNORMAL-LUNG_00354_suspected_opacity_373.jpg,fkarimovv/abnormal-lung,suspected_opacity,external,unknown,Imported from 373.JPG
ABNORMAL-LUNG_00355,data/lung_images/ABNORMAL-LUNG_00355_suspected_opacity_375.jpg,fkarimovv/abnormal-lung,suspected_opacity,external,unknown,Imported from 375.JPG
ABNORMAL-LUNG_00356,data/lung_images/ABNORMAL-LUNG_00356_suspected_opacity_376.jpg,fkarimovv/abnormal-lung,suspected_opacity,external,unknown,Imported from 376.JPG
ABNORMAL-LUNG_00357,data/lung_images/ABNORMAL-LUNG_00357_suspected_opacity_377.jpg,fkarimovv/abnormal-lung,suspected_opacity,external,unknown,Imported from 377.JPG
ABNORMAL-LUNG_00358,data/lung_images/ABNORMAL-LUNG_00358_suspected_opacity_378.jpg,fkarimovv/abnormal-lung,suspected_opacity,external,unknown,Imported from 378.JPG
ABNORMAL-LUNG_00359,data/lung_images/ABNORMAL-LUNG_00359_suspected_opacity_379.jpg,fkarimovv/abnormal-lung,suspected_opacity,external,unknown,Imported from 379.JPG
ABNORMAL-LUNG_00360,data/lung_images/ABNORMAL-LUNG_00360_suspected_opacity_380.jpg,fkarimovv/abnormal-lung,suspected_opacity,external,unknown,Imported from 380.JPG
ABNORMAL-LUNG_00361,data/lung_images/ABNORMAL-LUNG_00361_suspected_opacity_381.jpg,fkarimovv/abnormal-lung,suspected_opacity,external,unknown,Imported from 381.JPG
ABNORMAL-LUNG_00362,data/lung_images/ABNORMAL-LUNG_00362_suspected_opacity_382.jpg,fkarimovv/abnormal-lung,suspected_opacity,external,unknown,Imported from 382.JPG
ABNORMAL-LUNG_00363,data/lung_images/ABNORMAL-LUNG_00363_suspected_opacity_383.jpg,fkarimovv/abnormal-lung,suspected_opacity,external,unknown,Imported from 383.JPG
ABNORMAL-LUNG_00364,data/lung_images/ABNORMAL-LUNG_00364_suspected_opacity_384.jpg,fkarimovv/abnormal-lung,suspected_opacity,external,unknown,Imported from 384.JPG
ABNORMAL-LUNG_00365,data/lung_images/ABNORMAL-LUNG_00365_suspected_opacity_385.jpg,fkarimovv/abnormal-lung,suspected_opacity,external,unknown,Imported from 385.JPG
ABNORMAL-LUNG_00366,data/lung_images/ABNORMAL-LUNG_00366_suspected_opacity_387.jpg,fkarimovv/abnormal-lung,suspected_opacity,external,unknown,Imported from 387.JPG
ABNORMAL-LUNG_00367,data/lung_images/ABNORMAL-LUNG_00367_suspected_opacity_389.jpg,fkarimovv/abnormal-lung,suspected_opacity,external,unknown,Imported from 389.JPG
ABNORMAL-LUNG_00368,data/lung_images/ABNORMAL-LUNG_00368_suspected_opacity_391.jpg,fkarimovv/abnormal-lung,suspected_opacity,external,unknown,Imported from 391.JPG
ABNORMAL-LUNG_00369,data/lung_images/ABNORMAL-LUNG_00369_suspected_opacity_392.jpg,fkarimovv/abnormal-lung,suspected_opacity,external,unknown,Imported from 392.JPG
ABNORMAL-LUNG_00370,data/lung_images/ABNORMAL-LUNG_00370_suspected_opacity_394.jpg,fkarimovv/abnormal-lung,suspected_opacity,external,unknown,Imported from 394.JPG
ABNORMAL-LUNG_00371,data/lung_images/ABNORMAL-LUNG_00371_suspected_opacity_395.jpg,fkarimovv/abnormal-lung,suspected_opacity,external,unknown,Imported from 395.JPG
ABNORMAL-LUNG_00372,data/lung_images/ABNORMAL-LUNG_00372_suspected_opacity_396.jpg,fkarimovv/abnormal-lung,suspected_opacity,external,unknown,Imported from 396.JPG
ABNORMAL-LUNG_00373,data/lung_images/ABNORMAL-LUNG_00373_suspected_opacity_397.jpg,fkarimovv/abnormal-lung,suspected_opacity,external,unknown,Imported from 397.JPG
ABNORMAL-LUNG_00374,data/lung_images/ABNORMAL-LUNG_00374_suspected_opacity_398.jpg,fkarimovv/abnormal-lung,suspected_opacity,external,unknown,Imported from 398.JPG
ABNORMAL-LUNG_00375,data/lung_images/ABNORMAL-LUNG_00375_suspected_opacity_399.jpg,fkarimovv/abnormal-lung,suspected_opacity,external,unknown,Imported from 399.JPG
ABNORMAL-LUNG_00376,data/lung_images/ABNORMAL-LUNG_00376_suspected_opacity_400.jpg,fkarimovv/abnormal-lung,suspected_opacity,external,unknown,Imported from 400.JPG
ABNORMAL-LUNG_00377,data/lung_images/ABNORMAL-LUNG_00377_suspected_opacity_401.jpg,fkarimovv/abnormal-lung,suspected_opacity,external,unknown,Imported from 401.JPG
ABNORMAL-LUNG_00378,data/lung_images/ABNORMAL-LUNG_00378_suspected_opacity_402.jpg,fkarimovv/abnormal-lung,suspected_opacity,external,unknown,Imported from 402.JPG
ABNORMAL-LUNG_00379,data/lung_images/ABNORMAL-LUNG_00379_suspected_opacity_403.jpg,fkarimovv/abnormal-lung,suspected_opacity,external,unknown,Imported from 403.JPG
ABNORMAL-LUNG_00380,data/lung_images/ABNORMAL-LUNG_00380_suspected_opacity_404.jpg,fkarimovv/abnormal-lung,suspected_opacity,external,unknown,Imported from 404.JPG
ABNORMAL-LUNG_00381,data/lung_images/ABNORMAL-LUNG_00381_suspected_opacity_405.jpg,fkarimovv/abnormal-lung,suspected_opacity,external,unknown,Imported from 405.JPG
ABNORMAL-LUNG_00382,data/lung_images/ABNORMAL-LUNG_00382_suspected_opacity_407.jpg,fkarimovv/abnormal-lung,suspected_opacity,external,unknown,Imported from 407.JPG
ABNORMAL-LUNG_00383,data/lung_images/ABNORMAL-LUNG_00383_suspected_opacity_408.jpg,fkarimovv/abnormal-lung,suspected_opacity,external,unknown,Imported from 408.JPG
ABNORMAL-LUNG_00384,data/lung_images/ABNORMAL-LUNG_00384_suspected_opacity_409.jpg,fkarimovv/abnormal-lung,suspected_opacity,external,unknown,Imported from 409.JPG
ABNORMAL-LUNG_00385,data/lung_images/ABNORMAL-LUNG_00385_suspected_opacity_410.jpg,fkarimovv/abnormal-lung,suspected_opacity,external,unknown,Imported from 410.JPG
ABNORMAL-LUNG_00386,data/lung_images/ABNORMAL-LUNG_00386_suspected_opacity_411.jpg,fkarimovv/abnormal-lung,suspected_opacity,external,unknown,Imported from 411.JPG
ABNORMAL-LUNG_00387,data/lung_images/ABNORMAL-LUNG_00387_suspected_opacity_412.jpg,fkarimovv/abnormal-lung,suspected_opacity,external,unknown,Imported from 412.JPG
ABNORMAL-LUNG_00388,data/lung_images/ABNORMAL-LUNG_00388_suspected_opacity_413.jpg,fkarimovv/abnormal-lung,suspected_opacity,external,unknown,Imported from 413.JPG
ABNORMAL-LUNG_00389,data/lung_images/ABNORMAL-LUNG_00389_suspected_opacity_414.jpg,fkarimovv/abnormal-lung,suspected_opacity,external,unknown,Imported from 414.JPG
ABNORMAL-LUNG_00390,data/lung_images/ABNORMAL-LUNG_00390_suspected_opacity_415.jpg,fkarimovv/abnormal-lung,suspected_opacity,external,unknown,Imported from 415.JPG
ABNORMAL-LUNG_00391,data/lung_images/ABNORMAL-LUNG_00391_suspected_opacity_416.jpg,fkarimovv/abnormal-lung,suspected_opacity,external,unknown,Imported from 416.JPG
ABNORMAL-LUNG_00392,data/lung_images/ABNORMAL-LUNG_00392_suspected_opacity_417.jpg,fkarimovv/abnormal-lung,suspected_opacity,external,unknown,Imported from 417.JPG
ABNORMAL-LUNG_00393,data/lung_images/ABNORMAL-LUNG_00393_suspected_opacity_418.jpg,fkarimovv/abnormal-lung,suspected_opacity,external,unknown,Imported from 418.JPG
ABNORMAL-LUNG_00394,data/lung_images/ABNORMAL-LUNG_00394_suspected_opacity_419.jpg,fkarimovv/abnormal-lung,suspected_opacity,external,unknown,Imported from 419.JPG
ABNORMAL-LUNG_00395,data/lung_images/ABNORMAL-LUNG_00395_suspected_opacity_420.jpg,fkarimovv/abnormal-lung,suspected_opacity,external,unknown,Imported from 420.JPG
ABNORMAL-LUNG_00396,data/lung_images/ABNORMAL-LUNG_00396_suspected_opacity_421.jpg,fkarimovv/abnormal-lung,suspected_opacity,external,unknown,Imported from 421.JPG
ABNORMAL-LUNG_00397,data/lung_images/ABNORMAL-LUNG_00397_suspected_opacity_423.jpg,fkarimovv/abnormal-lung,suspected_opacity,external,unknown,Imported from 423.JPG
ABNORMAL-LUNG_00398,data/lung_images/ABNORMAL-LUNG_00398_suspected_opacity_424.jpg,fkarimovv/abnormal-lung,suspected_opacity,external,unknown,Imported from 424.JPG
ABNORMAL-LUNG_00399,data/lung_images/ABNORMAL-LUNG_00399_suspected_opacity_425.jpg,fkarimovv/abnormal-lung,suspected_opacity,external,unknown,Imported from 425.JPG
ABNORMAL-LUNG_00400,data/lung_images/ABNORMAL-LUNG_00400_suspected_opacity_426.jpg,fkarimovv/abnormal-lung,suspected_opacity,external,unknown,Imported from 426.JPG
ABNORMAL-LUNG_00401,data/lung_images/ABNORMAL-LUNG_00401_suspected_opacity_427.jpg,fkarimovv/abnormal-lung,suspected_opacity,external,unknown,Imported from 427.JPG
ABNORMAL-LUNG_00402,data/lung_images/ABNORMAL-LUNG_00402_suspected_opacity_428.jpg,fkarimovv/abnormal-lung,suspected_opacity,external,unknown,Imported from 428.JPG
ABNORMAL-LUNG_00403,data/lung_images/ABNORMAL-LUNG_00403_suspected_opacity_429.jpg,fkarimovv/abnormal-lung,suspected_opacity,external,unknown,Imported from 429.JPG
ABNORMAL-LUNG_00404,data/lung_images/ABNORMAL-LUNG_00404_suspected_opacity_445.jpg,fkarimovv/abnormal-lung,suspected_opacity,external,unknown,Imported from 445.JPG
ABNORMAL-LUNG_00405,data/lung_images/ABNORMAL-LUNG_00405_suspected_opacity_448.jpg,fkarimovv/abnormal-lung,suspected_opacity,external,unknown,Imported from 448.JPG
ABNORMAL-LUNG_00406,data/lung_images/ABNORMAL-LUNG_00406_suspected_opacity_457.jpg,fkarimovv/abnormal-lung,suspected_opacity,external,unknown,Imported from 457.JPG
ABNORMAL-LUNG_00407,data/lung_images/ABNORMAL-LUNG_00407_suspected_opacity_459.jpg,fkarimovv/abnormal-lung,suspected_opacity,external,unknown,Imported from 459.JPG
ABNORMAL-LUNG_00408,data/lung_images/ABNORMAL-LUNG_00408_suspected_opacity_460.jpg,fkarimovv/abnormal-lung,suspected_opacity,external,unknown,Imported from 460.JPG
ABNORMAL-LUNG_00409,data/lung_images/ABNORMAL-LUNG_00409_suspected_opacity_472.jpg,fkarimovv/abnormal-lung,suspected_opacity,external,unknown,Imported from 472.JPG
ABNORMAL-LUNG_00410,data/lung_images/ABNORMAL-LUNG_00410_suspected_opacity_482.jpg,fkarimovv/abnormal-lung,suspected_opacity,external,unknown,Imported from 482.JPG
ABNORMAL-LUNG_00411,data/lung_images/ABNORMAL-LUNG_00411_suspected_opacity_489.jpg,fkarimovv/abnormal-lung,suspected_opacity,external,unknown,Imported from 489.JPG
ABNORMAL-LUNG_00412,data/lung_images/ABNORMAL-LUNG_00412_suspected_opacity_496.jpg,fkarimovv/abnormal-lung,suspected_opacity,external,unknown,Imported from 496.JPG
ABNORMAL-LUNG_00413,data/lung_images/ABNORMAL-LUNG_00413_suspected_opacity_530.jpg,fkarimovv/abnormal-lung,suspected_opacity,external,unknown,Imported from 530.JPG
ABNORMAL-LUNG_00414,data/lung_images/ABNORMAL-LUNG_00414_suspected_opacity_534.jpg,fkarimovv/abnormal-lung,suspected_opacity,external,unknown,Imported from 534.JPG
ABNORMAL-LUNG_00415,data/lung_images/ABNORMAL-LUNG_00415_suspected_opacity_537.jpg,fkarimovv/abnormal-lung,suspected_opacity,external,unknown,Imported from 537.JPG
ABNORMAL-LUNG_00416,data/lung_images/ABNORMAL-LUNG_00416_suspected_opacity_539.jpg,fkarimovv/abnormal-lung,suspected_opacity,external,unknown,Imported from 539.JPG
ABNORMAL-LUNG_00417,data/lung_images/ABNORMAL-LUNG_00417_suspected_opacity_542.jpg,fkarimovv/abnormal-lung,suspected_opacity,external,unknown,Imported from 542.JPG
ABNORMAL-LUNG_00418,data/lung_images/ABNORMAL-LUNG_00418_suspected_opacity_563.jpg,fkarimovv/abnormal-lung,suspected_opacity,external,unknown,Imported from 563.JPG
ABNORMAL-LUNG_00419,data/lung_images/ABNORMAL-LUNG_00419_suspected_opacity_566.jpg,fkarimovv/abnormal-lung,suspected_opacity,external,unknown,Imported from 566.JPG
NORMAL-LUNG_00420,data/lung_images/NORMAL-LUNG_00420_normal_004.jpg,fkarimovv/normal-lung,normal,external,unknown,Imported from 004.JPG
NORMAL-LUNG_00421,data/lung_images/NORMAL-LUNG_00421_normal_005.jpg,fkarimovv/normal-lung,normal,external,unknown,Imported from 005.JPG
NORMAL-LUNG_00422,data/lung_images/NORMAL-LUNG_00422_normal_008.jpg,fkarimovv/normal-lung,normal,external,unknown,Imported from 008.JPG
NORMAL-LUNG_00423,data/lung_images/NORMAL-LUNG_00423_normal_010.jpg,fkarimovv/normal-lung,normal,external,unknown,Imported from 010.JPG
NORMAL-LUNG_00424,data/lung_images/NORMAL-LUNG_00424_normal_011.jpg,fkarimovv/normal-lung,normal,external,unknown,Imported from 011.JPG
NORMAL-LUNG_00425,data/lung_images/NORMAL-LUNG_00425_normal_012.jpg,fkarimovv/normal-lung,normal,external,unknown,Imported from 012.JPG
NORMAL-LUNG_00426,data/lung_images/NORMAL-LUNG_00426_normal_013.jpg,fkarimovv/normal-lung,normal,external,unknown,Imported from 013.JPG
NORMAL-LUNG_00427,data/lung_images/NORMAL-LUNG_00427_normal_014.jpg,fkarimovv/normal-lung,normal,external,unknown,Imported from 014.JPG
NORMAL-LUNG_00428,data/lung_images/NORMAL-LUNG_00428_normal_015.jpg,fkarimovv/normal-lung,normal,external,unknown,Imported from 015.JPG
NORMAL-LUNG_00429,data/lung_images/NORMAL-LUNG_00429_normal_016.jpg,fkarimovv/normal-lung,normal,external,unknown,Imported from 016.JPG
NORMAL-LUNG_00430,data/lung_images/NORMAL-LUNG_00430_normal_017.jpg,fkarimovv/normal-lung,normal,external,unknown,Imported from 017.JPG
NORMAL-LUNG_00431,data/lung_images/NORMAL-LUNG_00431_normal_018.jpg,fkarimovv/normal-lung,normal,external,unknown,Imported from 018.JPG
NORMAL-LUNG_00432,data/lung_images/NORMAL-LUNG_00432_normal_020.jpg,fkarimovv/normal-lung,normal,external,unknown,Imported from 020.JPG
NORMAL-LUNG_00433,data/lung_images/NORMAL-LUNG_00433_normal_021.jpg,fkarimovv/normal-lung,normal,external,unknown,Imported from 021.JPG
NORMAL-LUNG_00434,data/lung_images/NORMAL-LUNG_00434_normal_023.jpg,fkarimovv/normal-lung,normal,external,unknown,Imported from 023.JPG
NORMAL-LUNG_00435,data/lung_images/NORMAL-LUNG_00435_normal_024.jpg,fkarimovv/normal-lung,normal,external,unknown,Imported from 024.JPG
NORMAL-LUNG_00436,data/lung_images/NORMAL-LUNG_00436_normal_025.jpg,fkarimovv/normal-lung,normal,external,unknown,Imported from 025.JPG
NORMAL-LUNG_00437,data/lung_images/NORMAL-LUNG_00437_normal_027.jpg,fkarimovv/normal-lung,normal,external,unknown,Imported from 027.JPG
NORMAL-LUNG_00438,data/lung_images/NORMAL-LUNG_00438_normal_028.jpg,fkarimovv/normal-lung,normal,external,unknown,Imported from 028.JPG
NORMAL-LUNG_00439,data/lung_images/NORMAL-LUNG_00439_normal_029.jpg,fkarimovv/normal-lung,normal,external,unknown,Imported from 029.JPG
NORMAL-LUNG_00440,data/lung_images/NORMAL-LUNG_00440_normal_030.jpg,fkarimovv/normal-lung,normal,external,unknown,Imported from 030.JPG
NORMAL-LUNG_00441,data/lung_images/NORMAL-LUNG_00441_normal_031.jpg,fkarimovv/normal-lung,normal,external,unknown,Imported from 031.JPG
NORMAL-LUNG_00442,data/lung_images/NORMAL-LUNG_00442_normal_033.jpg,fkarimovv/normal-lung,normal,external,unknown,Imported from 033.JPG
NORMAL-LUNG_00443,data/lung_images/NORMAL-LUNG_00443_normal_034.jpg,fkarimovv/normal-lung,normal,external,unknown,Imported from 034.JPG
NORMAL-LUNG_00444,data/lung_images/NORMAL-LUNG_00444_normal_035.jpg,fkarimovv/normal-lung,normal,external,unknown,Imported from 035.JPG
NORMAL-LUNG_00445,data/lung_images/NORMAL-LUNG_00445_normal_036.jpg,fkarimovv/normal-lung,normal,external,unknown,Imported from 036.JPG
NORMAL-LUNG_00446,data/lung_images/NORMAL-LUNG_00446_normal_037.jpg,fkarimovv/normal-lung,normal,external,unknown,Imported from 037.JPG
NORMAL-LUNG_00447,data/lung_images/NORMAL-LUNG_00447_normal_039.jpg,fkarimovv/normal-lung,normal,external,unknown,Imported from 039.JPG
NORMAL-LUNG_00448,data/lung_images/NORMAL-LUNG_00448_normal_040.jpg,fkarimovv/normal-lung,normal,external,unknown,Imported from 040.JPG
NORMAL-LUNG_00449,data/lung_images/NORMAL-LUNG_00449_normal_041.jpg,fkarimovv/normal-lung,normal,external,unknown,Imported from 041.JPG
NORMAL-LUNG_00450,data/lung_images/NORMAL-LUNG_00450_normal_042.jpg,fkarimovv/normal-lung,normal,external,unknown,Imported from 042.JPG
NORMAL-LUNG_00451,data/lung_images/NORMAL-LUNG_00451_normal_043.jpg,fkarimovv/normal-lung,normal,external,unknown,Imported from 043.JPG
NORMAL-LUNG_00452,data/lung_images/NORMAL-LUNG_00452_normal_044.jpg,fkarimovv/normal-lung,normal,external,unknown,Imported from 044.JPG
NORMAL-LUNG_00453,data/lung_images/NORMAL-LUNG_00453_normal_045.jpg,fkarimovv/normal-lung,normal,external,unknown,Imported from 045.JPG
NORMAL-LUNG_00454,data/lung_images/NORMAL-LUNG_00454_normal_046.jpg,fkarimovv/normal-lung,normal,external,unknown,Imported from 046.JPG
NORMAL-LUNG_00455,data/lung_images/NORMAL-LUNG_00455_normal_047.jpg,fkarimovv/normal-lung,normal,external,unknown,Imported from 047.JPG
NORMAL-LUNG_00456,data/lung_images/NORMAL-LUNG_00456_normal_049.jpg,fkarimovv/normal-lung,normal,external,unknown,Imported from 049.JPG
NORMAL-LUNG_00457,data/lung_images/NORMAL-LUNG_00457_normal_050.jpg,fkarimovv/normal-lung,normal,external,unknown,Imported from 050.JPG
NORMAL-LUNG_00458,data/lung_images/NORMAL-LUNG_00458_normal_051.jpg,fkarimovv/normal-lung,normal,external,unknown,Imported from 051.JPG
NORMAL-LUNG_00459,data/lung_images/NORMAL-LUNG_00459_normal_052.jpg,fkarimovv/normal-lung,normal,external,unknown,Imported from 052.JPG
NORMAL-LUNG_00460,data/lung_images/NORMAL-LUNG_00460_normal_053.jpg,fkarimovv/normal-lung,normal,external,unknown,Imported from 053.JPG
NORMAL-LUNG_00461,data/lung_images/NORMAL-LUNG_00461_normal_054.jpg,fkarimovv/normal-lung,normal,external,unknown,Imported from 054.JPG
NORMAL-LUNG_00462,data/lung_images/NORMAL-LUNG_00462_normal_055.jpg,fkarimovv/normal-lung,normal,external,unknown,Imported from 055.JPG
NORMAL-LUNG_00463,data/lung_images/NORMAL-LUNG_00463_normal_056.jpg,fkarimovv/normal-lung,normal,external,unknown,Imported from 056.JPG
NORMAL-LUNG_00464,data/lung_images/NORMAL-LUNG_00464_normal_058.jpg,fkarimovv/normal-lung,normal,external,unknown,Imported from 058.JPG
NORMAL-LUNG_00465,data/lung_images/NORMAL-LUNG_00465_normal_059.jpg,fkarimovv/normal-lung,normal,external,unknown,Imported from 059.JPG
NORMAL-LUNG_00466,data/lung_images/NORMAL-LUNG_00466_normal_060.jpg,fkarimovv/normal-lung,normal,external,unknown,Imported from 060.JPG
NORMAL-LUNG_00467,data/lung_images/NORMAL-LUNG_00467_normal_061.jpg,fkarimovv/normal-lung,normal,external,unknown,Imported from 061.JPG
NORMAL-LUNG_00468,data/lung_images/NORMAL-LUNG_00468_normal_062.jpg,fkarimovv/normal-lung,normal,external,unknown,Imported from 062.JPG
NORMAL-LUNG_00469,data/lung_images/NORMAL-LUNG_00469_normal_063.jpg,fkarimovv/normal-lung,normal,external,unknown,Imported from 063.JPG
NORMAL-LUNG_00470,data/lung_images/NORMAL-LUNG_00470_normal_064.jpg,fkarimovv/normal-lung,normal,external,unknown,Imported from 064.JPG
NORMAL-LUNG_00471,data/lung_images/NORMAL-LUNG_00471_normal_065.jpg,fkarimovv/normal-lung,normal,external,unknown,Imported from 065.JPG
NORMAL-LUNG_00472,data/lung_images/NORMAL-LUNG_00472_normal_066.jpg,fkarimovv/normal-lung,normal,external,unknown,Imported from 066.JPG
NORMAL-LUNG_00473,data/lung_images/NORMAL-LUNG_00473_normal_067.jpg,fkarimovv/normal-lung,normal,external,unknown,Imported from 067.JPG
NORMAL-LUNG_00474,data/lung_images/NORMAL-LUNG_00474_normal_069.jpg,fkarimovv/normal-lung,normal,external,unknown,Imported from 069.JPG
NORMAL-LUNG_00475,data/lung_images/NORMAL-LUNG_00475_normal_071.jpg,fkarimovv/normal-lung,normal,external,unknown,Imported from 071.JPG
NORMAL-LUNG_00476,data/lung_images/NORMAL-LUNG_00476_normal_072.jpg,fkarimovv/normal-lung,normal,external,unknown,Imported from 072.JPG
NORMAL-LUNG_00477,data/lung_images/NORMAL-LUNG_00477_normal_074.jpg,fkarimovv/normal-lung,normal,external,unknown,Imported from 074.JPG
NORMAL-LUNG_00478,data/lung_images/NORMAL-LUNG_00478_normal_075.jpg,fkarimovv/normal-lung,normal,external,unknown,Imported from 075.JPG
NORMAL-LUNG_00479,data/lung_images/NORMAL-LUNG_00479_normal_076.jpg,fkarimovv/normal-lung,normal,external,unknown,Imported from 076.JPG
NORMAL-LUNG_00480,data/lung_images/NORMAL-LUNG_00480_normal_077.jpg,fkarimovv/normal-lung,normal,external,unknown,Imported from 077.JPG
NORMAL-LUNG_00481,data/lung_images/NORMAL-LUNG_00481_normal_079.jpg,fkarimovv/normal-lung,normal,external,unknown,Imported from 079.JPG
NORMAL-LUNG_00482,data/lung_images/NORMAL-LUNG_00482_normal_080.jpg,fkarimovv/normal-lung,normal,external,unknown,Imported from 080.JPG
NORMAL-LUNG_00483,data/lung_images/NORMAL-LUNG_00483_normal_081.jpg,fkarimovv/normal-lung,normal,external,unknown,Imported from 081.JPG
NORMAL-LUNG_00484,data/lung_images/NORMAL-LUNG_00484_normal_082.jpg,fkarimovv/normal-lung,normal,external,unknown,Imported from 082.JPG
NORMAL-LUNG_00485,data/lung_images/NORMAL-LUNG_00485_normal_083.jpg,fkarimovv/normal-lung,normal,external,unknown,Imported from 083.JPG
NORMAL-LUNG_00486,data/lung_images/NORMAL-LUNG_00486_normal_084.jpg,fkarimovv/normal-lung,normal,external,unknown,Imported from 084.JPG
NORMAL-LUNG_00487,data/lung_images/NORMAL-LUNG_00487_normal_085.jpg,fkarimovv/normal-lung,normal,external,unknown,Imported from 085.JPG
NORMAL-LUNG_00488,data/lung_images/NORMAL-LUNG_00488_normal_088.jpg,fkarimovv/normal-lung,normal,external,unknown,Imported from 088.JPG
NORMAL-LUNG_00489,data/lung_images/NORMAL-LUNG_00489_normal_089.jpg,fkarimovv/normal-lung,normal,external,unknown,Imported from 089.JPG
NORMAL-LUNG_00490,data/lung_images/NORMAL-LUNG_00490_normal_091.jpg,fkarimovv/normal-lung,normal,external,unknown,Imported from 091.JPG
NORMAL-LUNG_00491,data/lung_images/NORMAL-LUNG_00491_normal_092.jpg,fkarimovv/normal-lung,normal,external,unknown,Imported from 092.JPG
NORMAL-LUNG_00492,data/lung_images/NORMAL-LUNG_00492_normal_093.jpg,fkarimovv/normal-lung,normal,external,unknown,Imported from 093.JPG
NORMAL-LUNG_00493,data/lung_images/NORMAL-LUNG_00493_normal_094.jpg,fkarimovv/normal-lung,normal,external,unknown,Imported from 094.JPG
NORMAL-LUNG_00494,data/lung_images/NORMAL-LUNG_00494_normal_096.jpg,fkarimovv/normal-lung,normal,external,unknown,Imported from 096.JPG
NORMAL-LUNG_00495,data/lung_images/NORMAL-LUNG_00495_normal_097.jpg,fkarimovv/normal-lung,normal,external,unknown,Imported from 097.JPG
NORMAL-LUNG_00496,data/lung_images/NORMAL-LUNG_00496_normal_101.jpg,fkarimovv/normal-lung,normal,external,unknown,Imported from 101.JPG
NORMAL-LUNG_00497,data/lung_images/NORMAL-LUNG_00497_normal_102.jpg,fkarimovv/normal-lung,normal,external,unknown,Imported from 102.JPG
NORMAL-LUNG_00498,data/lung_images/NORMAL-LUNG_00498_normal_103.jpg,fkarimovv/normal-lung,normal,external,unknown,Imported from 103.JPG
NORMAL-LUNG_00499,data/lung_images/NORMAL-LUNG_00499_normal_104.jpg,fkarimovv/normal-lung,normal,external,unknown,Imported from 104.JPG
NORMAL-LUNG_00500,data/lung_images/NORMAL-LUNG_00500_normal_105.jpg,fkarimovv/normal-lung,normal,external,unknown,Imported from 105.JPG
NORMAL-LUNG_00501,data/lung_images/NORMAL-LUNG_00501_normal_106.jpg,fkarimovv/normal-lung,normal,external,unknown,Imported from 106.JPG
NORMAL-LUNG_00502,data/lung_images/NORMAL-LUNG_00502_normal_107.jpg,fkarimovv/normal-lung,normal,external,unknown,Imported from 107.JPG
NORMAL-LUNG_00503,data/lung_images/NORMAL-LUNG_00503_normal_108.jpg,fkarimovv/normal-lung,normal,external,unknown,Imported from 108.JPG
NORMAL-LUNG_00504,data/lung_images/NORMAL-LUNG_00504_normal_109.jpg,fkarimovv/normal-lung,normal,external,unknown,Imported from 109.JPG
NORMAL-LUNG_00505,data/lung_images/NORMAL-LUNG_00505_normal_110.jpg,fkarimovv/normal-lung,normal,external,unknown,Imported from 110.JPG
NORMAL-LUNG_00506,data/lung_images/NORMAL-LUNG_00506_normal_111.jpg,fkarimovv/normal-lung,normal,external,unknown,Imported from 111.JPG
NORMAL-LUNG_00507,data/lung_images/NORMAL-LUNG_00507_normal_112.jpg,fkarimovv/normal-lung,normal,external,unknown,Imported from 112.JPG
NORMAL-LUNG_00508,data/lung_images/NORMAL-LUNG_00508_normal_113.jpg,fkarimovv/normal-lung,normal,external,unknown,Imported from 113.JPG
NORMAL-LUNG_00509,data/lung_images/NORMAL-LUNG_00509_normal_114.jpg,fkarimovv/normal-lung,normal,external,unknown,Imported from 114.JPG
NORMAL-LUNG_00510,data/lung_images/NORMAL-LUNG_00510_normal_115.jpg,fkarimovv/normal-lung,normal,external,unknown,Imported from 115.JPG
NORMAL-LUNG_00511,data/lung_images/NORMAL-LUNG_00511_normal_116.jpg,fkarimovv/normal-lung,normal,external,unknown,Imported from 116.JPG
NORMAL-LUNG_00512,data/lung_images/NORMAL-LUNG_00512_normal_118.jpg,fkarimovv/normal-lung,normal,external,unknown,Imported from 118.JPG
NORMAL-LUNG_00513,data/lung_images/NORMAL-LUNG_00513_normal_119.jpg,fkarimovv/normal-lung,normal,external,unknown,Imported from 119.JPG
NORMAL-LUNG_00514,data/lung_images/NORMAL-LUNG_00514_normal_120.jpg,fkarimovv/normal-lung,normal,external,unknown,Imported from 120.JPG
NORMAL-LUNG_00515,data/lung_images/NORMAL-LUNG_00515_normal_121.jpg,fkarimovv/normal-lung,normal,external,unknown,Imported from 121.JPG
NORMAL-LUNG_00516,data/lung_images/NORMAL-LUNG_00516_normal_122.jpg,fkarimovv/normal-lung,normal,external,unknown,Imported from 122.JPG
NORMAL-LUNG_00517,data/lung_images/NORMAL-LUNG_00517_normal_123.jpg,fkarimovv/normal-lung,normal,external,unknown,Imported from 123.JPG
NORMAL-LUNG_00518,data/lung_images/NORMAL-LUNG_00518_normal_124.jpg,fkarimovv/normal-lung,normal,external,unknown,Imported from 124.JPG
NORMAL-LUNG_00519,data/lung_images/NORMAL-LUNG_00519_normal_125.jpg,fkarimovv/normal-lung,normal,external,unknown,Imported from 125.JPG
NORMAL-LUNG_00520,data/lung_images/NORMAL-LUNG_00520_normal_126.jpg,fkarimovv/normal-lung,normal,external,unknown,Imported from 126.JPG
NORMAL-LUNG_00521,data/lung_images/NORMAL-LUNG_00521_normal_127.jpg,fkarimovv/normal-lung,normal,external,unknown,Imported from 127.JPG
NORMAL-LUNG_00522,data/lung_images/NORMAL-LUNG_00522_normal_128.jpg,fkarimovv/normal-lung,normal,external,unknown,Imported from 128.JPG
NORMAL-LUNG_00523,data/lung_images/NORMAL-LUNG_00523_normal_129.jpg,fkarimovv/normal-lung,normal,external,unknown,Imported from 129.JPG
NORMAL-LUNG_00524,data/lung_images/NORMAL-LUNG_00524_normal_130.jpg,fkarimovv/normal-lung,normal,external,unknown,Imported from 130.JPG
NORMAL-LUNG_00525,data/lung_images/NORMAL-LUNG_00525_normal_131.jpg,fkarimovv/normal-lung,normal,external,unknown,Imported from 131.JPG
NORMAL-LUNG_00526,data/lung_images/NORMAL-LUNG_00526_normal_132.jpg,fkarimovv/normal-lung,normal,external,unknown,Imported from 132.JPG
NORMAL-LUNG_00527,data/lung_images/NORMAL-LUNG_00527_normal_133.jpg,fkarimovv/normal-lung,normal,external,unknown,Imported from 133.JPG
NORMAL-LUNG_00528,data/lung_images/NORMAL-LUNG_00528_normal_134.jpg,fkarimovv/normal-lung,normal,external,unknown,Imported from 134.JPG
NORMAL-LUNG_00529,data/lung_images/NORMAL-LUNG_00529_normal_135.jpg,fkarimovv/normal-lung,normal,external,unknown,Imported from 135.JPG
NORMAL-LUNG_00530,data/lung_images/NORMAL-LUNG_00530_normal_137.jpg,fkarimovv/normal-lung,normal,external,unknown,Imported from 137.JPG
NORMAL-LUNG_00531,data/lung_images/NORMAL-LUNG_00531_normal_139.jpg,fkarimovv/normal-lung,normal,external,unknown,Imported from 139.JPG
NORMAL-LUNG_00532,data/lung_images/NORMAL-LUNG_00532_normal_140.jpg,fkarimovv/normal-lung,normal,external,unknown,Imported from 140.JPG
NORMAL-LUNG_00533,data/lung_images/NORMAL-LUNG_00533_normal_141.jpg,fkarimovv/normal-lung,normal,external,unknown,Imported from 141.JPG
NORMAL-LUNG_00534,data/lung_images/NORMAL-LUNG_00534_normal_142.jpg,fkarimovv/normal-lung,normal,external,unknown,Imported from 142.JPG
NORMAL-LUNG_00535,data/lung_images/NORMAL-LUNG_00535_normal_143.jpg,fkarimovv/normal-lung,normal,external,unknown,Imported from 143.JPG
NORMAL-LUNG_00536,data/lung_images/NORMAL-LUNG_00536_normal_144.jpg,fkarimovv/normal-lung,normal,external,unknown,Imported from 144.JPG
NORMAL-LUNG_00537,data/lung_images/NORMAL-LUNG_00537_normal_145.jpg,fkarimovv/normal-lung,normal,external,unknown,Imported from 145.JPG
NORMAL-LUNG_00538,data/lung_images/NORMAL-LUNG_00538_normal_146.jpg,fkarimovv/normal-lung,normal,external,unknown,Imported from 146.JPG
NORMAL-LUNG_00539,data/lung_images/NORMAL-LUNG_00539_normal_147.jpg,fkarimovv/normal-lung,normal,external,unknown,Imported from 147.JPG
NORMAL-LUNG_00540,data/lung_images/NORMAL-LUNG_00540_normal_148.jpg,fkarimovv/normal-lung,normal,external,unknown,Imported from 148.JPG
NORMAL-LUNG_00541,data/lung_images/NORMAL-LUNG_00541_normal_149.jpg,fkarimovv/normal-lung,normal,external,unknown,Imported from 149.JPG
NORMAL-LUNG_00542,data/lung_images/NORMAL-LUNG_00542_normal_150.jpg,fkarimovv/normal-lung,normal,external,unknown,Imported from 150.JPG
NORMAL-LUNG_00543,data/lung_images/NORMAL-LUNG_00543_normal_151.jpg,fkarimovv/normal-lung,normal,external,unknown,Imported from 151.JPG
NORMAL-LUNG_00544,data/lung_images/NORMAL-LUNG_00544_normal_152.jpg,fkarimovv/normal-lung,normal,external,unknown,Imported from 152.JPG
NORMAL-LUNG_00545,data/lung_images/NORMAL-LUNG_00545_normal_153.jpg,fkarimovv/normal-lung,normal,external,unknown,Imported from 153.JPG
NORMAL-LUNG_00546,data/lung_images/NORMAL-LUNG_00546_normal_154.jpg,fkarimovv/normal-lung,normal,external,unknown,Imported from 154.JPG
NORMAL-LUNG_00547,data/lung_images/NORMAL-LUNG_00547_normal_155.jpg,fkarimovv/normal-lung,normal,external,unknown,Imported from 155.JPG
NORMAL-LUNG_00548,data/lung_images/NORMAL-LUNG_00548_normal_156.jpg,fkarimovv/normal-lung,normal,external,unknown,Imported from 156.JPG
NORMAL-LUNG_00549,data/lung_images/NORMAL-LUNG_00549_normal_157.jpg,fkarimovv/normal-lung,normal,external,unknown,Imported from 157.JPG
NORMAL-LUNG_00550,data/lung_images/NORMAL-LUNG_00550_normal_158.jpg,fkarimovv/normal-lung,normal,external,unknown,Imported from 158.JPG
NORMAL-LUNG_00551,data/lung_images/NORMAL-LUNG_00551_normal_159.jpg,fkarimovv/normal-lung,normal,external,unknown,Imported from 159.JPG
NORMAL-LUNG_00552,data/lung_images/NORMAL-LUNG_00552_normal_160.jpg,fkarimovv/normal-lung,normal,external,unknown,Imported from 160.JPG
NORMAL-LUNG_00553,data/lung_images/NORMAL-LUNG_00553_normal_161.jpg,fkarimovv/normal-lung,normal,external,unknown,Imported from 161.JPG
NORMAL-LUNG_00554,data/lung_images/NORMAL-LUNG_00554_normal_162.jpg,fkarimovv/normal-lung,normal,external,unknown,Imported from 162.JPG
NORMAL-LUNG_00555,data/lung_images/NORMAL-LUNG_00555_normal_163.jpg,fkarimovv/normal-lung,normal,external,unknown,Imported from 163.JPG
NORMAL-LUNG_00556,data/lung_images/NORMAL-LUNG_00556_normal_164.jpg,fkarimovv/normal-lung,normal,external,unknown,Imported from 164.JPG
NORMAL-LUNG_00557,data/lung_images/NORMAL-LUNG_00557_normal_165.jpg,fkarimovv/normal-lung,normal,external,unknown,Imported from 165.JPG
NORMAL-LUNG_00558,data/lung_images/NORMAL-LUNG_00558_normal_166.jpg,fkarimovv/normal-lung,normal,external,unknown,Imported from 166.JPG
NORMAL-LUNG_00559,data/lung_images/NORMAL-LUNG_00559_normal_167.jpg,fkarimovv/normal-lung,normal,external,unknown,Imported from 167.JPG
NORMAL-LUNG_00560,data/lung_images/NORMAL-LUNG_00560_normal_169.jpg,fkarimovv/normal-lung,normal,external,unknown,Imported from 169.JPG
NORMAL-LUNG_00561,data/lung_images/NORMAL-LUNG_00561_normal_170.jpg,fkarimovv/normal-lung,normal,external,unknown,Imported from 170.JPG
NORMAL-LUNG_00562,data/lung_images/NORMAL-LUNG_00562_normal_171.jpg,fkarimovv/normal-lung,normal,external,unknown,Imported from 171.JPG
NORMAL-LUNG_00563,data/lung_images/NORMAL-LUNG_00563_normal_172.jpg,fkarimovv/normal-lung,normal,external,unknown,Imported from 172.JPG
NORMAL-LUNG_00564,data/lung_images/NORMAL-LUNG_00564_normal_173.jpg,fkarimovv/normal-lung,normal,external,unknown,Imported from 173.JPG
NORMAL-LUNG_00565,data/lung_images/NORMAL-LUNG_00565_normal_174.jpg,fkarimovv/normal-lung,normal,external,unknown,Imported from 174.JPG
NORMAL-LUNG_00566,data/lung_images/NORMAL-LUNG_00566_normal_175.jpg,fkarimovv/normal-lung,normal,external,unknown,Imported from 175.JPG
NORMAL-LUNG_00567,data/lung_images/NORMAL-LUNG_00567_normal_176.jpg,fkarimovv/normal-lung,normal,external,unknown,Imported from 176.JPG
NORMAL-LUNG_00568,data/lung_images/NORMAL-LUNG_00568_normal_177.jpg,fkarimovv/normal-lung,normal,external,unknown,Imported from 177.JPG
NORMAL-LUNG_00569,data/lung_images/NORMAL-LUNG_00569_normal_178.jpg,fkarimovv/normal-lung,normal,external,unknown,Imported from 178.JPG
NORMAL-LUNG_00570,data/lung_images/NORMAL-LUNG_00570_normal_180.jpg,fkarimovv/normal-lung,normal,external,unknown,Imported from 180.JPG
NORMAL-LUNG_00571,data/lung_images/NORMAL-LUNG_00571_normal_181.jpg,fkarimovv/normal-lung,normal,external,unknown,Imported from 181.JPG
NORMAL-LUNG_00572,data/lung_images/NORMAL-LUNG_00572_normal_182.jpg,fkarimovv/normal-lung,normal,external,unknown,Imported from 182.JPG
NORMAL-LUNG_00573,data/lung_images/NORMAL-LUNG_00573_normal_183.jpg,fkarimovv/normal-lung,normal,external,unknown,Imported from 183.JPG
NORMAL-LUNG_00574,data/lung_images/NORMAL-LUNG_00574_normal_184.jpg,fkarimovv/normal-lung,normal,external,unknown,Imported from 184.JPG
NORMAL-LUNG_00575,data/lung_images/NORMAL-LUNG_00575_normal_185.jpg,fkarimovv/normal-lung,normal,external,unknown,Imported from 185.JPG
NORMAL-LUNG_00576,data/lung_images/NORMAL-LUNG_00576_normal_186.jpg,fkarimovv/normal-lung,normal,external,unknown,Imported from 186.JPG
NORMAL-LUNG_00577,data/lung_images/NORMAL-LUNG_00577_normal_187.jpg,fkarimovv/normal-lung,normal,external,unknown,Imported from 187.JPG
NORMAL-LUNG_00578,data/lung_images/NORMAL-LUNG_00578_normal_189.jpg,fkarimovv/normal-lung,normal,external,unknown,Imported from 189.JPG
NORMAL-LUNG_00579,data/lung_images/NORMAL-LUNG_00579_normal_190.jpg,fkarimovv/normal-lung,normal,external,unknown,Imported from 190.JPG
NORMAL-LUNG_00580,data/lung_images/NORMAL-LUNG_00580_normal_191.jpg,fkarimovv/normal-lung,normal,external,unknown,Imported from 191.JPG
NORMAL-LUNG_00581,data/lung_images/NORMAL-LUNG_00581_normal_192.jpg,fkarimovv/normal-lung,normal,external,unknown,Imported from 192.JPG
NORMAL-LUNG_00582,data/lung_images/NORMAL-LUNG_00582_normal_193.jpg,fkarimovv/normal-lung,normal,external,unknown,Imported from 193.JPG
NORMAL-LUNG_00583,data/lung_images/NORMAL-LUNG_00583_normal_194.jpg,fkarimovv/normal-lung,normal,external,unknown,Imported from 194.JPG
NORMAL-LUNG_00584,data/lung_images/NORMAL-LUNG_00584_normal_195.jpg,fkarimovv/normal-lung,normal,external,unknown,Imported from 195.JPG
NORMAL-LUNG_00585,data/lung_images/NORMAL-LUNG_00585_normal_196.jpg,fkarimovv/normal-lung,normal,external,unknown,Imported from 196.JPG
NORMAL-LUNG_00586,data/lung_images/NORMAL-LUNG_00586_normal_197.jpg,fkarimovv/normal-lung,normal,external,unknown,Imported from 197.JPG
NORMAL-LUNG_00587,data/lung_images/NORMAL-LUNG_00587_normal_198.jpg,fkarimovv/normal-lung,normal,external,unknown,Imported from 198.JPG
NORMAL-LUNG_00588,data/lung_images/NORMAL-LUNG_00588_normal_199.jpg,fkarimovv/normal-lung,normal,external,unknown,Imported from 199.JPG
NORMAL-LUNG_00589,data/lung_images/NORMAL-LUNG_00589_normal_200.jpg,fkarimovv/normal-lung,normal,external,unknown,Imported from 200.JPG
NORMAL-LUNG_00590,data/lung_images/NORMAL-LUNG_00590_normal_201.jpg,fkarimovv/normal-lung,normal,external,unknown,Imported from 201.JPG
NORMAL-LUNG_00591,data/lung_images/NORMAL-LUNG_00591_normal_202.jpg,fkarimovv/normal-lung,normal,external,unknown,Imported from 202.JPG
NORMAL-LUNG_00592,data/lung_images/NORMAL-LUNG_00592_normal_203.jpg,fkarimovv/normal-lung,normal,external,unknown,Imported from 203.JPG
NORMAL-LUNG_00593,data/lung_images/NORMAL-LUNG_00593_normal_204.jpg,fkarimovv/normal-lung,normal,external,unknown,Imported from 204.JPG
NORMAL-LUNG_00594,data/lung_images/NORMAL-LUNG_00594_normal_205.jpg,fkarimovv/normal-lung,normal,external,unknown,Imported from 205.JPG
NORMAL-LUNG_00595,data/lung_images/NORMAL-LUNG_00595_normal_206.jpg,fkarimovv/normal-lung,normal,external,unknown,Imported from 206.JPG
NORMAL-LUNG_00596,data/lung_images/NORMAL-LUNG_00596_normal_207.jpg,fkarimovv/normal-lung,normal,external,unknown,Imported from 207.JPG
NORMAL-LUNG_00597,data/lung_images/NORMAL-LUNG_00597_normal_208.jpg,fkarimovv/normal-lung,normal,external,unknown,Imported from 208.JPG
NORMAL-LUNG_00598,data/lung_images/NORMAL-LUNG_00598_normal_209.jpg,fkarimovv/normal-lung,normal,external,unknown,Imported from 209.JPG
NORMAL-LUNG_00599,data/lung_images/NORMAL-LUNG_00599_normal_210.jpg,fkarimovv/normal-lung,normal,external,unknown,Imported from 210.JPG
NORMAL-LUNG_00600,data/lung_images/NORMAL-LUNG_00600_normal_211.jpg,fkarimovv/normal-lung,normal,external,unknown,Imported from 211.JPG
NORMAL-LUNG_00601,data/lung_images/NORMAL-LUNG_00601_normal_212.jpg,fkarimovv/normal-lung,normal,external,unknown,Imported from 212.JPG
NORMAL-LUNG_00602,data/lung_images/NORMAL-LUNG_00602_normal_213.jpg,fkarimovv/normal-lung,normal,external,unknown,Imported from 213.JPG
NORMAL-LUNG_00603,data/lung_images/NORMAL-LUNG_00603_normal_214.jpg,fkarimovv/normal-lung,normal,external,unknown,Imported from 214.JPG
NORMAL-LUNG_00604,data/lung_images/NORMAL-LUNG_00604_normal_215.jpg,fkarimovv/normal-lung,normal,external,unknown,Imported from 215.JPG
NORMAL-LUNG_00605,data/lung_images/NORMAL-LUNG_00605_normal_216.jpg,fkarimovv/normal-lung,normal,external,unknown,Imported from 216.JPG
NORMAL-LUNG_00606,data/lung_images/NORMAL-LUNG_00606_normal_217.jpg,fkarimovv/normal-lung,normal,external,unknown,Imported from 217.JPG
NORMAL-LUNG_00607,data/lung_images/NORMAL-LUNG_00607_normal_218.jpg,fkarimovv/normal-lung,normal,external,unknown,Imported from 218.JPG
NORMAL-LUNG_00608,data/lung_images/NORMAL-LUNG_00608_normal_219.jpg,fkarimovv/normal-lung,normal,external,unknown,Imported from 219.JPG
NORMAL-LUNG_00609,data/lung_images/NORMAL-LUNG_00609_normal_221.jpg,fkarimovv/normal-lung,normal,external,unknown,Imported from 221.JPG
NORMAL-LUNG_00610,data/lung_images/NORMAL-LUNG_00610_normal_222.jpg,fkarimovv/normal-lung,normal,external,unknown,Imported from 222.JPG
NORMAL-LUNG_00611,data/lung_images/NORMAL-LUNG_00611_normal_223.jpg,fkarimovv/normal-lung,normal,external,unknown,Imported from 223.JPG
NORMAL-LUNG_00612,data/lung_images/NORMAL-LUNG_00612_normal_224.jpg,fkarimovv/normal-lung,normal,external,unknown,Imported from 224.JPG
NORMAL-LUNG_00613,data/lung_images/NORMAL-LUNG_00613_normal_225.jpg,fkarimovv/normal-lung,normal,external,unknown,Imported from 225.JPG
NORMAL-LUNG_00614,data/lung_images/NORMAL-LUNG_00614_normal_226.jpg,fkarimovv/normal-lung,normal,external,unknown,Imported from 226.JPG
NORMAL-LUNG_00615,data/lung_images/NORMAL-LUNG_00615_normal_227.jpg,fkarimovv/normal-lung,normal,external,unknown,Imported from 227.JPG
NORMAL-LUNG_00616,data/lung_images/NORMAL-LUNG_00616_normal_228.jpg,fkarimovv/normal-lung,normal,external,unknown,Imported from 228.JPG
NORMAL-LUNG_00617,data/lung_images/NORMAL-LUNG_00617_normal_229.jpg,fkarimovv/normal-lung,normal,external,unknown,Imported from 229.JPG
NORMAL-LUNG_00618,data/lung_images/NORMAL-LUNG_00618_normal_230.jpg,fkarimovv/normal-lung,normal,external,unknown,Imported from 230.JPG
NORMAL-LUNG_00619,data/lung_images/NORMAL-LUNG_00619_normal_231.jpg,fkarimovv/normal-lung,normal,external,unknown,Imported from 231.JPG
NORMAL-LUNG_00620,data/lung_images/NORMAL-LUNG_00620_normal_233.jpg,fkarimovv/normal-lung,normal,external,unknown,Imported from 233.JPG
NORMAL-LUNG_00621,data/lung_images/NORMAL-LUNG_00621_normal_234.jpg,fkarimovv/normal-lung,normal,external,unknown,Imported from 234.JPG
NORMAL-LUNG_00622,data/lung_images/NORMAL-LUNG_00622_normal_235.jpg,fkarimovv/normal-lung,normal,external,unknown,Imported from 235.JPG
NORMAL-LUNG_00623,data/lung_images/NORMAL-LUNG_00623_normal_237.jpg,fkarimovv/normal-lung,normal,external,unknown,Imported from 237.JPG
NORMAL-LUNG_00624,data/lung_images/NORMAL-LUNG_00624_normal_238.jpg,fkarimovv/normal-lung,normal,external,unknown,Imported from 238.JPG
NORMAL-LUNG_00625,data/lung_images/NORMAL-LUNG_00625_normal_239.jpg,fkarimovv/normal-lung,normal,external,unknown,Imported from 239.JPG
NORMAL-LUNG_00626,data/lung_images/NORMAL-LUNG_00626_normal_240.jpg,fkarimovv/normal-lung,normal,external,unknown,Imported from 240.JPG
NORMAL-LUNG_00627,data/lung_images/NORMAL-LUNG_00627_normal_241.jpg,fkarimovv/normal-lung,normal,external,unknown,Imported from 241.JPG
NORMAL-LUNG_00628,data/lung_images/NORMAL-LUNG_00628_normal_242.jpg,fkarimovv/normal-lung,normal,external,unknown,Imported from 242.JPG
NORMAL-LUNG_00629,data/lung_images/NORMAL-LUNG_00629_normal_243.jpg,fkarimovv/normal-lung,normal,external,unknown,Imported from 243.JPG
NORMAL-LUNG_00630,data/lung_images/NORMAL-LUNG_00630_normal_244.jpg,fkarimovv/normal-lung,normal,external,unknown,Imported from 244.JPG
NORMAL-LUNG_00631,data/lung_images/NORMAL-LUNG_00631_normal_245.jpg,fkarimovv/normal-lung,normal,external,unknown,Imported from 245.JPG
NORMAL-LUNG_00632,data/lung_images/NORMAL-LUNG_00632_normal_246.jpg,fkarimovv/normal-lung,normal,external,unknown,Imported from 246.JPG
NORMAL-LUNG_00633,data/lung_images/NORMAL-LUNG_00633_normal_247.jpg,fkarimovv/normal-lung,normal,external,unknown,Imported from 247.JPG
NORMAL-LUNG_00634,data/lung_images/NORMAL-LUNG_00634_normal_248.jpg,fkarimovv/normal-lung,normal,external,unknown,Imported from 248.JPG
NORMAL-LUNG_00635,data/lung_images/NORMAL-LUNG_00635_normal_249.jpg,fkarimovv/normal-lung,normal,external,unknown,Imported from 249.JPG
NORMAL-LUNG_00636,data/lung_images/NORMAL-LUNG_00636_normal_250.jpg,fkarimovv/normal-lung,normal,external,unknown,Imported from 250.JPG
NORMAL-LUNG_00637,data/lung_images/NORMAL-LUNG_00637_normal_251.jpg,fkarimovv/normal-lung,normal,external,unknown,Imported from 251.JPG
NORMAL-LUNG_00638,data/lung_images/NORMAL-LUNG_00638_normal_252.jpg,fkarimovv/normal-lung,normal,external,unknown,Imported from 252.JPG
NORMAL-LUNG_00639,data/lung_images/NORMAL-LUNG_00639_normal_253.jpg,fkarimovv/normal-lung,normal,external,unknown,Imported from 253.JPG
NORMAL-LUNG_00640,data/lung_images/NORMAL-LUNG_00640_normal_254.jpg,fkarimovv/normal-lung,normal,external,unknown,Imported from 254.JPG
NORMAL-LUNG_00641,data/lung_images/NORMAL-LUNG_00641_normal_255.jpg,fkarimovv/normal-lung,normal,external,unknown,Imported from 255.JPG
NORMAL-LUNG_00642,data/lung_images/NORMAL-LUNG_00642_normal_256.jpg,fkarimovv/normal-lung,normal,external,unknown,Imported from 256.JPG
NORMAL-LUNG_00643,data/lung_images/NORMAL-LUNG_00643_normal_257.jpg,fkarimovv/normal-lung,normal,external,unknown,Imported from 257.JPG
NORMAL-LUNG_00644,data/lung_images/NORMAL-LUNG_00644_normal_258.jpg,fkarimovv/normal-lung,normal,external,unknown,Imported from 258.JPG
NORMAL-LUNG_00645,data/lung_images/NORMAL-LUNG_00645_normal_259.jpg,fkarimovv/normal-lung,normal,external,unknown,Imported from 259.JPG
NORMAL-LUNG_00646,data/lung_images/NORMAL-LUNG_00646_normal_260.jpg,fkarimovv/normal-lung,normal,external,unknown,Imported from 260.JPG
NORMAL-LUNG_00647,data/lung_images/NORMAL-LUNG_00647_normal_261.jpg,fkarimovv/normal-lung,normal,external,unknown,Imported from 261.JPG
NORMAL-LUNG_00648,data/lung_images/NORMAL-LUNG_00648_normal_262.jpg,fkarimovv/normal-lung,normal,external,unknown,Imported from 262.JPG
NORMAL-LUNG_00649,data/lung_images/NORMAL-LUNG_00649_normal_263.jpg,fkarimovv/normal-lung,normal,external,unknown,Imported from 263.JPG
NORMAL-LUNG_00650,data/lung_images/NORMAL-LUNG_00650_normal_264.jpg,fkarimovv/normal-lung,normal,external,unknown,Imported from 264.JPG
NORMAL-LUNG_00651,data/lung_images/NORMAL-LUNG_00651_normal_265.jpg,fkarimovv/normal-lung,normal,external,unknown,Imported from 265.JPG
NORMAL-LUNG_00652,data/lung_images/NORMAL-LUNG_00652_normal_266.jpg,fkarimovv/normal-lung,normal,external,unknown,Imported from 266.JPG
NORMAL-LUNG_00653,data/lung_images/NORMAL-LUNG_00653_normal_267.jpg,fkarimovv/normal-lung,normal,external,unknown,Imported from 267.JPG
NORMAL-LUNG_00654,data/lung_images/NORMAL-LUNG_00654_normal_268.jpg,fkarimovv/normal-lung,normal,external,unknown,Imported from 268.JPG
NORMAL-LUNG_00655,data/lung_images/NORMAL-LUNG_00655_normal_269.jpg,fkarimovv/normal-lung,normal,external,unknown,Imported from 269.JPG
NORMAL-LUNG_00656,data/lung_images/NORMAL-LUNG_00656_normal_270.jpg,fkarimovv/normal-lung,normal,external,unknown,Imported from 270.JPG
NORMAL-LUNG_00657,data/lung_images/NORMAL-LUNG_00657_normal_271.jpg,fkarimovv/normal-lung,normal,external,unknown,Imported from 271.JPG
NORMAL-LUNG_00658,data/lung_images/NORMAL-LUNG_00658_normal_272.jpg,fkarimovv/normal-lung,normal,external,unknown,Imported from 272.JPG
NORMAL-LUNG_00659,data/lung_images/NORMAL-LUNG_00659_normal_273.jpg,fkarimovv/normal-lung,normal,external,unknown,Imported from 273.JPG
NORMAL-LUNG_00660,data/lung_images/NORMAL-LUNG_00660_normal_274.jpg,fkarimovv/normal-lung,normal,external,unknown,Imported from 274.JPG
NORMAL-LUNG_00661,data/lung_images/NORMAL-LUNG_00661_normal_275.jpg,fkarimovv/normal-lung,normal,external,unknown,Imported from 275.JPG
NORMAL-LUNG_00662,data/lung_images/NORMAL-LUNG_00662_normal_276.jpg,fkarimovv/normal-lung,normal,external,unknown,Imported from 276.JPG
NORMAL-LUNG_00663,data/lung_images/NORMAL-LUNG_00663_normal_277.jpg,fkarimovv/normal-lung,normal,external,unknown,Imported from 277.JPG
NORMAL-LUNG_00664,data/lung_images/NORMAL-LUNG_00664_normal_278.jpg,fkarimovv/normal-lung,normal,external,unknown,Imported from 278.JPG
NORMAL-LUNG_00665,data/lung_images/NORMAL-LUNG_00665_normal_279.jpg,fkarimovv/normal-lung,normal,external,unknown,Imported from 279.JPG
NORMAL-LUNG_00666,data/lung_images/NORMAL-LUNG_00666_normal_281.jpg,fkarimovv/normal-lung,normal,external,unknown,Imported from 281.JPG
NORMAL-LUNG_00667,data/lung_images/NORMAL-LUNG_00667_normal_282.jpg,fkarimovv/normal-lung,normal,external,unknown,Imported from 282.JPG
NORMAL-LUNG_00668,data/lung_images/NORMAL-LUNG_00668_normal_283.jpg,fkarimovv/normal-lung,normal,external,unknown,Imported from 283.JPG
NORMAL-LUNG_00669,data/lung_images/NORMAL-LUNG_00669_normal_284.jpg,fkarimovv/normal-lung,normal,external,unknown,Imported from 284.JPG
NORMAL-LUNG_00670,data/lung_images/NORMAL-LUNG_00670_normal_285.jpg,fkarimovv/normal-lung,normal,external,unknown,Imported from 285.JPG
NORMAL-LUNG_00671,data/lung_images/NORMAL-LUNG_00671_normal_286.jpg,fkarimovv/normal-lung,normal,external,unknown,Imported from 286.JPG
NORMAL-LUNG_00672,data/lung_images/NORMAL-LUNG_00672_normal_287.jpg,fkarimovv/normal-lung,normal,external,unknown,Imported from 287.JPG
NORMAL-LUNG_00673,data/lung_images/NORMAL-LUNG_00673_normal_288.jpg,fkarimovv/normal-lung,normal,external,unknown,Imported from 288.JPG
NORMAL-LUNG_00674,data/lung_images/NORMAL-LUNG_00674_normal_289.jpg,fkarimovv/normal-lung,normal,external,unknown,Imported from 289.JPG
NORMAL-LUNG_00675,data/lung_images/NORMAL-LUNG_00675_normal_290.jpg,fkarimovv/normal-lung,normal,external,unknown,Imported from 290.JPG
NORMAL-LUNG_00676,data/lung_images/NORMAL-LUNG_00676_normal_291.jpg,fkarimovv/normal-lung,normal,external,unknown,Imported from 291.JPG
NORMAL-LUNG_00677,data/lung_images/NORMAL-LUNG_00677_normal_292.jpg,fkarimovv/normal-lung,normal,external,unknown,Imported from 292.JPG
NORMAL-LUNG_00678,data/lung_images/NORMAL-LUNG_00678_normal_293.jpg,fkarimovv/normal-lung,normal,external,unknown,Imported from 293.JPG
NORMAL-LUNG_00679,data/lung_images/NORMAL-LUNG_00679_normal_294.jpg,fkarimovv/normal-lung,normal,external,unknown,Imported from 294.JPG
NORMAL-LUNG_00680,data/lung_images/NORMAL-LUNG_00680_normal_295.jpg,fkarimovv/normal-lung,normal,external,unknown,Imported from 295.JPG
NORMAL-LUNG_00681,data/lung_images/NORMAL-LUNG_00681_normal_296.jpg,fkarimovv/normal-lung,normal,external,unknown,Imported from 296.JPG
NORMAL-LUNG_00682,data/lung_images/NORMAL-LUNG_00682_normal_297.jpg,fkarimovv/normal-lung,normal,external,unknown,Imported from 297.JPG
NORMAL-LUNG_00683,data/lung_images/NORMAL-LUNG_00683_normal_298.jpg,fkarimovv/normal-lung,normal,external,unknown,Imported from 298.JPG
NORMAL-LUNG_00684,data/lung_images/NORMAL-LUNG_00684_normal_299.jpg,fkarimovv/normal-lung,normal,external,unknown,Imported from 299.JPG
NORMAL-LUNG_00685,data/lung_images/NORMAL-LUNG_00685_normal_300.jpg,fkarimovv/normal-lung,normal,external,unknown,Imported from 300.JPG
NORMAL-LUNG_00686,data/lung_images/NORMAL-LUNG_00686_normal_301.jpg,fkarimovv/normal-lung,normal,external,unknown,Imported from 301.JPG
NORMAL-LUNG_00687,data/lung_images/NORMAL-LUNG_00687_normal_302.jpg,fkarimovv/normal-lung,normal,external,unknown,Imported from 302.JPG
NORMAL-LUNG_00688,data/lung_images/NORMAL-LUNG_00688_normal_303.jpg,fkarimovv/normal-lung,normal,external,unknown,Imported from 303.JPG
NORMAL-LUNG_00689,data/lung_images/NORMAL-LUNG_00689_normal_304.jpg,fkarimovv/normal-lung,normal,external,unknown,Imported from 304.JPG
NORMAL-LUNG_00690,data/lung_images/NORMAL-LUNG_00690_normal_305.jpg,fkarimovv/normal-lung,normal,external,unknown,Imported from 305.JPG
NORMAL-LUNG_00691,data/lung_images/NORMAL-LUNG_00691_normal_306.jpg,fkarimovv/normal-lung,normal,external,unknown,Imported from 306.JPG
NORMAL-LUNG_00692,data/lung_images/NORMAL-LUNG_00692_normal_307.jpg,fkarimovv/normal-lung,normal,external,unknown,Imported from 307.JPG
NORMAL-LUNG_00693,data/lung_images/NORMAL-LUNG_00693_normal_308.jpg,fkarimovv/normal-lung,normal,external,unknown,Imported from 308.JPG
NORMAL-LUNG_00694,data/lung_images/NORMAL-LUNG_00694_normal_309.jpg,fkarimovv/normal-lung,normal,external,unknown,Imported from 309.JPG
NORMAL-LUNG_00695,data/lung_images/NORMAL-LUNG_00695_normal_312.jpg,fkarimovv/normal-lung,normal,external,unknown,Imported from 312.JPG
NORMAL-LUNG_00696,data/lung_images/NORMAL-LUNG_00696_normal_313.jpg,fkarimovv/normal-lung,normal,external,unknown,Imported from 313.JPG
NORMAL-LUNG_00697,data/lung_images/NORMAL-LUNG_00697_normal_314.jpg,fkarimovv/normal-lung,normal,external,unknown,Imported from 314.JPG
NORMAL-LUNG_00698,data/lung_images/NORMAL-LUNG_00698_normal_316.jpg,fkarimovv/normal-lung,normal,external,unknown,Imported from 316.JPG
NORMAL-LUNG_00699,data/lung_images/NORMAL-LUNG_00699_normal_318.jpg,fkarimovv/normal-lung,normal,external,unknown,Imported from 318.JPG
NORMAL-LUNG_00700,data/lung_images/NORMAL-LUNG_00700_normal_319.jpg,fkarimovv/normal-lung,normal,external,unknown,Imported from 319.JPG
NORMAL-LUNG_00701,data/lung_images/NORMAL-LUNG_00701_normal_320.jpg,fkarimovv/normal-lung,normal,external,unknown,Imported from 320.JPG
NORMAL-LUNG_00702,data/lung_images/NORMAL-LUNG_00702_normal_321.jpg,fkarimovv/normal-lung,normal,external,unknown,Imported from 321.JPG
NORMAL-LUNG_00703,data/lung_images/NORMAL-LUNG_00703_normal_322.jpg,fkarimovv/normal-lung,normal,external,unknown,Imported from 322.JPG
NORMAL-LUNG_00704,data/lung_images/NORMAL-LUNG_00704_normal_323.jpg,fkarimovv/normal-lung,normal,external,unknown,Imported from 323.JPG
NORMAL-LUNG_00705,data/lung_images/NORMAL-LUNG_00705_normal_324.jpg,fkarimovv/normal-lung,normal,external,unknown,Imported from 324.JPG
NORMAL-LUNG_00706,data/lung_images/NORMAL-LUNG_00706_normal_325.jpg,fkarimovv/normal-lung,normal,external,unknown,Imported from 325.JPG
NORMAL-LUNG_00707,data/lung_images/NORMAL-LUNG_00707_normal_326.jpg,fkarimovv/normal-lung,normal,external,unknown,Imported from 326.JPG
NORMAL-LUNG_00708,data/lung_images/NORMAL-LUNG_00708_normal_327.jpg,fkarimovv/normal-lung,normal,external,unknown,Imported from 327.JPG
NORMAL-LUNG_00709,data/lung_images/NORMAL-LUNG_00709_normal_328.jpg,fkarimovv/normal-lung,normal,external,unknown,Imported from 328.JPG
NORMAL-LUNG_00710,data/lung_images/NORMAL-LUNG_00710_normal_329.jpg,fkarimovv/normal-lung,normal,external,unknown,Imported from 329.JPG
NORMAL-LUNG_00711,data/lung_images/NORMAL-LUNG_00711_normal_330.jpg,fkarimovv/normal-lung,normal,external,unknown,Imported from 330.JPG
NORMAL-LUNG_00712,data/lung_images/NORMAL-LUNG_00712_normal_331.jpg,fkarimovv/normal-lung,normal,external,unknown,Imported from 331.JPG
NORMAL-LUNG_00713,data/lung_images/NORMAL-LUNG_00713_normal_332.jpg,fkarimovv/normal-lung,normal,external,unknown,Imported from 332.JPG
NORMAL-LUNG_00714,data/lung_images/NORMAL-LUNG_00714_normal_333.jpg,fkarimovv/normal-lung,normal,external,unknown,Imported from 333.JPG
NORMAL-LUNG_00715,data/lung_images/NORMAL-LUNG_00715_normal_334.jpg,fkarimovv/normal-lung,normal,external,unknown,Imported from 334.JPG
NORMAL-LUNG_00716,data/lung_images/NORMAL-LUNG_00716_normal_335.jpg,fkarimovv/normal-lung,normal,external,unknown,Imported from 335.JPG
NORMAL-LUNG_00717,data/lung_images/NORMAL-LUNG_00717_normal_336.jpg,fkarimovv/normal-lung,normal,external,unknown,Imported from 336.JPG
NORMAL-LUNG_00718,data/lung_images/NORMAL-LUNG_00718_normal_337.jpg,fkarimovv/normal-lung,normal,external,unknown,Imported from 337.JPG
NORMAL-LUNG_00719,data/lung_images/NORMAL-LUNG_00719_normal_338.jpg,fkarimovv/normal-lung,normal,external,unknown,Imported from 338.JPG
NORMAL-LUNG_00720,data/lung_images/NORMAL-LUNG_00720_normal_339.jpg,fkarimovv/normal-lung,normal,external,unknown,Imported from 339.JPG
NORMAL-LUNG_00721,data/lung_images/NORMAL-LUNG_00721_normal_340.jpg,fkarimovv/normal-lung,normal,external,unknown,Imported from 340.JPG
NORMAL-LUNG_00722,data/lung_images/NORMAL-LUNG_00722_normal_341.jpg,fkarimovv/normal-lung,normal,external,unknown,Imported from 341.JPG
NORMAL-LUNG_00723,data/lung_images/NORMAL-LUNG_00723_normal_342.jpg,fkarimovv/normal-lung,normal,external,unknown,Imported from 342.JPG
NORMAL-LUNG_00724,data/lung_images/NORMAL-LUNG_00724_normal_343.jpg,fkarimovv/normal-lung,normal,external,unknown,Imported from 343.JPG
NORMAL-LUNG_00725,data/lung_images/NORMAL-LUNG_00725_normal_344.jpg,fkarimovv/normal-lung,normal,external,unknown,Imported from 344.JPG
NORMAL-LUNG_00726,data/lung_images/NORMAL-LUNG_00726_normal_345.jpg,fkarimovv/normal-lung,normal,external,unknown,Imported from 345.JPG
NORMAL-LUNG_00727,data/lung_images/NORMAL-LUNG_00727_normal_346.jpg,fkarimovv/normal-lung,normal,external,unknown,Imported from 346.JPG
NORMAL-LUNG_00728,data/lung_images/NORMAL-LUNG_00728_normal_347.jpg,fkarimovv/normal-lung,normal,external,unknown,Imported from 347.JPG
NORMAL-LUNG_00729,data/lung_images/NORMAL-LUNG_00729_normal_348.jpg,fkarimovv/normal-lung,normal,external,unknown,Imported from 348.JPG
NORMAL-LUNG_00730,data/lung_images/NORMAL-LUNG_00730_normal_349.jpg,fkarimovv/normal-lung,normal,external,unknown,Imported from 349.JPG
NORMAL-LUNG_00731,data/lung_images/NORMAL-LUNG_00731_normal_350.jpg,fkarimovv/normal-lung,normal,external,unknown,Imported from 350.JPG
NORMAL-LUNG_00732,data/lung_images/NORMAL-LUNG_00732_normal_351.jpg,fkarimovv/normal-lung,normal,external,unknown,Imported from 351.JPG
NORMAL-LUNG_00733,data/lung_images/NORMAL-LUNG_00733_normal_352.jpg,fkarimovv/normal-lung,normal,external,unknown,Imported from 352.JPG
NORMAL-LUNG_00734,data/lung_images/NORMAL-LUNG_00734_normal_353.jpg,fkarimovv/normal-lung,normal,external,unknown,Imported from 353.JPG
NORMAL-LUNG_00735,data/lung_images/NORMAL-LUNG_00735_normal_354.jpg,fkarimovv/normal-lung,normal,external,unknown,Imported from 354.JPG
NORMAL-LUNG_00736,data/lung_images/NORMAL-LUNG_00736_normal_355.jpg,fkarimovv/normal-lung,normal,external,unknown,Imported from 355.JPG
NORMAL-LUNG_00737,data/lung_images/NORMAL-LUNG_00737_normal_356.jpg,fkarimovv/normal-lung,normal,external,unknown,Imported from 356.JPG
NORMAL-LUNG_00738,data/lung_images/NORMAL-LUNG_00738_normal_357.jpg,fkarimovv/normal-lung,normal,external,unknown,Imported from 357.JPG
NORMAL-LUNG_00739,data/lung_images/NORMAL-LUNG_00739_normal_358.jpg,fkarimovv/normal-lung,normal,external,unknown,Imported from 358.JPG
NORMAL-LUNG_00740,data/lung_images/NORMAL-LUNG_00740_normal_359.jpg,fkarimovv/normal-lung,normal,external,unknown,Imported from 359.JPG
NORMAL-LUNG_00741,data/lung_images/NORMAL-LUNG_00741_normal_360.jpg,fkarimovv/normal-lung,normal,external,unknown,Imported from 360.JPG
NORMAL-LUNG_00742,data/lung_images/NORMAL-LUNG_00742_normal_361.jpg,fkarimovv/normal-lung,normal,external,unknown,Imported from 361.JPG
NORMAL-LUNG_00743,data/lung_images/NORMAL-LUNG_00743_normal_362.jpg,fkarimovv/normal-lung,normal,external,unknown,Imported from 362.JPG
NORMAL-LUNG_00744,data/lung_images/NORMAL-LUNG_00744_normal_363.jpg,fkarimovv/normal-lung,normal,external,unknown,Imported from 363.JPG
NORMAL-LUNG_00745,data/lung_images/NORMAL-LUNG_00745_normal_364.jpg,fkarimovv/normal-lung,normal,external,unknown,Imported from 364.JPG
NORMAL-LUNG_00746,data/lung_images/NORMAL-LUNG_00746_normal_365.jpg,fkarimovv/normal-lung,normal,external,unknown,Imported from 365.JPG
NORMAL-LUNG_00747,data/lung_images/NORMAL-LUNG_00747_normal_366.jpg,fkarimovv/normal-lung,normal,external,unknown,Imported from 366.JPG
NORMAL-LUNG_00748,data/lung_images/NORMAL-LUNG_00748_normal_367.jpg,fkarimovv/normal-lung,normal,external,unknown,Imported from 367.JPG
NORMAL-LUNG_00749,data/lung_images/NORMAL-LUNG_00749_normal_368.jpg,fkarimovv/normal-lung,normal,external,unknown,Imported from 368.JPG
NORMAL-LUNG_00750,data/lung_images/NORMAL-LUNG_00750_normal_369.jpg,fkarimovv/normal-lung,normal,external,unknown,Imported from 369.JPG
NORMAL-LUNG_00751,data/lung_images/NORMAL-LUNG_00751_normal_370.jpg,fkarimovv/normal-lung,normal,external,unknown,Imported from 370.JPG
NORMAL-LUNG_00752,data/lung_images/NORMAL-LUNG_00752_normal_371.jpg,fkarimovv/normal-lung,normal,external,unknown,Imported from 371.JPG
NORMAL-LUNG_00753,data/lung_images/NORMAL-LUNG_00753_normal_372.jpg,fkarimovv/normal-lung,normal,external,unknown,Imported from 372.JPG
NORMAL-LUNG_00754,data/lung_images/NORMAL-LUNG_00754_normal_373.jpg,fkarimovv/normal-lung,normal,external,unknown,Imported from 373.JPG
NORMAL-LUNG_00755,data/lung_images/NORMAL-LUNG_00755_normal_374.jpg,fkarimovv/normal-lung,normal,external,unknown,Imported from 374.JPG
NORMAL-LUNG_00756,data/lung_images/NORMAL-LUNG_00756_normal_375.jpg,fkarimovv/normal-lung,normal,external,unknown,Imported from 375.JPG
NORMAL-LUNG_00757,data/lung_images/NORMAL-LUNG_00757_normal_376.jpg,fkarimovv/normal-lung,normal,external,unknown,Imported from 376.JPG
NORMAL-LUNG_00758,data/lung_images/NORMAL-LUNG_00758_normal_377.jpg,fkarimovv/normal-lung,normal,external,unknown,Imported from 377.JPG
NORMAL-LUNG_00759,data/lung_images/NORMAL-LUNG_00759_normal_378.jpg,fkarimovv/normal-lung,normal,external,unknown,Imported from 378.JPG
NORMAL-LUNG_00760,data/lung_images/NORMAL-LUNG_00760_normal_379.jpg,fkarimovv/normal-lung,normal,external,unknown,Imported from 379.JPG
NORMAL-LUNG_00761,data/lung_images/NORMAL-LUNG_00761_normal_380.jpg,fkarimovv/normal-lung,normal,external,unknown,Imported from 380.JPG
NORMAL-LUNG_00762,data/lung_images/NORMAL-LUNG_00762_normal_381.jpg,fkarimovv/normal-lung,normal,external,unknown,Imported from 381.JPG
NORMAL-LUNG_00763,data/lung_images/NORMAL-LUNG_00763_normal_382.jpg,fkarimovv/normal-lung,normal,external,unknown,Imported from 382.JPG
NORMAL-LUNG_00764,data/lung_images/NORMAL-LUNG_00764_normal_383.jpg,fkarimovv/normal-lung,normal,external,unknown,Imported from 383.JPG
NORMAL-LUNG_00765,data/lung_images/NORMAL-LUNG_00765_normal_384.jpg,fkarimovv/normal-lung,normal,external,unknown,Imported from 384.JPG
NORMAL-LUNG_00766,data/lung_images/NORMAL-LUNG_00766_normal_386.jpg,fkarimovv/normal-lung,normal,external,unknown,Imported from 386.JPG
NORMAL-LUNG_00767,data/lung_images/NORMAL-LUNG_00767_normal_387.jpg,fkarimovv/normal-lung,normal,external,unknown,Imported from 387.JPG
NORMAL-LUNG_00768,data/lung_images/NORMAL-LUNG_00768_normal_388.jpg,fkarimovv/normal-lung,normal,external,unknown,Imported from 388.JPG
NORMAL-LUNG_00769,data/lung_images/NORMAL-LUNG_00769_normal_389.jpg,fkarimovv/normal-lung,normal,external,unknown,Imported from 389.JPG
NORMAL-LUNG_00770,data/lung_images/NORMAL-LUNG_00770_normal_390.jpg,fkarimovv/normal-lung,normal,external,unknown,Imported from 390.JPG
NORMAL-LUNG_00771,data/lung_images/NORMAL-LUNG_00771_normal_391.jpg,fkarimovv/normal-lung,normal,external,unknown,Imported from 391.JPG
NORMAL-LUNG_00772,data/lung_images/NORMAL-LUNG_00772_normal_392.jpg,fkarimovv/normal-lung,normal,external,unknown,Imported from 392.JPG
NORMAL-LUNG_00773,data/lung_images/NORMAL-LUNG_00773_normal_393.jpg,fkarimovv/normal-lung,normal,external,unknown,Imported from 393.JPG
NORMAL-LUNG_00774,data/lung_images/NORMAL-LUNG_00774_normal_394.jpg,fkarimovv/normal-lung,normal,external,unknown,Imported from 394.JPG
NORMAL-LUNG_00775,data/lung_images/NORMAL-LUNG_00775_normal_395.jpg,fkarimovv/normal-lung,normal,external,unknown,Imported from 395.JPG
NORMAL-LUNG_00776,data/lung_images/NORMAL-LUNG_00776_normal_396.jpg,fkarimovv/normal-lung,normal,external,unknown,Imported from 396.JPG
NORMAL-LUNG_00777,data/lung_images/NORMAL-LUNG_00777_normal_397.jpg,fkarimovv/normal-lung,normal,external,unknown,Imported from 397.JPG
NORMAL-LUNG_00778,data/lung_images/NORMAL-LUNG_00778_normal_398.jpg,fkarimovv/normal-lung,normal,external,unknown,Imported from 398.JPG
NORMAL-LUNG_00779,data/lung_images/NORMAL-LUNG_00779_normal_399.jpg,fkarimovv/normal-lung,normal,external,unknown,Imported from 399.JPG
NORMAL-LUNG_00780,data/lung_images/NORMAL-LUNG_00780_normal_400.jpg,fkarimovv/normal-lung,normal,external,unknown,Imported from 400.JPG
NORMAL-LUNG_00781,data/lung_images/NORMAL-LUNG_00781_normal_401.jpg,fkarimovv/normal-lung,normal,external,unknown,Imported from 401.JPG
NORMAL-LUNG_00782,data/lung_images/NORMAL-LUNG_00782_normal_402.jpg,fkarimovv/normal-lung,normal,external,unknown,Imported from 402.JPG
NORMAL-LUNG_00783,data/lung_images/NORMAL-LUNG_00783_normal_403.jpg,fkarimovv/normal-lung,normal,external,unknown,Imported from 403.JPG
NORMAL-LUNG_00784,data/lung_images/NORMAL-LUNG_00784_normal_404.jpg,fkarimovv/normal-lung,normal,external,unknown,Imported from 404.JPG
NORMAL-LUNG_00785,data/lung_images/NORMAL-LUNG_00785_normal_405.jpg,fkarimovv/normal-lung,normal,external,unknown,Imported from 405.JPG
NORMAL-LUNG_00786,data/lung_images/NORMAL-LUNG_00786_normal_406.jpg,fkarimovv/normal-lung,normal,external,unknown,Imported from 406.JPG
NORMAL-LUNG_00787,data/lung_images/NORMAL-LUNG_00787_normal_407.jpg,fkarimovv/normal-lung,normal,external,unknown,Imported from 407.JPG
NORMAL-LUNG_00788,data/lung_images/NORMAL-LUNG_00788_normal_408.jpg,fkarimovv/normal-lung,normal,external,unknown,Imported from 408.JPG
NORMAL-LUNG_00789,data/lung_images/NORMAL-LUNG_00789_normal_409.jpg,fkarimovv/normal-lung,normal,external,unknown,Imported from 409.JPG
NORMAL-LUNG_00790,data/lung_images/NORMAL-LUNG_00790_normal_411.jpg,fkarimovv/normal-lung,normal,external,unknown,Imported from 411.JPG
NORMAL-LUNG_00791,data/lung_images/NORMAL-LUNG_00791_normal_412.jpg,fkarimovv/normal-lung,normal,external,unknown,Imported from 412.JPG
NORMAL-LUNG_00792,data/lung_images/NORMAL-LUNG_00792_normal_413.jpg,fkarimovv/normal-lung,normal,external,unknown,Imported from 413.JPG
NORMAL-LUNG_00793,data/lung_images/NORMAL-LUNG_00793_normal_414.jpg,fkarimovv/normal-lung,normal,external,unknown,Imported from 414.JPG
NORMAL-LUNG_00794,data/lung_images/NORMAL-LUNG_00794_normal_415.jpg,fkarimovv/normal-lung,normal,external,unknown,Imported from 415.JPG
NORMAL-LUNG_00795,data/lung_images/NORMAL-LUNG_00795_normal_416.jpg,fkarimovv/normal-lung,normal,external,unknown,Imported from 416.JPG
NORMAL-LUNG_00796,data/lung_images/NORMAL-LUNG_00796_normal_417.jpg,fkarimovv/normal-lung,normal,external,unknown,Imported from 417.JPG
NORMAL-LUNG_00797,data/lung_images/NORMAL-LUNG_00797_normal_418.jpg,fkarimovv/normal-lung,normal,external,unknown,Imported from 418.JPG
NORMAL-LUNG_00798,data/lung_images/NORMAL-LUNG_00798_normal_419.jpg,fkarimovv/normal-lung,normal,external,unknown,Imported from 419.JPG
NORMAL-LUNG_00799,data/lung_images/NORMAL-LUNG_00799_normal_420.jpg,fkarimovv/normal-lung,normal,external,unknown,Imported from 420.JPG
NORMAL-LUNG_00800,data/lung_images/NORMAL-LUNG_00800_normal_421.jpg,fkarimovv/normal-lung,normal,external,unknown,Imported from 421.JPG
NORMAL-LUNG_00801,data/lung_images/NORMAL-LUNG_00801_normal_422.jpg,fkarimovv/normal-lung,normal,external,unknown,Imported from 422.JPG
NORMAL-LUNG_00802,data/lung_images/NORMAL-LUNG_00802_normal_423.jpg,fkarimovv/normal-lung,normal,external,unknown,Imported from 423.JPG
NORMAL-LUNG_00803,data/lung_images/NORMAL-LUNG_00803_normal_424.jpg,fkarimovv/normal-lung,normal,external,unknown,Imported from 424.JPG
NORMAL-LUNG_00804,data/lung_images/NORMAL-LUNG_00804_normal_426.jpg,fkarimovv/normal-lung,normal,external,unknown,Imported from 426.JPG
NORMAL-LUNG_00805,data/lung_images/NORMAL-LUNG_00805_normal_428.jpg,fkarimovv/normal-lung,normal,external,unknown,Imported from 428.JPG
NORMAL-LUNG_00806,data/lung_images/NORMAL-LUNG_00806_normal_429.jpg,fkarimovv/normal-lung,normal,external,unknown,Imported from 429.JPG
NORMAL-LUNG_00807,data/lung_images/NORMAL-LUNG_00807_normal_430.jpg,fkarimovv/normal-lung,normal,external,unknown,Imported from 430.JPG
NORMAL-LUNG_00808,data/lung_images/NORMAL-LUNG_00808_normal_431.jpg,fkarimovv/normal-lung,normal,external,unknown,Imported from 431.JPG
NORMAL-LUNG_00809,data/lung_images/NORMAL-LUNG_00809_normal_432.jpg,fkarimovv/normal-lung,normal,external,unknown,Imported from 432.JPG
NORMAL-LUNG_00810,data/lung_images/NORMAL-LUNG_00810_normal_433.jpg,fkarimovv/normal-lung,normal,external,unknown,Imported from 433.JPG
NORMAL-LUNG_00811,data/lung_images/NORMAL-LUNG_00811_normal_434.jpg,fkarimovv/normal-lung,normal,external,unknown,Imported from 434.JPG
NORMAL-LUNG_00812,data/lung_images/NORMAL-LUNG_00812_normal_435.jpg,fkarimovv/normal-lung,normal,external,unknown,Imported from 435.JPG
NORMAL-LUNG_00813,data/lung_images/NORMAL-LUNG_00813_normal_436.jpg,fkarimovv/normal-lung,normal,external,unknown,Imported from 436.JPG
NORMAL-LUNG_00814,data/lung_images/NORMAL-LUNG_00814_normal_437.jpg,fkarimovv/normal-lung,normal,external,unknown,Imported from 437.JPG
NORMAL-LUNG_00815,data/lung_images/NORMAL-LUNG_00815_normal_438.jpg,fkarimovv/normal-lung,normal,external,unknown,Imported from 438.JPG
NORMAL-LUNG_00816,data/lung_images/NORMAL-LUNG_00816_normal_439.jpg,fkarimovv/normal-lung,normal,external,unknown,Imported from 439.JPG
NORMAL-LUNG_00817,data/lung_images/NORMAL-LUNG_00817_normal_440.jpg,fkarimovv/normal-lung,normal,external,unknown,Imported from 440.JPG
NORMAL-LUNG_00818,data/lung_images/NORMAL-LUNG_00818_normal_441.jpg,fkarimovv/normal-lung,normal,external,unknown,Imported from 441.JPG
NORMAL-LUNG_00819,data/lung_images/NORMAL-LUNG_00819_normal_442.jpg,fkarimovv/normal-lung,normal,external,unknown,Imported from 442.JPG
NORMAL-LUNG_00820,data/lung_images/NORMAL-LUNG_00820_normal_443.jpg,fkarimovv/normal-lung,normal,external,unknown,Imported from 443.JPG
NORMAL-LUNG_00821,data/lung_images/NORMAL-LUNG_00821_normal_444.jpg,fkarimovv/normal-lung,normal,external,unknown,Imported from 444.JPG
NORMAL-LUNG_00822,data/lung_images/NORMAL-LUNG_00822_normal_446.jpg,fkarimovv/normal-lung,normal,external,unknown,Imported from 446.JPG
NORMAL-LUNG_00823,data/lung_images/NORMAL-LUNG_00823_normal_447.jpg,fkarimovv/normal-lung,normal,external,unknown,Imported from 447.JPG
NORMAL-LUNG_00824,data/lung_images/NORMAL-LUNG_00824_normal_449.jpg,fkarimovv/normal-lung,normal,external,unknown,Imported from 449.JPG
NORMAL-LUNG_00825,data/lung_images/NORMAL-LUNG_00825_normal_450.jpg,fkarimovv/normal-lung,normal,external,unknown,Imported from 450.JPG
NORMAL-LUNG_00826,data/lung_images/NORMAL-LUNG_00826_normal_451.jpg,fkarimovv/normal-lung,normal,external,unknown,Imported from 451.JPG
NORMAL-LUNG_00827,data/lung_images/NORMAL-LUNG_00827_normal_452.jpg,fkarimovv/normal-lung,normal,external,unknown,Imported from 452.JPG
NORMAL-LUNG_00828,data/lung_images/NORMAL-LUNG_00828_normal_453.jpg,fkarimovv/normal-lung,normal,external,unknown,Imported from 453.JPG
NORMAL-LUNG_00829,data/lung_images/NORMAL-LUNG_00829_normal_454.jpg,fkarimovv/normal-lung,normal,external,unknown,Imported from 454.JPG
NORMAL-LUNG_00830,data/lung_images/NORMAL-LUNG_00830_normal_455.jpg,fkarimovv/normal-lung,normal,external,unknown,Imported from 455.JPG
NORMAL-LUNG_00831,data/lung_images/NORMAL-LUNG_00831_normal_456.jpg,fkarimovv/normal-lung,normal,external,unknown,Imported from 456.JPG
NORMAL-LUNG_00832,data/lung_images/NORMAL-LUNG_00832_normal_458.jpg,fkarimovv/normal-lung,normal,external,unknown,Imported from 458.JPG
NORMAL-LUNG_00833,data/lung_images/NORMAL-LUNG_00833_normal_461.jpg,fkarimovv/normal-lung,normal,external,unknown,Imported from 461.JPG
NORMAL-LUNG_00834,data/lung_images/NORMAL-LUNG_00834_normal_462.jpg,fkarimovv/normal-lung,normal,external,unknown,Imported from 462.JPG
NORMAL-LUNG_00835,data/lung_images/NORMAL-LUNG_00835_normal_463.jpg,fkarimovv/normal-lung,normal,external,unknown,Imported from 463.JPG
NORMAL-LUNG_00836,data/lung_images/NORMAL-LUNG_00836_normal_464.jpg,fkarimovv/normal-lung,normal,external,unknown,Imported from 464.JPG
NORMAL-LUNG_00837,data/lung_images/NORMAL-LUNG_00837_normal_465.jpg,fkarimovv/normal-lung,normal,external,unknown,Imported from 465.JPG
NORMAL-LUNG_00838,data/lung_images/NORMAL-LUNG_00838_normal_466.jpg,fkarimovv/normal-lung,normal,external,unknown,Imported from 466.JPG
NORMAL-LUNG_00839,data/lung_images/NORMAL-LUNG_00839_normal_467.jpg,fkarimovv/normal-lung,normal,external,unknown,Imported from 467.JPG
NORMAL-LUNG_00840,data/lung_images/NORMAL-LUNG_00840_normal_468.jpg,fkarimovv/normal-lung,normal,external,unknown,Imported from 468.JPG
NORMAL-LUNG_00841,data/lung_images/NORMAL-LUNG_00841_normal_469.jpg,fkarimovv/normal-lung,normal,external,unknown,Imported from 469.JPG
NORMAL-LUNG_00842,data/lung_images/NORMAL-LUNG_00842_normal_470.jpg,fkarimovv/normal-lung,normal,external,unknown,Imported from 470.JPG
NORMAL-LUNG_00843,data/lung_images/NORMAL-LUNG_00843_normal_471.jpg,fkarimovv/normal-lung,normal,external,unknown,Imported from 471.JPG
NORMAL-LUNG_00844,data/lung_images/NORMAL-LUNG_00844_normal_473.jpg,fkarimovv/normal-lung,normal,external,unknown,Imported from 473.JPG
NORMAL-LUNG_00845,data/lung_images/NORMAL-LUNG_00845_normal_474.jpg,fkarimovv/normal-lung,normal,external,unknown,Imported from 474.JPG
NORMAL-LUNG_00846,data/lung_images/NORMAL-LUNG_00846_normal_475.jpg,fkarimovv/normal-lung,normal,external,unknown,Imported from 475.JPG
NORMAL-LUNG_00847,data/lung_images/NORMAL-LUNG_00847_normal_476.jpg,fkarimovv/normal-lung,normal,external,unknown,Imported from 476.JPG
NORMAL-LUNG_00848,data/lung_images/NORMAL-LUNG_00848_normal_477.jpg,fkarimovv/normal-lung,normal,external,unknown,Imported from 477.JPG
NORMAL-LUNG_00849,data/lung_images/NORMAL-LUNG_00849_normal_478.jpg,fkarimovv/normal-lung,normal,external,unknown,Imported from 478.JPG
NORMAL-LUNG_00850,data/lung_images/NORMAL-LUNG_00850_normal_479.jpg,fkarimovv/normal-lung,normal,external,unknown,Imported from 479.JPG
NORMAL-LUNG_00851,data/lung_images/NORMAL-LUNG_00851_normal_480.jpg,fkarimovv/normal-lung,normal,external,unknown,Imported from 480.JPG
NORMAL-LUNG_00852,data/lung_images/NORMAL-LUNG_00852_normal_481.jpg,fkarimovv/normal-lung,normal,external,unknown,Imported from 481.JPG
NORMAL-LUNG_00853,data/lung_images/NORMAL-LUNG_00853_normal_483.jpg,fkarimovv/normal-lung,normal,external,unknown,Imported from 483.JPG
NORMAL-LUNG_00854,data/lung_images/NORMAL-LUNG_00854_normal_484.jpg,fkarimovv/normal-lung,normal,external,unknown,Imported from 484.JPG
NORMAL-LUNG_00855,data/lung_images/NORMAL-LUNG_00855_normal_485.jpg,fkarimovv/normal-lung,normal,external,unknown,Imported from 485.JPG
NORMAL-LUNG_00856,data/lung_images/NORMAL-LUNG_00856_normal_486.jpg,fkarimovv/normal-lung,normal,external,unknown,Imported from 486.JPG
NORMAL-LUNG_00857,data/lung_images/NORMAL-LUNG_00857_normal_487.jpg,fkarimovv/normal-lung,normal,external,unknown,Imported from 487.JPG
NORMAL-LUNG_00858,data/lung_images/NORMAL-LUNG_00858_normal_488.jpg,fkarimovv/normal-lung,normal,external,unknown,Imported from 488.JPG
NORMAL-LUNG_00859,data/lung_images/NORMAL-LUNG_00859_normal_490.jpg,fkarimovv/normal-lung,normal,external,unknown,Imported from 490.JPG
NORMAL-LUNG_00860,data/lung_images/NORMAL-LUNG_00860_normal_491.jpg,fkarimovv/normal-lung,normal,external,unknown,Imported from 491.JPG
NORMAL-LUNG_00861,data/lung_images/NORMAL-LUNG_00861_normal_492.jpg,fkarimovv/normal-lung,normal,external,unknown,Imported from 492.JPG
NORMAL-LUNG_00862,data/lung_images/NORMAL-LUNG_00862_normal_493.jpg,fkarimovv/normal-lung,normal,external,unknown,Imported from 493.JPG
NORMAL-LUNG_00863,data/lung_images/NORMAL-LUNG_00863_normal_494.jpg,fkarimovv/normal-lung,normal,external,unknown,Imported from 494.JPG
NORMAL-LUNG_00864,data/lung_images/NORMAL-LUNG_00864_normal_495.jpg,fkarimovv/normal-lung,normal,external,unknown,Imported from 495.JPG
NORMAL-LUNG_00865,data/lung_images/NORMAL-LUNG_00865_normal_497.jpg,fkarimovv/normal-lung,normal,external,unknown,Imported from 497.JPG
NORMAL-LUNG_00866,data/lung_images/NORMAL-LUNG_00866_normal_498.jpg,fkarimovv/normal-lung,normal,external,unknown,Imported from 498.JPG
NORMAL-LUNG_00867,data/lung_images/NORMAL-LUNG_00867_normal_499.jpg,fkarimovv/normal-lung,normal,external,unknown,Imported from 499.JPG
NORMAL-LUNG_00868,data/lung_images/NORMAL-LUNG_00868_normal_500.jpg,fkarimovv/normal-lung,normal,external,unknown,Imported from 500.JPG
NORMAL-LUNG_00869,data/lung_images/NORMAL-LUNG_00869_normal_501.jpg,fkarimovv/normal-lung,normal,external,unknown,Imported from 501.JPG
NORMAL-LUNG_00870,data/lung_images/NORMAL-LUNG_00870_normal_502.jpg,fkarimovv/normal-lung,normal,external,unknown,Imported from 502.JPG
NORMAL-LUNG_00871,data/lung_images/NORMAL-LUNG_00871_normal_503.jpg,fkarimovv/normal-lung,normal,external,unknown,Imported from 503.JPG
NORMAL-LUNG_00872,data/lung_images/NORMAL-LUNG_00872_normal_504.jpg,fkarimovv/normal-lung,normal,external,unknown,Imported from 504.JPG
NORMAL-LUNG_00873,data/lung_images/NORMAL-LUNG_00873_normal_505.jpg,fkarimovv/normal-lung,normal,external,unknown,Imported from 505.JPG
NORMAL-LUNG_00874,data/lung_images/NORMAL-LUNG_00874_normal_506.jpg,fkarimovv/normal-lung,normal,external,unknown,Imported from 506.JPG
NORMAL-LUNG_00875,data/lung_images/NORMAL-LUNG_00875_normal_507.jpg,fkarimovv/normal-lung,normal,external,unknown,Imported from 507.JPG
NORMAL-LUNG_00876,data/lung_images/NORMAL-LUNG_00876_normal_508.jpg,fkarimovv/normal-lung,normal,external,unknown,Imported from 508.JPG
NORMAL-LUNG_00877,data/lung_images/NORMAL-LUNG_00877_normal_509.jpg,fkarimovv/normal-lung,normal,external,unknown,Imported from 509.JPG
NORMAL-LUNG_00878,data/lung_images/NORMAL-LUNG_00878_normal_510.jpg,fkarimovv/normal-lung,normal,external,unknown,Imported from 510.JPG
NORMAL-LUNG_00879,data/lung_images/NORMAL-LUNG_00879_normal_511.jpg,fkarimovv/normal-lung,normal,external,unknown,Imported from 511.JPG
NORMAL-LUNG_00880,data/lung_images/NORMAL-LUNG_00880_normal_512.jpg,fkarimovv/normal-lung,normal,external,unknown,Imported from 512.JPG
NORMAL-LUNG_00881,data/lung_images/NORMAL-LUNG_00881_normal_513.jpg,fkarimovv/normal-lung,normal,external,unknown,Imported from 513.JPG
NORMAL-LUNG_00882,data/lung_images/NORMAL-LUNG_00882_normal_514.jpg,fkarimovv/normal-lung,normal,external,unknown,Imported from 514.JPG
NORMAL-LUNG_00883,data/lung_images/NORMAL-LUNG_00883_normal_515.jpg,fkarimovv/normal-lung,normal,external,unknown,Imported from 515.JPG
NORMAL-LUNG_00884,data/lung_images/NORMAL-LUNG_00884_normal_516.jpg,fkarimovv/normal-lung,normal,external,unknown,Imported from 516.JPG
NORMAL-LUNG_00885,data/lung_images/NORMAL-LUNG_00885_normal_517.jpg,fkarimovv/normal-lung,normal,external,unknown,Imported from 517.JPG
NORMAL-LUNG_00886,data/lung_images/NORMAL-LUNG_00886_normal_518.jpg,fkarimovv/normal-lung,normal,external,unknown,Imported from 518.JPG
NORMAL-LUNG_00887,data/lung_images/NORMAL-LUNG_00887_normal_519.jpg,fkarimovv/normal-lung,normal,external,unknown,Imported from 519.JPG
NORMAL-LUNG_00888,data/lung_images/NORMAL-LUNG_00888_normal_520.jpg,fkarimovv/normal-lung,normal,external,unknown,Imported from 520.JPG
NORMAL-LUNG_00889,data/lung_images/NORMAL-LUNG_00889_normal_521.jpg,fkarimovv/normal-lung,normal,external,unknown,Imported from 521.JPG
NORMAL-LUNG_00890,data/lung_images/NORMAL-LUNG_00890_normal_522.jpg,fkarimovv/normal-lung,normal,external,unknown,Imported from 522.JPG
NORMAL-LUNG_00891,data/lung_images/NORMAL-LUNG_00891_normal_523.jpg,fkarimovv/normal-lung,normal,external,unknown,Imported from 523.JPG
NORMAL-LUNG_00892,data/lung_images/NORMAL-LUNG_00892_normal_524.jpg,fkarimovv/normal-lung,normal,external,unknown,Imported from 524.JPG
NORMAL-LUNG_00893,data/lung_images/NORMAL-LUNG_00893_normal_525.jpg,fkarimovv/normal-lung,normal,external,unknown,Imported from 525.JPG
NORMAL-LUNG_00894,data/lung_images/NORMAL-LUNG_00894_normal_526.jpg,fkarimovv/normal-lung,normal,external,unknown,Imported from 526.JPG
NORMAL-LUNG_00895,data/lung_images/NORMAL-LUNG_00895_normal_527.jpg,fkarimovv/normal-lung,normal,external,unknown,Imported from 527.JPG
NORMAL-LUNG_00896,data/lung_images/NORMAL-LUNG_00896_normal_528.jpg,fkarimovv/normal-lung,normal,external,unknown,Imported from 528.JPG
NORMAL-LUNG_00897,data/lung_images/NORMAL-LUNG_00897_normal_529.jpg,fkarimovv/normal-lung,normal,external,unknown,Imported from 529.JPG
NORMAL-LUNG_00898,data/lung_images/NORMAL-LUNG_00898_normal_531.jpg,fkarimovv/normal-lung,normal,external,unknown,Imported from 531.JPG
NORMAL-LUNG_00899,data/lung_images/NORMAL-LUNG_00899_normal_532.jpg,fkarimovv/normal-lung,normal,external,unknown,Imported from 532.JPG
NORMAL-LUNG_00900,data/lung_images/NORMAL-LUNG_00900_normal_533.jpg,fkarimovv/normal-lung,normal,external,unknown,Imported from 533.JPG
NORMAL-LUNG_00901,data/lung_images/NORMAL-LUNG_00901_normal_535.jpg,fkarimovv/normal-lung,normal,external,unknown,Imported from 535.JPG
NORMAL-LUNG_00902,data/lung_images/NORMAL-LUNG_00902_normal_536.jpg,fkarimovv/normal-lung,normal,external,unknown,Imported from 536.JPG
NORMAL-LUNG_00903,data/lung_images/NORMAL-LUNG_00903_normal_538.jpg,fkarimovv/normal-lung,normal,external,unknown,Imported from 538.JPG
NORMAL-LUNG_00904,data/lung_images/NORMAL-LUNG_00904_normal_540.jpg,fkarimovv/normal-lung,normal,external,unknown,Imported from 540.JPG
NORMAL-LUNG_00905,data/lung_images/NORMAL-LUNG_00905_normal_541.jpg,fkarimovv/normal-lung,normal,external,unknown,Imported from 541.JPG
NORMAL-LUNG_00906,data/lung_images/NORMAL-LUNG_00906_normal_543.jpg,fkarimovv/normal-lung,normal,external,unknown,Imported from 543.JPG
NORMAL-LUNG_00907,data/lung_images/NORMAL-LUNG_00907_normal_544.jpg,fkarimovv/normal-lung,normal,external,unknown,Imported from 544.JPG
NORMAL-LUNG_00908,data/lung_images/NORMAL-LUNG_00908_normal_545.jpg,fkarimovv/normal-lung,normal,external,unknown,Imported from 545.JPG
NORMAL-LUNG_00909,data/lung_images/NORMAL-LUNG_00909_normal_546.jpg,fkarimovv/normal-lung,normal,external,unknown,Imported from 546.JPG
NORMAL-LUNG_00910,data/lung_images/NORMAL-LUNG_00910_normal_547.jpg,fkarimovv/normal-lung,normal,external,unknown,Imported from 547.JPG
NORMAL-LUNG_00911,data/lung_images/NORMAL-LUNG_00911_normal_548.jpg,fkarimovv/normal-lung,normal,external,unknown,Imported from 548.JPG
NORMAL-LUNG_00912,data/lung_images/NORMAL-LUNG_00912_normal_549.jpg,fkarimovv/normal-lung,normal,external,unknown,Imported from 549.JPG
NORMAL-LUNG_00913,data/lung_images/NORMAL-LUNG_00913_normal_550.jpg,fkarimovv/normal-lung,normal,external,unknown,Imported from 550.JPG
NORMAL-LUNG_00914,data/lung_images/NORMAL-LUNG_00914_normal_551.jpg,fkarimovv/normal-lung,normal,external,unknown,Imported from 551.JPG
NORMAL-LUNG_00915,data/lung_images/NORMAL-LUNG_00915_normal_552.jpg,fkarimovv/normal-lung,normal,external,unknown,Imported from 552.JPG
NORMAL-LUNG_00916,data/lung_images/NORMAL-LUNG_00916_normal_553.jpg,fkarimovv/normal-lung,normal,external,unknown,Imported from 553.JPG
NORMAL-LUNG_00917,data/lung_images/NORMAL-LUNG_00917_normal_554.jpg,fkarimovv/normal-lung,normal,external,unknown,Imported from 554.JPG
NORMAL-LUNG_00918,data/lung_images/NORMAL-LUNG_00918_normal_555.jpg,fkarimovv/normal-lung,normal,external,unknown,Imported from 555.JPG
NORMAL-LUNG_00919,data/lung_images/NORMAL-LUNG_00919_normal_556.jpg,fkarimovv/normal-lung,normal,external,unknown,Imported from 556.JPG
NORMAL-LUNG_00920,data/lung_images/NORMAL-LUNG_00920_normal_557.jpg,fkarimovv/normal-lung,normal,external,unknown,Imported from 557.JPG
NORMAL-LUNG_00921,data/lung_images/NORMAL-LUNG_00921_normal_558.jpg,fkarimovv/normal-lung,normal,external,unknown,Imported from 558.JPG
NORMAL-LUNG_00922,data/lung_images/NORMAL-LUNG_00922_normal_559.jpg,fkarimovv/normal-lung,normal,external,unknown,Imported from 559.JPG
NORMAL-LUNG_00923,data/lung_images/NORMAL-LUNG_00923_normal_560.jpg,fkarimovv/normal-lung,normal,external,unknown,Imported from 560.JPG
NORMAL-LUNG_00924,data/lung_images/NORMAL-LUNG_00924_normal_561.jpg,fkarimovv/normal-lung,normal,external,unknown,Imported from 561.JPG
NORMAL-LUNG_00925,data/lung_images/NORMAL-LUNG_00925_normal_562.jpg,fkarimovv/normal-lung,normal,external,unknown,Imported from 562.JPG
NORMAL-LUNG_00926,data/lung_images/NORMAL-LUNG_00926_normal_564.jpg,fkarimovv/normal-lung,normal,external,unknown,Imported from 564.JPG
NORMAL-LUNG_00927,data/lung_images/NORMAL-LUNG_00927_normal_565.jpg,fkarimovv/normal-lung,normal,external,unknown,Imported from 565.JPG
NORMAL-LUNG_00928,data/lung_images/NORMAL-LUNG_00928_normal_567.jpg,fkarimovv/normal-lung,normal,external,unknown,Imported from 567.JPG
NORMAL-LUNG_00929,data/lung_images/NORMAL-LUNG_00929_normal_568.jpg,fkarimovv/normal-lung,normal,external,unknown,Imported from 568.JPG
NORMAL-LUNG_00930,data/lung_images/NORMAL-LUNG_00930_normal_569.jpg,fkarimovv/normal-lung,normal,external,unknown,Imported from 569.JPG
NORMAL-LUNG_00931,data/lung_images/NORMAL-LUNG_00931_normal_570.jpg,fkarimovv/normal-lung,normal,external,unknown,Imported from 570.JPG
NORMAL-LUNG_00932,data/lung_images/NORMAL-LUNG_00932_normal_571.jpg,fkarimovv/normal-lung,normal,external,unknown,Imported from 571.JPG
