1
2
3
4
5
6
7
8
9
10
11
12
13
14
15
17
18
20
22
23
27
28
29
30
31
32
33
34
35
39
40
41
42
43
44
45
46
48
49
51
52
53
54
55
56
57
58
59
61
62
63
64
66
67
68
69
70
71
72
74
75
76
77
78
79
80
82
85
86
87
88
89
90
91
93
94
95
96
97
98
100
101
102
103
104
105
106
107
108
109
112
113
115
117
118
119
120
121
122
123
126
127
128
129
130
133
134
135
137
138
139
140
141
142
144
145
146
148
149
150
151
152
153
154
155
156
158
160
161
162
163
165
166
167
169
170
171
172
174
175
176
177
178
180
181
182
186
188
189
190
191
193
195
196
197
198
199
200
201
202
204
205
206
208
211
213
214
216
217
220
221
222
223
226
229
230
232
233
234
235
237
238
239
240
244
247
248
254
255
256
257
258
259
260
261
263
264
265
266
267
268
269
271
272
273
274
275
276
277
278
279
282
283
289
290
291
296
298
299
300
301
302
309
310
313
314
315
316
317
319
321
323
324
328
329
331
332
334
335
336
337
338
339
340
341
342
343
345
346
348
349
350
351
352
353
354
355
356
359
360
364
365
367
368
369
370
372
374
375
376
377
378
379
380
382
383
384
386
387
388
390
391
392
394
396
397
398
399
401
402
403
405
406
409
410
411
412
413
414
415
416
417
419
420
424
425
426
427
428
431
432
433
434
436
437
440
441
442
443
445
446
447
448
449
450
451
452
453
454
455
457
458
461
463
465
467
468
469
471
472
474
475
477
478
479
481
482
483
484
485
486
488
489
490
492
494
495
496
497
498
499
500
501
502
503
504
505
507
508
510
512
514
515
516
517
518
519
520
521
522
524
525
526
527
529
530
532
533
534
536
537
538
540
543
544
545
546
547
548
549
552
553
554
555
556
559
560
561
562
563
564
565
567
568
569
572
574
575
576
577
578
579
581
582
585
587
588
590
591
592
593
594
595
596
597
598
599
601
602
604
605
606
607
608
609
610
612
613
614
615
616
618
621
623
624
625
627
628
629
630
631
632
633
634
635
636
637
638
639
640
641
642
643
645
646
647
649
650
651
653
654
655
656
657
659
660
664
665
667
669
670
671
672
674
675
676
677
678
679
680
681
682
683
684
685
687
688
689
691
692
693
695
696
697
698
699
700
701
702
703
705
706
707
708
710
711
712
713
714
715
716
717
718
719
721
722
723
724
725
727
729
730
731
732
735
737
738
740
741
742
743
744
745
746
747
748
749
750
752
754
756
759
760
762
763
764
765
766
767
769
770
771
772
773
774
775
776
777
778
779
781
782
787
788
790
791
792
794
795
796
797
798
799
800
801
803
804
806
808
809
811
813
814
815
816
817
818
819
821
822
823
825
826
827
828
829
830
832
833
834
836
837
838
839
840
841
842
843
844
845
846
847
848
849
852
854
856
857
858
859
860
861
862
863
864
865
866
867
868
869
870
871
872
873
875
876
878
879
880
881
883
884
885
887
889
890
891
892
893
894
895
897
899
900
901
903
906
907
908
910
911
912
913
914
916
917
918
923
925
926
927
929
930
931
932
933
934
935
936
937
939
940
942
943
944
945
947
948
949
950
951
952
953
954
955
956
957
958
959
960
961
965
966
969
970
971
972
973
974
976
977
979
980
981
982
983
984
985
986
987
988
990
991
992
993
994
995
996
998
1000
1004
1008
1009
1010
1011
1012
1013
1014
1016
1018
1019
1020
1021
1022
1023
1024
1025
1026
1027
1028
1029
1030
1031
1032
1033
1034
1035
1036
1037
1039
1041
1042
1044
1045
1046
1047
1048
1049
1050
1053
1056
1057
1058
1060
1061
1062
1063
1064
1065
1066
1067
1068
1069
1070
1071
1072
1073
1074
1075
1077
1078
1081
1082
1084
1085
1086
1088
1089
1091
1092
1093
1094
1095
1096
1097
1098
1099
1100
1101
1104
1105
1106
1107
1108
1109
1110
1111
1112
1113
1115
1116
1117
1118
1119
1120
1125
1127
1128
1132
1133
1134
1135
1136
1138
1142
1143
1148
1149
1150
1151
1152
1153
1154
1155
1156
1157
1160
1161
1162
1163
1164
1165
1166
1167
1168
1169
1170
1171
1172
1173
1175
1177
1178
1179
1180
1187
1188
1189
1190
1191
1192
1193
1194
1195
1196
1197
1199
1202
1203
1204
1205
1206
1207
1210
1211
1212
1213
1214
1215
1217
1218
1220
1221
1222
1225
1226
1227
1228
1229
1230
1231
1233
1234
1235
1236
1237
1238
1239
1240
1241
1242
1245
1246
1247
1248
1249
1251
1253
1256
1258
1259
1260
1261
1263
1266
1267
1268
1270
1271
1272
1273
1275
1276
1278
1279
1280
1281
1282
1283
1287
1288
1289
1290
1291
1292
1293
1296
1297
1298
1299
1300
1303
1306
1307
1308
1309
1310
1311
1313
1314
1316
1317
1318
1319
1320
1321
1323
1326
1327
1328
1329
1330
1331
1332
1333
1334
1335
1336
1338
1340
1341
1342
1343
1344
1345
1346
1348
1349
1350
1353
1355
1356
1358
1361
1362
1364
1365
1366
1367
1369
1370
1372
1373
1374
1375
1376
1377
1378
1379
1381
1382
1383
1384
1385
1386
1387
1390
1391
1392
1393
1394
1397
1398
1399
1400
1401
1403
1404
1408
1409
1410
1411
1412
1413
1414
1417
1418
1419
1420
1421
1422
1423
1425
1429
1430
1431
1433
1434
1436
1438
1439
1440
1441
1442
1443
1444
1445
1446
1447
1448
1449
1450
1451
1452
1453
1454
1455
1456
1458
1459
1460
1461
1462
1465
1466
1467
1468
1470
1471
1473
1474
1475
1477
1478
1479
1482
1483
1484
1485
1487
1488
1489
1490
1493
1494
1495
1497
1503
1504
1506
1508
1509
1510
1511
1512
1513
1514
1516
1517
1518
1519
1521
1522
1523
1524
1525
1527
1528
1529
1530
1531
1532
1533
1534
1535
1536
1537
1538
1539
1540
1541
1542
1543
1546
1547
1549
1550
1551
1553
1554
1555
1556
1557
1558
1560
1562
1564
1565
1567
1568
1569
1570
1571
1572
1573
1574
1575
1576
1577
1578
1579
1582
1583
1584
1585
1586
1587
1588
1589
1590
1591
1592
1595
1596
1597
1598
1599
1600
1601
1603
1606
1607
1608
1610
1611
1612
1613
1615
1616
1617
1619
1620
1621
1623
1624
1628
1629
1630
1631
1632
1633
1634
1635
1636
1637
1638
1641
1643
1645
1647
1648
1649
1650
1651
1652
1653
1654
1658
1659
1660
1661
1662
1663
1665
1667
1671
1672
1673
1674
1679
1680
1681
1682
1683
1684
1685
1686
1687
1688
1689
1692
1693
1694
1697
1699
1700
1702
1703
1704
1705
1706
1708
1709
1710
1711
1712
1713
1714
1715
1716
1719
1721
1725
1727
1728
1729
1731
1733
1736
1737
1738
1739
1740
1741
1742
1743
1744
1746
1747
1748
1749
1750
1751
1752
1754
1756
1757
1759
1761
1764
1765
1766
1767
1769
1770
1771
1772
1773
1774
1775
1777
1778
1779
1781
1782
1783
1785
1786
1787
1789
1790
1792
1794
1795
1796
1797
1798
1799
1800
1801
1802
1803
1809
1810
1811
1812
1813
1814
1815
1816
1817
1820
1821
1823
1824
1825
1826
1827
1828
1829
1830
1831
1833
1836
1838
1841
1842
1843
1844
1845
1846
1847
1849
1851
1852
1853
1854
1855
1860
1861
1863
1865
1867
1868
1870
1871
1872
1874
1875
1876
1877
1879
1880
1881
1883
1884
1886
1887
1889
1890
1891
1892
1893
1894
1895
1896
1897
1899
1900
1901
1902
1904
1905
1907
1908
1909
1912
1913
1914
1916
1917
1920
1921
1922
1923
1926
1928
1929
1930
1932
1933
1934
1937
1938
1939
1940
1942
1943
1944
1946
1947
1948
1949
1951
1952
1954
1955
1956
1957
1958
1959
1960
1962
1963
1964
1966
1967
1968
1969
1970
1971
1972
1976
1977
1978
1979
1980
1982
1983
1984
1986
1987
1988
1990
1993
1994
1996
1997
1998
1999
2000
2001
2002
2003
2004
2006
2007
2008
2010
2011
2012
2014
2015
2016
2017
2018
2020
2022
2023
2024
2025
2027
2028
2029
2030
2031
2032
2033
2035
2037
2039
2042
2043
2044
2046
2048
2050
2052
2054
2055
2056
2058
2059
2060
2063
2064
2065
2066
2067
2068
2070
2071
2072
2073
2074
2075
2076
2077
2078
2079
2080
2082
2084
2087
2088
2089
2090
2092
2093
2094
2095
2097
2098
2099
2100
2101
2102
2103
2104
2106
2107
2108
2109
2110
2111
2114
2115
2116
2117
2119
2121
2122
2124
2125
2126
2129
2130
2131
2132
2134
2135
2137
2138
2139
2142
2143
2144
2145
2147
2148
2149
2150
2151
2152
2153
2155
2157
2158
2160
2161
2162
2163
2164
2165
2166
2168
2169
2170
2171
2172
2173
2174
2175
2176
2177
2178
2180
2181
2182
2184
2186
2187
2188
2189
2190
2191
2193
2194
2195
2196
2197
2198
2199
2200
2201
2202
2204
2205
2208
2209
2210
2212
2213
2214
2215
2217
2218
2219
2220
2221
2222
2223
2224
2225
2226
2228
2229
2230
2231
2232
2234
2235
2238
2239
2240
2241
2242
2243
2244
2245
2247
2249
2250
2251
2252
2253
2254
2255
2256
2257
2258
2261
2262
2263
2267
2268
2269
2270
2271
2272
2273
2275
2276
2277
2279
2280
2281
2283
2284
2285
2288
2289
2290
2291
2292
2293
2294
2295
2296
2298
2300
2302
2303
2305
2306
2307
2308
2310
2312
2313
2316
2317
2318
2319
2321
2322
2324
2326
2327
2329
2330
2332
2333
2334
2335
2336
2337
2338
2339
2340
2342
2344
2345
2346
2347
2348
2349
2350
2351
2352
2353
2354
2355
2356
2357
2358
2359
2360
2361
2362
2364
2365
2367
2368
2369
2370
2372
2373
2374
2376
2378
2380
2382
2383
2385
2386
2387
2388
2390
2391
2392
2393
2394
2395
2396
2397
2398
2399
2400
2401
2402
2403
2404
2405
2406
2407
2409
2411
2412
2415
2418
2419
2420
2421
2422
2423
2424
2425
2426
2427
2429
2430
2432
2435
2436
2439
2440
2441
2443
2444
2445
2449
2451
2452
2454
2455
2457
2461
2462
2463
2464
2465
2467
2471
2472
2473
2474
2475
2476
2479
2480
2481
2484
2486
2487
2488
2489
2490
2491
2492
2493
2494
2495
2496
2499
2500
2501
2502
2503
2505
2506
2507
2508
2511
2512
2513
2515
2516
2517
2519
2521
2522
2523
2524
2525
2526
2527
2529
2530
2531
2535
2536
2537
2538
2539
2540
2541
2543
2544
2545
2546
2547
2548
2549
2550
2551
2552
2553
2554
2556
2557
2558
2559
2560
2561
2562
2564
2565
2567
2569
2572
2573
2574
2575
2576
2577
2578
2580
2581
2582
2584
2585
2586
2587
2588
2594
2595
2596
2597
2598
2599
2600
2602
2603
2604
2605
2606
2607
2608
2610
2611
2613
2614
2615
2618
2619
2620
2624
2626
2627
2628
2631
2635
2637
2639
2640
2641
2642
2643
2644
2645
2647
2649
2650
2652
2653
2654
2656
2657
2659
2660
2661
2662
2663
2664
2665
2666
2667
2668
2670
2671
2672
2673
2675
2677
2680
2682
2683
2684
2685
2686
2687
2688
2690
2691
2692
2694
2695
2696
2697
2699
2700
2701
2702
2703
2704
2706
2707
2708
2710
2713
2714
2715
2716
2719
2721
2722
2723
2725
2726
2727
2730
2731
2732
2734
2738
2739
2740
2743
2744
2745
2746
2747
2748
2749
2750
2751
2752
2753
2754
2755
2757
2758
2759
2761
2762
2764
2765
2766
2768
2772
2773
2775
2776
2777
2779
2780
2781
2782
2783
2785
2786
2787
2788
2790
2792
2794
2795
2796
2797
2798
2800
2801
2802
2804
2805
2806
2807
2808
2809
2810
2811
2812
2813
2814
2815
2816
2817
2818
2819
2820
2822
2824
2827
2828
2833
2834
2836
2837
2838
2839
2840
2841
2842
2843
2844
2846
2850
2851
2852
2853
2857
2858
2861
2862
2864
2865
2866
2868
2869
2870
2873
2875
2877
2879
2880
2881
2884
2888
2889
2890
2893
2894
2898
2899
2900
2901
2903
2904
2905
2906
2907
2908
2909
2910
2911
2912
2913
2915
2916
2917
2919
2920
2921
2922
2923
2924
2925
2926
2927
2928
2931
2933
2936
2937
2938
2939
2940
2943
2944
2945
2946
2947
2948
2949
2950
2951
2952
2953
2955
2956
2957
2961
2962
2963
2964
2966
2967
2969
2970
2971
2972
2973
2974
2975
2976
2978
2979
2980
2981
2982
2983
2984
2985
2986
2987
2988
2989
2990
2991
2992
2993
2994
2999
3001
3002
3004
3005
3006
3007
3008
3010
3011
3012
3014
3016
3017
3019
3020
3021
3022
3023
3025
3027
3028
3029
3030
3031
3033
3034
3035
3038
3039
3043
3044
3046
3047
3048
3049
3050
3051
3052
3054
3055
3056
3057
3059
3061
3062
3063
3064
3065
3066
3067
3068
3069
3071
3072
3075
3076
3078
3079
3080
3081
3082
3083
3084
3085
3086
3087
3088
3089
3091
3093
3094
3095
3096
3097
3098
3099
3100
3104
3107
3108
3109
3110
3111
3112
3113
3116
3117
3118
3119
3120
3121
3123
3124
3125
3127
3128
3129
3130
3131
3133
3134
3135
3137
3138
3139
3141
3143
3144
3147
3148
3149
3150
3151
3154
3156
3157
3158
3160
3162
3163
3164
3165
3166
3167
3168
3169
3172
3173
3174
3175
3178
3179
3180
3181
3182
3184
3185
3186
3187
3192
3194
3195
3196
3197
3198
3199
3200
3201
3202
3203
3204
3206
3207
3210
3211
3213
3214
3215
3217
3218
3219
3220
3221
3223
3224
3225
3228
3229
3230
3231
3232
3233
3234
3235
3236
3237
3238
3239
3240
3241
3243
3244
3247
3248
3249
3250
3251
3252
3253
3255
3256
3257
3258
3259
3260
3261
3262
3263
3264
3265
3266
3267
3268
3269
3270
3272
3273
3275
3276
3277
3279
3280
3282
3283
3286
3288
3292
3293
3294
3295
3296
3298
3299
3300
3301
3302
3303
3304
3305
3306
3307
3309
3310
3311
3312
3313
3316
3317
3318
3319
3320
3321
3323
3324
3325
3326
3327
3329
3330
3331
3332
3333
3334
3335
3336
3337
3338
3340
3341
3343
3345
3346
3347
3348
3349
3351
3353
3356
3357
3358
3362
3363
3365
3366
3367
3369
3370
3371
3372
3373
3374
3375
3376
3377
3379
3380
3381
3383
3384
3385
3386
3387
3388
3389
3390
3391
3394
3395
3398
3399
3400
3401
3402
3403
3405
3406
3407
3408
3409
3411
3412
3413
3414
3415
3416
3417
3420
3422
3423
3424
3425
3426
3427
3428
3430
3431
3432
3434
3435
3436
3437
3439
3441
3442
3444
3446
3447
3448
3449
3450
3451
3452
3453
3454
3455
3456
3457
3458
3461
3463
3464
3465
3467
3469
3470
3471
3473
3474
3475
3476
3477
3479
3480
3481
3482
3483
3485
3487
3488
3490
3491
3492
3493
3494
3496
3497
3498
3499
3500
3502
3505
3506
3507
3510
3514
3515
3516
3518
3519
3520
3521
3522
3523
3524
3526
3527
3528
3529
3531
3532
3533
3534
3535
3536
3539
3540
3542
3544
3545
3547
3549
3550
3551
3552
3553
3554
3555
3556
3557
3558
3559
3561
3562
3564
3566
3568
3569
3570
3571
3572
3574
3575
3577
3578
3579
3580
3581
3583
3584
3585
3586
3587
3588
3589
3590
3591
3592
3593
3595
3598
3600
3602
3603
3604
3606
3607
3608
3610
3611
3613
3614
3615
3616
3617
3618
3620
3621
3622
3623
3625
3626
3627
3628
3632
3634
3637
3638
3639
3640
3641
3643
3646
3647
3648
3649
3652
3653
3654
3655
3656
3657
3658
3662
3663
3665
3666
3667
3669
3670
3671
3672
3673
3674
3675
3676
3678
3679
3680
3682
3683
3684
3685
3689
3692
3695
3696
3697
3698
3701
3702
3703
3704
3705
3707
3708
3709
3710
3712
3713
3714
3715
3716
3718
3720
3721
3722
3723
3724
3726
3727
3728
3729
3732
3733
3734
3735
3736
3738
3739
3741
3742
3743
3744
3745
3746
3748
3749
3750
3751
3753
3757
3759
3760
3761
3763
3765
3766
3768
3770
3771
3773
3774
3775
3777
3778
3779
3780
3781
3782
3783
3784
3785
3786
3787
3789
3790
3792
3793
3794
3795
3797
3798
3799
3800
3801
3804
3806
3807
3808
3809
3810
3811
3814
3815
3817
3818
3820
3821
3822
3823
3824
3825
3827
3828
3829
3830
3832
3833
3835
3836
3837
3838
3839
3840
3844
3845
3846
3847
3849
3850
3851
3853
3855
3856
3857
3858
3861
3862
3863
3864
3865
3866
3868
3869
3870
3871
3872
3874
3875
3876
3877
3879
3880
3881
3882
3883
3884
3885
3886
3887
3888
3890
3891
3892
3893
3895
3896
3897
3898
3900
3901
3903
3904
3905
3906
3907
3908
3909
3910
3914
3916
3917
3919
3921
3922
3923
3925
3927
3928
3931
3932
3933
3934
3935
3936
3937
3938
3940
3941
3942
3943
3944
3946
3948
3949
3950
3952
3953
3955
3956
3957
3958
3960
3961
3962
3964
3966
3967
3968
3969
3970
3971
3972
3974
3976
3978
3979
3981
3982
3983
3984
3986
3987
3988
3990
3991
3992
3993
3995
3997
3998
3999
4000
4001
4002
4004
4006
4007
4008
4009
4010
4011
4013
4014
4016
4019
4020
4021
4022
4023
4024
4025
4026
4027
4028
4029
4030
4031
4032
4033
4035
4037
4038
4040
4041
4042
4043
4046
4047
4048
4049
4051
4052
4053
4054
4055
4057
4058
4059
4060
4061
4062
4063
4064
4065
4067
4068
4069
4071
4072
4075
4076
4077
4078
4079
4080
4081
4082
4084
4085
4086
4087
4088
4089
4093
4094
4095
4097
4098
4099
4100
4101
4102
4103
4104
4105
4106
4107
4108
4109
4110
4112
4113
4115
4118
4121
4123
4124
4125
4126
4127
4128
4129
4130
4132
4133
4134
4138
4140
4143
4144
4146
4147
4148
4149
4152
4153
4154
4155
4156
4157
4158
4159
4160
4161
4162
4163
4164
4165
4166
4167
4168
4170
4171
4172
4174
4175
4177
4178
4181
4182
4183
4185
4186
4187
4189
4190
4191
4192
4193
4195
4196
4197
4198
4199
4201
4202
4203
4204
4205
4207
4210
4211
4213
4215
4216
4219
4221
4222
4224
4226
4227
4229
4230
4232
4233
4234
4235
4236
4237
4239
4240
4241
4242
4243
4244
4245
4246
4247
4248
4249
4250
4252
4253
4255
4257
4258
4259
4260
4261
4262
4263
4264
4265
4266
4268
4270
4274
4275
4276
4277
4278
4279
4280
4281
4283
4287
4288
4289
4290
4291
4293
4294
4295
4296
4297
4300
4301
4302
4303
4305
4306
4308
4309
4310
4311
4312
4313
4314
4315
4316
4318
4319
4321
4322
4323
4328
4329
4331
4332
4335
4336
4337
4338
4339
4340
4341
4342
4343
4346
4347
4348
4350
4351
4352
4353
4354
4355
4356
4357
4358
4359
4360
4361
4362
4363
4364
4365
4366
4368
4369
4372
4373
4374
4375
4379
4381
4383
4384
4385
4387
4388
4390
4391
4393
4394
4395
4396
4397
4398
4399
4400
4401
4404
4405
4406
4407
4408
4409
4410
4411
4412
4413
4414
4416
4417
4418
4420
4422
4423
4425
4426
4427
4428
4429
4432
4433
4434
4435
4436
4437
4438
4439
4441
4442
4443
4446
4452
4453
4454
4456
4458
4463
4465
4466
4467
4468
4469
4470
4471
4472
4473
4474
4475
4476
4477
4478
4479
4480
4481
4482
4484
4486
4487
4489
4490
4491
4492
4493
4495
4496
4498
4500
4501
4502
4503
4504
4505
4507
4508
4510
4511
4512
4513
4514
4515
4516
4517
4518
4519
4521
4522
4523
4524
4525
4526
4527
4528
4530
4531
4533
4534
4535
4536
4538
4539
4540
4541
4543
4544
4545
4546
4548
4549
4552
4553
4554
4555
4556
4558
4559
4560
4561
4562
4563
4564
4565
4566
4567
4568
4569
4570
4571
4572
4573
4574
4575
4576
4577
4578
4579
4580
4581
4582
4583
4584
4586
4587
4589
4591
4592
4593
4594
4596
4598
4599
4600
4601
4602
4603
4604
4606
4607
4608
4609
4610
4611
4612
4613
4615
4616
4617
4618
4622
4623
4624
4626
4627
4628
4629
4630
4631
4632
4633
4635
4637
4638
4639
4640
4641
4642
4644
4646
4647
4648
4649
4650
4651
4652
4653
4654
4655
4658
4659
4662
4664
4665
4667
4670
4671
4673
4674
4675
4676
4680
4681
4682
4683
4685
4686
4688
4689
4690
4692
4693
4694
4695
4697
4698
4699
4700
4701
4702
4703
4704
4705
4706
4707
4708
4711
4712
4713
4716
4717
4718
4719
4720
4721
4722
4723
4724
4725
4726
4728
4729
4730
4731
4732
4733
4734
4735
4736
4738
4739
4740
4741
4742
4743
4744
4745
4746
4747
4748
4749
4750
4751
4752
4755
4756
4757
4758
4759
4760
4761
4762
4763
4764
4765
4766
4769
4770
4772
4773
4774
4775
4776
4777
4778
4779
4780
4781
4782
4783
4784
4786
4787
4788
4789
4790
4791
4793
4796
4797
4798
4799
4800
4802
4804
4805
4806
4807
4809
4810
4811
4812
4813
4816
4817
4819
4821
4822
4823
4824
4825
4828
4829
4830
4831
4832
4833
4834
4835
4836
4837
4838
4840
4841
4842
4843
4844
4845
4846
4847
4848
4850
4851
4852
4853
4854
4855
4856
4857
4859
4860
4861
4862
4863
4864
4867
4869
4870
4871
4872
4874
4875
4877
4878
4879
4880
4881
4882
4883
4884
4886
4887
4888
4890
4891
4892
4893
4894
4895
4896
4897
4898
4901
4902
4904
4905
4906
4907
4908
4910
4911
4912
4915
4917
4918
4919
4921
4923
4924
4925
4926
4928
4929
4930
4931
4932
4934
4935
4936
4938
4939
4940
4941
4942
4943
4944
4945
4946
4947
4948
4949
4950
4951
4952
4953
4954
4955
4956
4957
4958
4959
4961
4963
4964
4965
4966
4967
4968
4971
4972
4974
4975
4976
4977
4978
4979
4981
4983
4984
4985
4986
4987
4989
4990
4991
4992
4994
4995
4997
4998
5001
5003
5004
5005
5007
5009
5010
5012
5013
5014
5017
5018
5019
5020
5021
5023
5024
5025
5026
5028
5029
5030
5031
5032
5033
5034
5035
5036
5037
5038
5039
5042
5044
5045
5046
5047
5048
5050
5051
5054
5056
5057
5059
5060
5062
5064
5066
5067
5068
5069
5070
5071
5073
5074
5075
5076
5077
5079
5080
5082
5083
5084
5085
5086
5087
5088
5089
5090
5091
5092
5093
5096
5097
5098
5100
5102
5103
5104
5105
5106
5107
5108
5109
5111
5114
5115
5117
5119
5120
5121
5122
5124
5125
5126
5127
5128
5131
5132
5133
5134
5135
5137
5138
5139
5140
5142
5143
5144
5145
5150
5151
5152
5153
5154
5155
5156
5157
5159
5160
5161
5162
5163
5164
5165
5166
5168
5171
5172
5173
5174
5175
5176
5178
5179
5182
5185
5186
5188
5189
5190
5191
5192
5193
5195
5196
5197
5198
5201
5203
5206
5207
5208
5210
5211
5212
5213
5214
5215
5217
5220
5221
5223
5224
5225
5226
5227
5228
5229
5230
5231
5232
5233
5234
5235
5236
5237
5238
5240
5241
5242
5243
5245
5246
5247
5248
5249
5250
5251
5252
5253
5254
5255
5256
5257
5258
5259
5260
5262
5263
5264
5265
5266
5267
5268
5269
5270
5271
5273
5274
5275
5276
5277
5278
5280
5281
5282
5283
5284
5286
5287
5288
5290
5291
5292
5294
5296
5297
5298
5299
5300
5301
5302
5303
5304
5305
5307
5308
5309
5310
5311
5313
5314
5315
5316
5317
5318
5319
5320
5321
5322
5323
5324
5325
5326
5331
5334
5335
5337
5338
5340
5341
5342
5343
5345
5346
5347
5350
5351
5352
5353
5354
5355
5357
5358
5359
5360
5361
5362
5363
5364
5365
5367
5368
5370
5371
5372
5374
5375
5376
5377
5379
5380
5382
5383
5384
5386
5387
5388
5389
5390
5391
5393
5394
5395
5397
5398
5399
5400
5402
5403
5404
5405
5406
5408
5409
5410
5412
5413
5414
5415
5416
5417
5419
5422
5424
5425
5426
5427
5428
5431
5432
5433
5434
5435
5437
5439
5442
5443
5445
5446
5447
5448
5449
5451
5452
5453
5454
5455
5456
5457
5458
5459
5460
5461
5464
5465
5467
5468
5469
5470
5471
5472
5474
5475
5476
5478
5479
5480
5481
5482
5483
5485
5486
5487
5489
5490
5491
5492
5493
5494
5495
5496
5497
5498
5500
5501
5502
5505
5506
5507
5508
5509
5510
5511
5512
5514
5515
5517
5519
5520
5521
5524
5525
5526
5529
5530
5532
5533
5534
5537
5538
5539
5540
5541
5542
5543
5545
5546
5547
5549
5550
5551
5553
5554
5556
5557
5559
5560
5561
5563
5565
5566
5567
5568
5570
5572
5573
5574
5576
5577
5579
5580
5583
5584
5585
5586
5587
5588
5589
5590
5591
5592
5593
5594
5595
5596
5597
5598
5599
5601
5602
5603
5604
5605
5606
5607
5609
5612
5613
5614
5615
5616
5618
5619
5620
5621
5624
5625
5627
5631
5633
5635
5637
5638
5639
5640
5642
5645
5646
5647
5648
5649
5650
5652
5654
5655
5657
5659
5662
5663
5664
5665
5666
5667
5669
5672
5673
5674
5675
5676
5677
5680
5683
5684
5685
5687
5688
5689
5690
5691
5692
5693
5695
5696
5699
5704
5705
5707
5708
5709
5710
5711
5712
5713
5714
5715
5716
5717
5718
5719
5720
5721
5722
5723
5724
5725
5726
5728
5729
5732
5733
5734
5735
5736
5737
5738
5739
5741
5742
5743
5744
5745
5746
5749
5750
5751
5753
5755
5757
5758
5759
5760
5761
5762
5763
5764
5765
5767
5768
5770
5771
5772
5773
5774
5775
5776
5778
5779
5780
5782
5783
5784
5785
5787
5788
5789
5790
5791
5792
5793
5794
5795
5797
5798
5799
5800
5802
5804
5807
5808
5809
5811
5813
5814
5818
5820
5821
5822
5823
5824
5826
5827
5828
5832
5833
5834
5836
5837
5838
5839
5840
5841
5842
5844
5845
5847
5849
5851
5852
5853
5854
5855
5856
5858
5859
5861
5862
5863
5864
5865
5866
5867
5869
5870
5873
5875
5876
5877
5878
5880
5881
5882
5883
5884
5885
5886
5887
5888
5890
5891
5892
5893
5894
5896
5897
5899
5901
5902
5903
5904
5905
5906
5907
5909
5910
5912
5913
5914
5915
5916
5917
5918
5919
5920
5921
5922
5924
5925
5926
5927
5928
5929
5930
5931
5932
5933
5934
5937
5938
5939
5941
5942
5943
5945
5946
5948
5949
5951
5952
5953
5954
5955
5956
5957
5960
5961
5962
5963
5964
5965
5966
5967
5969
5970
5971
5975
5976
5978
5979
5981
5982
5984
5985
5986
5987
5988
5989
5990
5991
5992
5993
5994
5995
5996
5997
5999
6003
6004
6005
6006
6008
6009
6010
6012
6013
6016
6017
6018
6019
6020
6021
6022
6023
6024
6025
6027
6028
6031
6032
6033
6034
6036
6037
6039
6040
6041
6045
6046
6047
6048
6049
6051
6052
6053
6054
6055
6056
6057
6058
6059
6060
6061
6063
6064
6065
6066
6068
6069
6071
6072
6074
6075
6076
6077
6078
6079
6080
6081
6082
6083
6085
6086
6087
6088
6089
6093
6094
6095
6097
6098
6099
6100
6101
6102
6103
6104
6105
6106
6107
6108
6109
6110
6111
6113
6115
6117
6118
6119
6120
6121
6122
6124
6125
6126
6127
6129
6131
6134
6135
6136
6138
6139
6140
6141
6142
6143
6144
6146
6147
6148
6149
6151
6152
6153
6154
6155
6156
6157
6158
6159
6160
6162
6163
6164
6165
6166
6169
6170
6171
6172
6174
6175
6177
6178
6179
6180
6181
6182
6184
6186
6188
6189
6190
6191
6192
6193
6195
6196
6197
6198
6199
6200
6202
6203
6204
6205
6206
6207
6209
6210
6211
6212
6213
6214
6216
6217
6218
6219
6220
6221
6224
6225
6227
6230
6231
6232
6233
6234
6235
6236
6237
6238
6239
6240
6242
6243
6244
6245
6246
6248
6249
6250
6251
6252
6254
6256
6261
6262
6263
6264
6265
6266
6268
6269
6270
6271
6272
6273
6274
6276
6278
6279
6280
6281
6282
6284
6285
6288
6289
6290
6291
6292
6296
6297
6299
6300
6301
6302
6303
6304
6306
6307
6308
6309
6310
6311
6312
6313
6315
6316
6317
6318
6319
6320
6321
6322
6323
6324
6325
6326
6327
6329
6333
6334
6338
6340
6341
6343
6344
6346
6347
6350
6351
6352
6353
6354
6355
6356
6357
6360
6361
6362
6363
6364
6365
6366
6368
6370
6371
6372
6373
6374
6376
6377
6378
6379
6382
6383
6384
6385
6386
6387
6388
6390
6391
6393
6394
6395
6396
6397
6399
6400
6401
6402
6403
6404
6410
6412
6414
6415
6416
6417
6418
6419
6420
6421
6422
6423
6426
6427
6428
6429
6430
6431
6432
6433
6436
6437
6438
6439
6440
6443
6444
6445
6446
6448
6450
6452
6453
6454
6455
6457
6458
6460
6461
6462
6463
6466
6467
6468
6469
6470
6471
6472
6473
6475
6476
6477
6479
6481
6483
6484
6485
6487
6488
6491
6492
6493
6495
6496
6497
6498
6499
6500
6502
6503
6504
6506
6508
6509
6511
6512
6513
6514
6515
6516
6517
6518
6519
6521
6522
6523
6524
6525
6529
6530
6531
6533
6534
6535
6536
6537
6538
6539
6542
6543
6546
6547
6548
6549
6551
6552
6554
6555
6558
6559
6560
6562
6565
6566
6567
6568
6570
6571
6572
6573
6574
6576
6577
6580
6581
6582
6584
6588
6590
6591
6592
6593
6595
6596
6597
6599
6600
6601
6603
6607
6608
6610
6612
6613
6614
6615
6616
6617
6618
6621
6623
6624
6627
6628
6629
6630
6631
6632
6633
6634
6635
6636
6637
6639
6640
6641
6642
6643
6645
6646
6647
6648
6649
6650
6652
6653
6654
6655
6657
6658
6659
6660
6661
6662
6664
6665
6666
6667
6668
6669
6670
6674
6675
6676
6680
6684
6685
6686
6687
6688
6689
6690
6691
6692
6693
6694
6695
6697
6698
6699
6700
6701
6702
6703
6704
6705
6706
6707
6709
6710
6711
6714
6715
6717
6719
6720
6721
6722
6723
6725
6726
6727
6728
6729
6730
6731
6735
6736
6738
6739
6740
6741
6742
6743
6744
6745
6746
6748
6749
6750
6751
6752
6756
6759
6760
6761
6762
6766
6767
6769
6770
6771
6772
6774
6776
6777
6778
6779
6780
6782
6783
6784
6785
6786
6787
6789
6790
6791
6793
6794
6795
6796
6798
6800
6801
6802
6804
6805
6806
6807
6809
6810
6811
6812
6813
6814
6818
6821
6822
6823
6824
6825
6826
6827
6828
6829
6830
6831
6832
6833
6834
6835
6837
6839
6840
6841
6842
6843
6844
6847
6848
6851
6852
6853
6854
6857
6858
6859
6860
6862
6863
6864
6865
6866
6867
6868
6869
6870
6871
6873
6874
6875
6877
6878
6880
6881
6882
6883
6885
6886
6888
6890
6891
6892
6895
6896
6897
6902
6903
6904
6905
6906
6908
6911
6913
6918
6919
6920
6921
6922
6923
6924
6925
6926
6928
6930
6931
6932
6934
6935
6937
6938
6940
6941
6942
6944
6945
6946
6947
6949
6950
6951
6952
6953
6954
6955
6956
6957
6958
6959
6960
6961
6964
6965
6966
6967
6969
6971
6975
6976
6977
6979
6981
6982
6983
6984
6985
6987
6988
6989
6990
6991
6994
6995
6996
6999
7001
7002
7003
7004
7005
7006
7008
7009
7010
7011
7012
7013
7016
7018
7019
7020
7021
7022
7023
7024
7025
7026
7027
7028
7031
7036
7037
7040
7041
7042
7043
7044
7045
7046
7047
7048
7049
7050
7051
7052
7056
7057
7059
7060
7061
7062
7063
7064
7067
7068
7069
7070
7071
7072
7073
7076
7077
7078
7080
7081
7082
7083
7084
7088
7089
7090
7091
7094
7095
7096
7097
7098
7099
7101
7102
7103
7105
7106
7107
7109
7111
7113
7114
7115
7116
7117
7119
7120
7121
7123
7124
7125
7126
7127
7128
7129
7131
7132
7133
7134
7135
7136
7137
7138
7139
7140
7141
7142
7143
7144
7145
7146
7147
7148
7149
7150
7151
7152
7153
7154
7155
7157
7158
7159
7160
7161
7162
7163
7164
7165
7167
7168
7169
7170
7171
7172
7176
7177
7178
7179
7182
7183
7184
7186
7187
7188
7189
7190
7191
7192
7193
7194
7196
7197
7198
7199
7200
7201
7202
7203
7204
7205
7206
7207
7211
7212
7214
7217
7218
7219
7220
7221
7222
7224
7225
7226
7228
7229
7230
7231
7232
7233
7235
7239
7243
7244
7245
7248
7249
7250
7252
7254
7255
7259
7260
7261
7263
7265
7267
7268
7269
7270
7271
7272
7273
7274
7276
7277
7279
7280
7281
7282
7283
7284
7285
7286
7287
7288
7289
7290
7291
7292
7293
7294
7295
7296
7297
7300
7301
7302
7303
7304
7305
7306
7308
7309
7311
7313
7314
7315
7316
7317
7318
7320
7321
7322
7326
7327
7328
7329
7331
7334
7335
7336
7337
7338
7341
7342
7346
7348
7349
7351
7352
7355
7356
7358
7359
7360
7361
7363
7364
7366
7369
7370
7371
7373
7374
7375
7376
7377
7378
7379
7380
7381
7383
7385
7386
7387
7388
7389
7391
7392
7393
7394
7395
7396
7397
7399
7400
7401
7402
7404
7405
7406
7407
7408
7409
7411
7412
7413
7414
7415
7418
7419
7421
7422
7425
7426
7427
7428
7429
7430
7431
7432
7433
7434
7435
7436
7437
7439
7441
7442
7444
7445
7446
7447
7449
7450
7451
7453
7454
7455
7457
7459
7460
7461
7462
7464
7466
7467
7468
7469
7471
7472
7473
7474
7475
7476
7477
7478
7479
7481
7482
7483
7485
7486
7488
7489
7492
7494
7495
7496
7497
7498
7500
7501
7503
7505
7507
7510
7513
7514
7515
7517
7518
7520
7521
7522
7523
7526
7527
7528
7529
7530
7531
7533
7534
7535
7536
7537
7538
7539
7542
7543
7544
7545
7546
7548
7549
7550
7552
7554
7558
7559
7560
7561
7563
7564
7566
7567
7568
7569
7570
7571
7573
7574
7575
7576
7577
7580
7581
7582
7583
7584
7585
7586
7587
7588
7589
7590
7591
7593
7594
7595
7596
7597
7599
7600
7601
7602
7603
7604
7606
7607
7608
7609
7610
7612
7613
7616
7620
7621
7622
7624
7625
7626
7627
7628
7630
7631
7633
7634
7635
7637
7639
7640
7641
7642
7643
7645
7646
7647
7650
7652
7653
7657
7658
7659
7660
7661
7663
7664
7666
7667
7668
7669
7671
7672
7673
7676
7678
7682
7683
7684
7685
7686
7689
7690
7691
7692
7693
7694
7695
7696
7697
7698
7699
7700
7701
7702
7703
7705
7706
7709
7710
7712
7714
7715
7717
7719
7721
7722
7723
7724
7725
7728
7729
7731
7732
7733
7734
7735
7736
7737
7738
7741
7742
7743
7744
7745
7746
7747
7748
7749
7752
7753
7755
7756
7757
7758
7759
7762
7764
7765
7766
7767
7768
7769
7774
7775
7776
7779
7780
7781
7782
7784
7785
7786
7787
7788
7789
7790
7791
7792
7793
7794
7795
7798
7799
7800
7802
7803
7808
7811
7812
7813
7814
7816
7817
7819
7820
7821
7822
7824
7825
7826
7827
7828
7830
7831
7832
7835
7836
7837
7838
7839
7840
7842
7844
7846
7847
7848
7849
7850
7851
7852
7853
7854
7855
7858
7859
7861
7862
7863
7864
7867
7868
7869
7870
7871
7872
7873
7875
7877
7878
7880
7881
7883
7885
7886
7887
7888
7889
7890
7891
7892
7894
7895
7897
7899
7900
7902
7904
7906
7907
7909
7910
7911
7913
7914
7915
7916
7917
7919
7920
7921
7923
7925
7926
7927
7928
7930
7931
7932
7934
7935
7936
7937
7938
7941
7943
7944
7945
7946
7947
7948
7949
7950
7951
7953
7954
7955
7956
7957
7958
7959
7960
7961
7964
7965
7966
7969
7970
7971
7972
7973
7974
7975
7976
7977
7978
7980
7981
7983
7984
7985
7986
7987
7989
7990
7991
7992
7995
7996
7997
7998
7999
8000
8001
8002
8003
8004
8005
8006
8007
8009
8010
8011
8013
8014
8015
8017
8018
8019
8020
8023
8024
8026
8027
8029
8030
8031
8032
8034
8035
8038
8039
8040
8042
8043
8044
8046
8047
8048
8050
8051
8053
8054
8057
8058
8059
8060
8061
8062
8063
8065
8066
8067
8068
8069
8070
8072
8073
8075
8076
8077
8078
8079
8080
8082
8083
8084
8087
8088
8089
8090
8091
8092
8093
8094
8095
8097
8099
8100
8102
8103
8105
8106
8108
8109
8111
8113
8114
8116
8117
8119
8120
8123
8124
8126
8127
8128
8129
8132
8133
8134
8135
8136
8137
8138
8139
8140
8142
8143
8144
8145
8148
8149
8151
8152
8155
8157
8158
8159
8160
8161
8162
8165
8166
8167
8168
8169
8170
8171
8172
8173
8174
8175
8176
8177
8180
8182
8183
8184
8185
8186
8187
8189
8190
8191
8192
8193
8194
8195
8196
8197
8198
8199
8200
8201
8202
8203
8206
8208
8209
8210
8211
8212
8213
8214
8215
8216
8217
8220
8221
8223
8224
8225
8226
8227
8228
8229
8230
8231
8232
8233
8234
8235
8236
8238
8239
8240
8242
8243
8244
8245
8246
8247
8248
8249
8250
8251
8252
8253
8254
8255
8256
8257
8260
8261
8263
8264
8265
8266
8267
8268
8269
8271
8272
8276
8277
8278
8279
8280
8281
8283
8284
8286
8287
8288
8290
8291
8292
8293
8294
8295
8296
8297
8298
8300
8301
8302
8303
8306
8308
8309
8310
8311
8312
8314
8315
8316
8317
8318
8319
8320
8322
8323
8324
8327
8329
8330
8331
8332
8333
8334
8335
8336
8338
8339
8340
8343
8344
8345
8346
8347
8349
8350
8351
8352
8353
8354
8356
8357
8358
8361
8362
8365
8366
8367
8368
8369
8370
8371
8372
8373
8374
8375
8376
8377
8379
8381
8382
8383
8384
8385
8387
8388
8389
8390
8391
8392
8394
8395
8396
8397
8398
8399
8400
8401
8402
8404
8405
8406
8407
8408
8409
8410
8411
8412
8413
8414
8415
8416
8418
8419
8420
8421
8422
8423
8424
8425
8427
8428
8429
8431
8433
8434
8436
8437
8439
8441
8442
8443
8444
8445
8446
8447
8448
8449
8450
8451
8452
8454
8455
8457
8458
8460
8461
8462
8463
8466
8467
8469
8471
8472
8473
8475
8476
8478
8479
8480
8482
8483
8484
8485
8486
8487
8488
8489
8491
8492
8493
8494
8496
8497
8498
8499
8500
8505
8506
8507
8508
8509
8510
8511
8512
8516
8517
8518
8520
8521
8522
8523
8526
8530
8531
8532
8533
8534
8535
8536
8537
8538
8539
8540
8541
8542
8544
8545
8546
8547
8550
8551
8552
8553
8555
8557
8558
8559
8560
8561
8562
8563
8564
8566
8567
8568
8570
8571
8572
8574
8577
8578
8581
8582
8584
8585
8589
8590
8593
8594
8596
8597
8598
8599
8600
8601
8603
8604
8605
8606
8607
8608
8609
8610
8611
8612
8613
8614
8615
8617
8620
8621
8622
8624
8625
8626
8627
8628
8629
8631
8632
8633
8636
8637
8638
8640
8642
8643
8644
8645
8646
8649
8650
8651
8652
8653
8654
8656
8657
8658
8660
8663
8664
8665
8666
8667
8668
8670
8672
8673
8674
8679
8680
8682
8683
8684
8685
8686
8687
8689
8690
8691
8692
8693
8694
8695
8696
8697
8698
8700
8701
8702
8704
8706
8709
8710
8712
8714
8715
8716
8717
8718
8719
8720
8721
8722
8723
8724
8725
8727
8728
8729
8730
8731
8733
8734
8735
8736
8737
8738
8739
8740
8742
8743
8744
8745
8746
8747
8749
8752
8755
8756
8757
8758
8760
8761
8762
8763
8764
8766
8767
8768
8769
8770
8772
8773
8774
8775
8776
8777
8778
8779
8780
8781
8784
8787
8788
8790
8791
8793
8794
8795
8796
8798
8799
8801
8802
8803
8804
8805
8806
8807
8811
8812
8813
8814
8815
8818
8819
8820
8822
8823
8825
8826
8827
8828
8830
8831
8832
8835
8836
8838
8842
8843
8845
8846
8847
8848
8849
8850
8851
8852
8853
8855
8856
8857
8858
8859
8860
8861
8862
8863
8865
8866
8867
8869
8871
8872
8873
8874
8875
8878
8879
8880
8881
8882
8884
8885
8886
8887
8888
8889
8890
8892
8894
8896
8897
8902
8903
8904
8905
8906
8907
8909
8910
8912
8913
8914
8915
8916
8917
8918
8919
8920
8921
8922
8923
8924
8925
8926
8927
8928
8930
8931
8932
8933
8935
8936
8937
8938
8939
8940
8941
8942
8943
8944
8945
8946
8948
8949
8950
8951
8952
8953
8954
8955
8956
8957
8958
8960
8961
8962
8963
8964
8968
8969
8970
8972
8973
8974
8975
8976
8977
8979
8980
8981
8982
8985
8988
8990
8991
8994
8995
8996
8998
8999
9000
9001
9002
9003
9004
9007
9008
9009
9011
9015
9016
9017
9018
9019
9020
9021
9022
9023
9024
9025
9026
9027
9029
9030
9032
9033
9034
9035
9036
9037
9038
9040
9043
9044
9046
9047
9048
9051
9052
9055
9057
9058
9059
9060
9064
9066
9067
9068
9069
9070
9071
9073
9074
9075
9077
9078
9080
9083
9084
9085
9086
9087
9089
9092
9094
9095
9096
9097
9099
9100
9101
9104
9105
9106
9108
9109
9110
9111
9112
9113
9115
9116
9117
9118
9119
9121
9122
9123
9126
9127
9128
9129
9130
9131
9132
9133
9135
9136
9137
9138
9139
9140
9141
9142
9144
9145
9149
9150
9151
9153
9154
9155
9156
9157
9158
9159
9160
9161
9162
9163
9164
9165
9166
9167
9168
9170
9171
9172
9173
9174
9175
9176
9179
9180
9181
9182
9183
9184
9185
9186
9187
9188
9191
9192
9195
9196
9197
9198
9200
9201
9202
9204
9205
9206
9207
9208
9209
9210
9213
9214
9215
9216
9217
9219
9220
9221
9222
9223
9224
9225
9227
9228
9229
9230
9232
9233
9234
9235
9236
9237
9238
9239
9240
9242
9245
9248
9249
9250
9251
9252
9253
9255
9256
9257
9258
9260
9261
9262
9263
9264
9265
9266
9268
9269
9270
9271
9272
9274
9276
9280
9281
9282
9283
9284
9285
9289
9292
9293
9294
9295
9296
9297
9298
9299
9303
9305
9306
9309
9311
9312
9313
9314
9315
9316
9317
9320
9321
9327
9328
9329
9330
9331
9333
9334
9335
9336
9337
9338
9341
9342
9343
9344
9345
9346
9347
9348
9350
9351
9352
9353
9354
9355
9356
9357
9358
9359
9360
9362
9364
9365
9366
9367
9368
9369
9370
9371
9372
9374
9375
9376
9379
9381
9382
9383
9384
9385
9387
9388
9389
9390
9392
9393
9394
9395
9396
9397
9398
9399
9400
9402
9404
9406
9407
9408
9411
9412
9416
9417
9418
9419
9420
9421
9422
9423
9424
9425
9426
9427
9429
9430
9432
9433
9434
9435
9436
9438
9439
9441
9443
9444
9445
9447
9448
9449
9451
9452
9453
9454
9455
9457
9458
9462
9463
9464
9465
9467
9469
9470
9472
9474
9475
9476
9478
9479
9480
9481
9482
9483
9485
9486
9487
9490
9491
9493
9494
9496
9497
9499
9501
9502
9503
9504
9506
9507
9508
9510
9512
9513
9514
9515
9516
9517
9518
9519
9520
9521
9522
9523
9524
9525
9527
9528
9529
9530
9533
9536
9537
9539
9541
9542
9544
9545
9547
9548
9550
9551
9552
9553
9554
9555
9556
9558
9560
9561
9562
9563
9564
9565
9567
9568
9569
9570
9572
9573
9574
9575
9576
9577
9578
9582
9583
9584
9586
9587
9588
9589
9590
9591
9592
9593
9595
9598
9599
9602
9603
9604
9605
9606
9607
9608
9610
9611
9613
9614
9615
9616
9617
9618
9619
9620
9621
9622
9624
9625
9627
9628
9630
9631
9632
9633
9634
9636
9637
9638
9639
9641
9642
9643
9644
9645
9646
9647
9648
9650
9651
9652
9654
9655
9656
9658
9660
9661
9662
9663
9664
9665
9666
9667
9668
9669
9670
9671
9672
9673
9676
9678
9679
9680
9681
9682
9683
9684
9685
9687
9688
9689
9690
9691
9692
9693
9695
9696
9697
9698
9699
9700
9701
9702
9703
9705
9706
9708
9710
9712
9713
9715
9717
9720
9721
9723
9724
9725
9726
9728
9729
9730
9731
9732
9734
9736
9737
9739
9742
9743
9744
9745
9746
9747
9748
9751
9752
9754
9755
9756
9757
9758
9761
9763
9765
9766
9767
9768
9769
9771
9772
9773
9775
9776
9777
9778
9779
9780
9781
9782
9783
9784
9785
9786
9787
9789
9790
9792
9793
9795
9796
9797
9799
9801
9802
9805
9806
9807
9808
9809
9810
9811
9812
9813
9814
9815
9816
9817
9818
9819
9820
9823
9824
9825
9826
9827
9829
9831
9834
9835
9836
9837
9838
9840
9842
9843
9844
9845
9846
9847
9849
9850
9851
9852
9853
9854
9855
9856
9857
9862
9863
9864
9866
9867
9869
9871
9872
9873
9874
9875
9876
9877
9879
9880
9883
9884
9885
9886
9887
9889
9890
9891
9892
9893
9894
9895
9896
9897
9898
9899
9900
9901
9902
9903
9904
9905
9906
9907
9908
9909
9910
9912
9914
9915
9916
9917
9919
9920
9921
9922
9923
9925
9926
9927
9928
9929
9930
9931
9932
9933
9934
9935
9937
9939
9940
9941
9942
9944
9945
9947
9948
9949
9950
9951
9952
9953
9954
9955
9956
9957
9958
9959
9960
9963
9964
9966
9968
9969
9970
9971
9972
9973
9974
9976
9977
9978
9981
9982
9983
9984
9985
9986
9987
9988
9989
9990
9991
9992
9993
9995
9996
9997
9998
9999
10000
10001
10003
10005
10006
10007
10008
10009
10010
10012
10013
10014
10015
10016
10017
10018
10021
10022
10023
10024
10025
10029
10030
10031
10033
10034
10035
10036
10037
10038
10039
10041
10042
10043
10044
10045
10046
10047
10048
10049
10050
10051
10052
10053
10054
10055
10057
10058
10060
10061
10062
10063
10064
10066
10067
10068
10069
10070
10072
10074
10076
10077
10078
10079
10080
10081
10082
10083
10084
10085
10087
10088
10089
10090
10093
10094
10095
10099
10100
10101
10102
10104
10105
10106
10108
10109
10110
10111
10112
10113
10116
10117
10118
10120
10121
10122
10124
10125
10126
10128
10129
10130
10131
10132
10134
10135
10138
10140
10141
10143
10144
10146
10147
10148
10149
10151
10152
10153
10154
10155
10156
10157
10158
10159
10160
10161
10162
10163
10164
10165
10166
10167
10168
10169
10170
10171
10172
10175
10176
10177
10178
10179
10180
10182
10183
10184
10185
10186
10187
10188
10190
10191
10192
10193
10195
10197
10198
10199
10200
10202
10203
10205
10206
10207
10208
10210
10211
10212
10213
10214
10215
10216
10217
10219
10220
10221
10224
10225
10226
10227
10229
10230
10231
10232
10233
10235
10236
10238
10239
10240
10241
10242
10244
10245
10246
10247
10248
10249
10250
10251
10252
10253
10256
10258
10259
10260
10261
10262
10263
10266
10267
10269
10270
10272
10274
10275
10276
10277
10278
10279
10281
10284
10285
10286
10287
10288
10290
10291
10292
10293
10296
10297
10299
10300
10302
10303
10304
10305
10306
10307
10308
10310
10314
10316
10317
10318
10320
10321
10322
10323
10324
10325
10326
10327
10328
10330
10331
10332
10334
10335
10337
10338
10339
10340
10341
10342
10343
10344
10345
10346
10347
10348
10349
10350
10351
10352
10353
10354
10355
10356
10357
10358
10359
10360
10361
10362
10363
10364
10366
10367
10368
10369
10372
10373
10374
10375
10376
10377
10379
10380
10381
10384
10385
10388
10389
10390
10391
10392
10393
10394
10395
10396
10397
10398
10399
10401
10402
10403
10404
10405
10406
10407
10408
10409
10411
10412
10414
10417
10418
10419
10420
10421
10422
10424
10425
10427
10428
10429
10430
10431
10432
10433
10434
10437
10439
10441
10442
10443
10444
10445
10446
10448
10449
10450
10452
10453
10455
10456
10457
10458
10459
10460
10461
10462
10463
10464
10465
10467
10468
10470
10471
10473
10474
10475
10476
10477
10478
10479
10482
10483
10484
10486
10487
10488
10489
10490
10491
10493
10494
10495
10497
10499
10500
10502
10504
10506
10507
10509
10510
10513
10514
10518
10521
10522
10524
10525
10526
10527
10528
10529
10530
10531
10532
10535
10536
10537
10538
10539
10540
10541
10543
10544
10545
10546
10547
10549
10550
10551
10553
10554
10555
10556
10557
10559
10560
10561
10562
10563
10564
10565
10566
10567
10568
10570
10571
10572
10575
10576
10578
10579
10580
10582
10583
10585
10586
10587
10588
10589
10590
10592
10593
10595
10596
10598
10599
10601
10602
10603
10604
10605
10606
10608
10609
10610
10611
10612
10613
10614
10615
10616
10621
10622
10625
10626
10627
10628
10629
10630
10631
10633
10635
10636
10637
10638
10639
10640
10641
10642
10643
10644
10645
10647
10648
10649
10650
10651
10654
10655
10656
10657
10658
10659
10660
10661
10663
10664
10665
10668
10670
10671
10673
10674
10676
10679
10680
10681
10682
10683
10684
10685
10687
10688
10689
10690
10691
10693
10694
10695
10696
10697
10698
10700
10701
10702
10704
10705
10706
10707
10708
10709
10710
10711
10713
10714
10715
10716
10717
10718
10719
10720
10721
10723
10728
10729
10731
10732
10733
10734
10736
10738
10739
10740
10741
10742
10743
10744
10745
10747
10749
10750
10753
10755
10756
10757
10759
10760
10761
10762
10763
10764
10765
10766
10768
10769
10770
10771
10773
10774
10775
10776
10777
10779
10780
10781
10782
10784
10785
10787
10788
10789
10790
10791
10792
10793
10796
10798
10799
10800
10801
10802
10803
10804
10805
10806
10807
10808
10809
10810
10811
10812
10813
10814
10816
10818
10820
10822
10823
10824
10827
10828
10829
10830
10831
10832
10833
10834
10837
10838
10839
10840
10841
10842
10843
10844
10845
10847
10848
10849
10850
10851
10854
10855
10856
10858
10860
10861
10862
10863
10864
10865
10866
10867
10868
10869
10871
10874
10875
10876
10877
10878
10879
10880
10881
10882
10884
10885
10886
10887
10888
10889
10890
10891
10892
10893
10894
10895
10896
10897
10898
10899
10901
10902
10903
10904
10905
10907
10909
10912
10913
10916
10917
10919
10920
10921
10922
10926
10927
10929
10931
10932
10935
10936
10937
10938
10940
10941
10943
10945
10946
10949
10950
10951
10952
10953
10954
10955
10957
10958
10959
10960
10961
10962
10963
10964
10967
10968
10969
10971
10974
10975
10976
10977
10978
10979
10981
10982
10983
10984
10985
10986
10987
10988
10989
10991
10993
10994
10995
10996
10997
10999
11000
11002
11003
11004
11007
11008
11010
11011
11013
11014
11015
11016
11017
11019
11020
11022
11023
11024
11025
11026
11027
11028
11030
11031
11032
11033
11034
11035
11036
11037
11039
11041
11042
11043
11044
11045
11046
11047
11048
11049
11050
11053
11056
11059
11062
11064
11065
11066
11067
11068
11070
11071
11072
11073
11074
11075
11076
11077
11078
11079
11080
11082
11084
11085
11086
11087
11088
11089
11090
11091
11092
11093
11094
11095
11096
11097
11099
11100
11101
11102
11103
11104
11106
11107
11108
11109
11111
11112
11113
11114
11115
11117
11118
11119
11121
11123
11125
11128
11129
11130
11131
11132
11133
11134
11136
11137
11138
11139
11140
11141
11142
11145
11146
11147
11148
11149
11150
11152
11153
11154
11156
11157
11158
11159
11160
11161
11162
11164
11166
11167
11168
11169
11170
11171
11172
11173
11174
11176
11177
11178
11179
11180
11181
11183
11184
11185
11186
11187
11188
11189
11190
11191
11192
11193
11194
11195
11196
11197
11198
11201
11202
11206
11208
11209
11210
11211
11212
11213
11214
11215
11216
11217
11218
11219
11220
11221
11222
11224
11226
11228
11229
11230
11233
11235
11238
11240
11241
11242
11244
11245
11246
11247
11248
11251
11252
11253
11256
11257
11258
11259
11264
11265
11266
11267
11268
11269
11270
11271
11272
11273
11275
11276
11277
11279
11280
11281
11283
11285
11286
11288
11289
11290
11292
11294
11295
11296
11298
11299
11300
11301
11302
11303
11304
11306
11307
11308
11309
11310
11311
11312
11313
11314
11315
11316
11317
11318
11319
11320
11321
11322
11323
11324
11325
11328
11329
11330
11331
11332
11333
11334
11335
11336
11337
11340
11342
11344
11345
11346
11348
11349
11350
11352
11354
11355
11356
11357
11358
11359
11362
11363
11364
11365
11366
11368
11369
11372
11373
11374
11376
11377
11378
11380
11381
11382
11383
11384
11386
11387
11388
11389
11390
11391
11392
11393
11394
11396
11399
11400
11401
11402
11403
11404
11405
11406
11408
11411
11413
11414
11415
11417
11418
11419
11420
11422
11423
11425
11428
11429
11430
11431
11435
11436
11439
11442
11443
11444
11445
11446
11447
11448
11449
11450
11451
11452
11453
11454
11455
11456
11457
11458
11459
11460
11462
11463
11464
11465
11466
11467
11468
11469
11470
11471
11473
11474
11475
11476
11478
11480
11483
11484
11485
11486
11487
11488
11489
11490
11491
11492
11493
11494
11496
11497
11499
11502
11503
11504
11505
11506
11507
11508
11509
11510
11511
11513
11514
11517
11518
11519
11521
11522
11523
11525
11528
11529
11531
11532
11533
11534
11535
11536
11538
11539
11540
11541
11542
11544
11546
11547
11549
11551
11552
11554
11555
11556
11557
11558
11560
11561
11562
11563
11564
11565
11566
11567
11568
11569
11571
11573
11574
11576
11577
11578
11581
11582
11583
11585
11586
11588
11589
11590
11591
11594
11595
11596
11598
11600
11601
11603
11604
11605
11607
11608
11609
11610
11612
11613
11615
11616
11617
11618
11620
11621
11623
11624
11625
11626
11627
11628
11629
11630
11631
11632
11633
11635
11636
11638
11639
11640
11641
11642
11643
11644
11645
11646
11648
11649
11650
11651
11652
11653
11654
11655
11657
11658
11659
11662
11663
11664
11665
11666
11667
11668
11669
11670
11672
11673
11674
11675
11676
11677
11678
11679
11682
11685
11686
11688
11689
11690
11691
11692
11693
11695
11696
11697
11698
11699
11700
11701
11702
11704
11705
11706
11707
11708
11711
11712
11713
11714
11715
11716
11717
11718
11719
11720
11721
11722
11723
11724
11725
11726
11727
11729
11730
11731
11732
11733
11735
11736
11737
11738
11739
11741
11744
11745
11746
11747
11748
11750
11752
11753
11756
11757
11760
11761
11762
11763
11764
11765
11766
11768
11769
11770
11771
11772
11773
11774
11776
11777
11779
11781
11783
11785
11787
11788
11789
11791
11792
11795
11796
11798
11799
11800
11801
11802
11803
11805
11806
11809
11810
11811
11813
11814
11815
11816
11817
11818
11820
11821
11823
11824
11825
11826
11827
11828
11829
11830
11831
11832
11833
11834
11835
11836
11837
11838
11840
11841
11844
11846
11847
11848
11849
11850
11851
11854
11858
11859
11860
11861
11863
11864
11865
11867
11868
11869
11870
11871
11872
11873
11876
11877
11878
11880
11882
11884
11891
11894
11895
11896
11897
11898
11900
11901
11902
11906
11907
11908
11909
11912
11913
11916
11917
11918
11920
11921
11922
11923
11924
11925
11927
11928
11929
11930
11932
11933
11934
11935
11936
11937
11939
11940
11942
11943
11944
11947
11948
11949
11950
11952
11953
11954
11955
11956
11957
11958
11963
11964
11965
11966
11968
11970
11971
11972
11975
11976
11978
11979
11980
11981
11982
11983
11984
11985
11986
11987
11988
11989
11990
11991
11992
11993
11995
11996
11999
12003
12004
12005
12006
12007
12008
12009
12010
12011
12012
12014
12017
12018
12019
12022
12023
12024
12025
12027
12028
12029
12030
12031
12032
12034
12035
12036
12037
12038
12040
12041
12042
12043
12044
12045
12047
12048
12049
12050
12051
12052
12053
12054
12055
12056
12057
12058
12059
12060
12062
12063
12065
12066
12067
12068
12069
12070
12071
12072
12073
12074
12077
12078
12079
12080
12081
12083
12085
12086
12088
12089
12092
12093
12094
12095
12096
12098
12099
12101
12102
12103
12104
12105
12106
12107
12108
12109
12110
12111
12112
12113
12114
12117
12118
12119
12120
12122
12123
12124
12128
12129
12130
12131
12132
12133
12134
12135
12137
12138
12139
12142
12143
12144
12145
12146
12147
12148
12149
12150
12151
12152
12153
12155
12156
12157
12159
12161
12162
12163
12166
12167
12168
12169
12170
12171
12173
12176
12177
12179
12180
12181
12182
12183
12184
12185
12187
12188
12189
12191
12192
12193
12194
12195
12196
12197
12198
12199
12201
12203
12204
12205
12206
12209
12210
12211
12212
12213
12214
12217
12218
12219
12220
12221
12222
12224
12225
12226
12227
12228
12229
12230
12231
12233
12234
12236
12237
12238
12239
12240
12241
12242
12243
12244
12245
12246
12247
12248
12249
12250
12251
12253
12254
12255
12256
12257
12259
12260
12261
12262
12263
12264
12265
12266
12267
12269
12270
12271
12272
12273
12274
12275
12276
12278
12279
12284
12286
12287
12288
12289
12291
12292
12293
12295
12296
12297
12298
12300
12302
12303
12304
12305
12307
12308
12309
12312
12313
12314
12315
12316
12317
12318
12319
12320
12323
12324
12325
12326
12327
12328
12329
12333
12334
12335
12336
12337
12338
12339
12340
12341
12342
12343
12344
12348
12350
12351
12352
12353
12354
12355
12356
12357
12359
12360
12362
12364
12365
12366
12367
12368
12369
12370
12372
12373
12374
12377
12379
12380
12381
12382
12385
12386
12388
12389
12390
12391
12393
12394
12395
12396
12397
12398
12400
12403
12405
12406
12409
12410
12411
12413
12414
12415
12416
12417
12418
12419
12420
12421
12422
12423
12424
12425
12427
12428
12429
12430
12431
12432
12433
12434
12435
12439
12440
12441
12442
12443
12447
12448
12449
12450
12451
12452
12453
12454
12455
12456
12457
12460
12461
12462
12463
12464
12465
12466
12468
12469
12470
12472
12473
12475
12476
12477
12478
12479
12485
12486
12488
12489
12490
12492
12493
12494
12496
12497
12498
12499
12502
12503
12504
12506
12507
12508
12509
12510
12511
12512
12513
12514
12515
12516
12517
12519
12520
12521
12522
12523
12524
12525
12526
12527
12528
12529
12530
12531
12532
12533
12534
12535
12536
12537
12539
12540
12541
12542
12543
12544
12545
12546
12547
12548
12550
12552
12553
12555
12556
12557
12558
12559
12560
12561
12562
12565
12566
12567
12568
12570
12571
12572
12573
12574
12575
12576
12577
12580
12581
12582
12583
12585
12586
12587
12588
12589
12590
12591
12593
12594
12595
12596
12597
12598
12599
12600
12601
12602
12603
12604
12605
12606
12609
12610
12611
12612
12614
12615
12616
12619
12620
12621
12622
12625
12626
12627
12628
12629
12630
12631
12632
12633
12635
12637
12638
12639
12640
12641
12642
12643
12644
12645
12646
12647
12648
12649
12650
12651
12652
12655
12656
12657
12658
12659
12660
12661
12662
12663
12664
12665
12666
12668
12669
12670
12671
12672
12673
12674
12676
12677
12678
12679
12680
12681
12683
12684
12685
12688
12689
12691
12692
12693
12694
12695
12696
12697
12698
12699
12700
12702
12703
12704
12705
12706
12707
12708
12709
12710
12711
12712
12713
12714
12717
12721
12723
12724
12725
12727
12728
12729
12730
12731
12732
12733
12734
12735
12736
12737
12738
12739
12740
12743
12744
12745
12746
12749
12750
12751
12752
12753
12756
12758
12759
12760
12761
12764
12765
12766
12767
12768
12769
12770
12771
12772
12774
12776
12777
12778
12779
12781
12782
12783
12784
12788
12789
12790
12791
12792
12793
12794
12795
12796
12801
12802
12803
12805
12806
12807
12808
12809
12810
12811
12812
12813
12814
12816
12817
12819
12820
12822
12823
12824
12825
12827
12828
12829
12830
12831
12832
12833
12834
12835
12836
12838
12839
12840
12841
12842
12843
12847
12848
12849
12850
12851
12852
12853
12855
12857
12858
12859
12862
12863
12864
12866
12870
12871
12872
12873
12875
12876
12877
12878
12879
12880
12881
12882
12883
12884
12885
12887
12888
12889
12891
12892
12893
12894
12897
12898
12900
12901
12903
12906
12907
12910
12911
12912
12913
12914
12915
12916
12917
12918
12919
12920
12921
12922
12923
12924
12925
12926
12927
12928
12929
12931
12932
12933
12934
12935
12936
12937
12938
12942
12945
12946
12947
12948
12950
12952
12953
12954
12955
12956
12958
12959
12961
12962
12963
12964
12965
12966
12967
12968
12969
12970
12972
12973
12974
12975
12976
12977
12978
12979
12980
12981
12982
12983
12984
12985
12987
12988
12989
12990
12991
12993
12994
12995
12996
12997
12998
12999
13002
13004
13005
13007
13008
13009
13010
13011
13012
13013
13014
13015
13017
13018
13019
13020
13021
13022
13024
13025
13026
13028
13030
13031
13032
13033
13034
13035
13036
13038
13039
13041
13042
13043
13044
13045
13046
13047
13049
13050
13051
13052
13054
13055
13056
13057
13058
13059
13060
13062
13063
13064
13065
13066
13067
13068
13069
13071
13072
13073
13074
13075
13076
13077
13078
13080
13082
13083
13085
13088
13089
13091
13093
13095
13096
13098
13099
13101
13102
13103
13106
13108
13110
13111
13112
13113
13114
13115
13116
13117
13119
13120
13121
13122
13123
13124
13126
13127
13128
13130
13131
13132
13133
13134
13135
13136
13139
13140
13143
13144
13145
13146
13147
13148
13149
13151
13152
13153
13154
13155
13156
13157
13158
13159
13160
13161
13162
13164
13165
13166
13168
13170
13171
13172
13173
13174
13175
13176
13177
13178
13179
13180
13181
13182
13183
13184
13185
13186
13190
13192
13193
13195
13196
13198
13199
13200
13201
13203
13204
13208
13210
13211
13213
13215
13216
13217
13218
13219
13220
13221
13222
13225
13226
13229
13230
13233
13235
13236
13237
13239
13240
13241
13242
13247
13249
13251
13252
13253
13254
13255
13257
13258
13259
13260
13261
13262
13264
13265
13267
13268
13269
13270
13271
13272
13273
13274
13275
13276
13277
13278
13280
13282
13284
13287
13289
13290
13291
13292
13293
13294
13295
13296
13297
13298
13299
13301
13302
13304
13305
13306
13307
13308
13310
13313
13314
13317
13318
13319
13320
13322
13323
13324
13325
13327
13328
13329
13330
13331
13332
13333
13334
13336
13337
13338
13339
13340
13341
13343
13344
13346
13347
13348
13350
13351
13352
13353
13354
13355
13356
13357
13360
13361
13362
13363
13365
13369
13370
13371
13372
13374
13375
13376
13377
13378
13380
13381
13382
13383
13386
13387
13388
13390
13392
13394
13396
13397
13398
13399
13400
13402
13403
13404
13405
13406
13407
13408
13409
13410
13412
13413
13414
13415
13417
13418
13419
13420
13421
13422
13424
13425
13426
13427
13428
13429
13431
13432
13433
13434
13435
13436
13438
13439
13441
13442
13444
13445
13447
13448
13449
13453
13454
13456
13458
13459
13460
13461
13462
13463
13464
13465
13467
13468
13470
13471
13472
13473
13474
13476
13477
13478
13479
13480
13481
13482
13483
13484
13485
13486
13487
13488
13489
13490
13492
13493
13494
13495
13496
13498
13499
13500
13502
13504
13505
13506
13507
13508
13509
13511
13512
13513
13514
13515
13516
13518
13519
13520
13521
13522
13525
13527
13528
13531
13534
13535
13536
13537
13538
13541
13543
13544
13545
13546
13547
13548
13549
13550
13551
13552
13553
13554
13555
13556
13557
13558
13560
13561
13562
13563
13564
13565
13568
13569
13571
13572
13573
13574
13575
13576
13578
13579
13580
13581
13582
13583
13584
13585
13589
13591
13592
13593
13594
13596
13597
13598
13599
13600
13601
13602
13603
13604
13605
13606
13607
13608
13610
13611
13612
13614
13615
13616
13617
13618
13620
13621
13622
13623
13624
13625
13626
13628
13631
13632
13633
13634
13635
13637
13638
13639
13640
13641
13642
13643
13644
13645
13646
13647
13648
13649
13651
13652
13653
13654
13655
13656
13657
13659
13660
13661
13662
13663
13667
13668
13671
13672
13673
13674
13675
13676
13678
13679
13680
13683
13684
13685
13687
13688
13689
13690
13691
13693
13695
13696
13697
13698
13699
13700
13701
13702
13703
13704
13705
13706
13708
13712
13713
13715
13716
13717
13718
13720
13721
13722
13723
13724
13725
13726
13727
13730
13731
13732
13733
13734
13735
13736
13737
13739
13741
13742
13743
13745
13746
13747
13748
13750
13751
13753
13754
13757
13759
13760
13761
13762
13763
13764
13767
13768
13769
13770
13771
13772
13773
13774
13775
13776
13777
13778
13779
13780
13782
13785
13787
13788
13789
13790
13792
13794
13797
13799
13800
13801
13802
13803
13804
13805
13811
13812
13814
13817
13818
13820
13821
13822
13823
13824
13825
13827
13828
13829
13831
13832
13833
13835
13837
13838
13840
13841
13842
13843
13844
13845
13846
13847
13849
13850
13851
13852
13853
13854
13855
13856
13859
13860
13862
13863
13866
13867
13870
13871
13873
13874
13875
13876
13877
13878
13879
13882
13884
13885
13888
13889
13891
13892
13893
13896
13898
13899
13900
13901
13904
13905
13906
13908
13909
13912
13914
13915
13916
13917
13919
13920
13921
13923
13924
13925
13926
13927
13930
13931
13932
13933
13934
13935
13936
13937
13938
13939
13940
13941
13943
13946
13947
13948
13949
13950
13951
13955
13956
13959
13961
13962
13963
13965
13970
13972
13974
13976
13977
13979
13980
13981
13982
13984
13985
13987
13988
13989
13991
13993
13996
13997
13998
13999
14000
14001
14002
14003
14007
14009
14010
14012
14013
14014
14016
14017
14018
14019
14020
14021
14022
14025
14026
14027
14029
14031
14032
14033
14035
14036
14037
14038
14039
14040
14041
14042
14043
14046
14047
14048
14049
14050
14052
14054
14056
14057
14059
14060
14062
14063
14064
14065
14066
14067
14069
14070
14071
14072
14073
14074
14075
14076
14077
14083
14085
14086
14087
14088
14091
14093
14094
14095
14096
14097
14098
14099
14100
14102
14103
14104
14105
14106
14107
14109
14110
14111
14113
14114
14115
14117
14118
14119
14120
14121
14123
14124
14125
14126
14127
14128
14129
14130
14131
14133
14134
14138
14139
14140
14142
14143
14144
14145
14147
14148
14149
14150
14151
14153
14154
14156
14157
14160
14161
14162
14163
14164
14167
14168
14169
14170
14171
14172
14173
14174
14175
14176
14177
14178
14179
14180
14181
14182
14184
14186
14187
14188
14189
14190
14193
14194
14195
14196
14197
14198
14199
14201
14202
14203
14204
14205
14206
14208
14209
14210
14212
14213
14214
14216
14217
14219
14220
14221
14222
14226
14227
14228
14229
14230
14231
14234
14235
14237
14238
14239
14240
14241
14242
14243
14244
14245
14247
14249
14250
14251
14253
14254
14255
14256
14257
14258
14259
14260
14261
14265
14266
14267
14269
14272
14273
14274
14276
14277
14278
14279
14280
14281
14282
14283
14284
14285
14286
14288
14289
14290
14291
14295
14296
14297
14298
14299
14300
14301
14302
14303
14305
14306
14308
14310
14311
14312
14313
14314
14315
14316
14317
14318
14320
14323
14324
14325
14326
14327
14328
14329
14330
14332
14333
14335
14336
14337
14338
14339
14340
14341
14342
14343
14347
14348
14349
14351
14353
14354
14355
14356
14357
14358
14359
14360
14361
14362
14363
14364
14365
14366
14367
14371
14372
14375
14376
14377
14378
14381
14382
14383
14384
14385
14386
14388
14389
14391
14392
14394
14395
14396
14398
14399
14401
14402
14403
14404
14406
14407
14408
14411
14413
14414
14415
14417
14419
14421
14422
14423
14424
14425
14426
14427
14429
14430
14431
14433
14435
14436
14437
14438
14439
14440
14441
14442
14444
14445
14447
14451
14452
14453
14454
14455
14457
14459
14462
14467
14468
14469
14471
14472
14473
14477
14478
14482
14483
14484
14486
14487
14488
14489
14490
14491
14492
14493
14494
14495
14496
14498
14499
14501
14502
14504
14506
14507
14508
14509
14510
14511
14512
14513
14514
14515
14516
14517
14518
14520
14521
14522
14523
14524
14525
14526
14527
14529
14530
14531
14532
14533
14534
14535
14537
14538
14539
14540
14541
14543
14546
14547
14548
14549
14551
14552
14553
14554
14555
14557
14558
14560
14561
14562
14563
14565
14568
14569
14570
14571
14572
14573
14574
14576
14577
14579
14581
14582
14583
14584
14585
14586
14587
14588
14589
14592
14593
14596
14598
14599
14600
14601
14602
14603
14604
14605
14606
14608
14609
14611
14612
14613
14614
14615
14616
14619
14620
14621
14622
14624
14626
14628
14630
14632
14633
14634
14635
14636
14637
14638
14639
14640
14641
14642
14643
14644
14645
14646
14649
14650
14651
14652
14653
14654
14655
14657
14659
14660
14661
14662
14663
14665
14666
14667
14668
14669
14670
14671
14677
14678
14679
14680
14681
14682
14683
14684
14685
14686
14687
14688
14689
14690
14692
14695
14696
14697
14700
14701
14702
14705
14706
14707
14708
14709
14710
14711
14712
14713
14715
14720
14721
14723
14724
14725
14726
14727
14729
14730
14731
14733
14734
14735
14737
14738
14740
14741
14742
14743
14746
14748
14749
14750
14753
14755
14756
14757
14759
14761
14762
14763
14765
14766
14767
14768
14769
14771
14772
14773
14774
14775
14776
14778
14780
14781
14783
14784
14785
14787
14789
14791
14792
14793
14794
14796
14797
14798
14799
14800
14801
14803
14804
14807
14808
14809
14810
14812
14813
14814
14816
14817
14818
14819
14820
14821
14822
14823
14825
14826
14828
14830
14832
14834
14835
14836
14838
14842
14843
14845
14846
14847
14848
14849
14850
14851
14854
14855
14856
14857
14858
14859
14860
14862
14863
14864
14865
14866
14867
14868
14869
14870
14872
14873
14874
14876
14879
14880
14881
14882
14883
14884
14885
14886
14887
14888
14889
14890
14891
14893
14896
14897
14900
14902
14903
14904
14905
14906
14907
14908
14910
14911
14913
14914
14915
14916
14917
14918
14919
14920
14921
14925
14926
14928
14929
14931
14933
14935
14936
14937
14939
14940
14941
14942
14943
14944
14947
14949
14950
14952
14953
14954
14955
14956
14957
14959
14963
14964
14965
14967
14969
14970
14971
14973
14974
14976
14977
14978
14979
14980
14981
14982
14983
14984
14985
14986
14987
14988
14989
14991
14993
14994
14995
14996
14997
14999
15000
15001
15003
15004
15005
15006
15007
15008
15009
15010
15011
15012
15013
15014
15015
15016
15017
15018
15019
15020
15021
15022
15024
15025
15027
15029
15030
15031
15033
15035
15036
15038
15039
15040
15041
15042
15044
15045
15046
15047
15049
15050
15051
15053
15054
15055
15056
15057
15058
15059
15061
15062
15064
15067
15069
15071
15072
15073
15075
15076
15077
15078
15079
15080
15081
15082
15083
15086
15087
15088
15089
15090
15091
15092
15096
15097
15100
15101
15102
15103
15104
15106
15107
15108
15111
15112
15115
15116
15117
15118
15121
15122
15123
15124
15125
15127
15128
15129
15130
15132
15133
15134
15135
15136
15137
15138
15139
15140
15141
15142
15143
15144
15145
15146
15147
15150
15152
15153
15154
15157
15158
15160
15161
15164
15165
15166
15167
15170
15172
15173
15174
15175
15176
15177
15178
15180
15181
15182
15183
15185
15186
15187
15188
15189
15190
15191
15192
15194
15195
15197
15198
15201
15202
15203
15204
15205
15206
15207
15209
15211
15212
15213
15214
15215
15216
15217
15220
15221
15222
15223
15224
15227
15230
15231
15232
15233
15234
15235
15236
15237
15238
15239
15241
15242
15243
15245
15246
15248
15249
15251
15253
15254
15255
15257
15258
15259
15260
15261
15264
15265
15267
15268
15269
15270
15271
15272
15273
15274
15275
15276
15278
15279
15281
15282
15284
15285
15286
15287
15289
15290
15291
15292
15293
15294
15297
15298
15301
15302
15303
15305
15306
15310
15313
15314
15316
15317
15318
15319
15320
15321
15322
15323
15324
15325
15326
15327
15328
15329
15330
15331
15333
15334
15335
15336
15339
15340
15342
15343
15345
15346
15347
15348
15350
15351
15352
15353
15354
15355
15356
15357
15358
15359
15361
15362
15365
15366
15367
15368
15369
15370
15371
15372
15373
15376
15377
15379
15380
15381
15382
15383
15385
15386
15387
15390
15392
15393
15394
15395
15396
15398
15399
15400
15401
15402
15403
15406
15408
15409
15411
15412
15414
15415
15416
15417
15422
15423
15424
15426
15427
15428
15430
15431
15432
15433
15434
15435
15436
15437
15438
15439
15441
15442
15443
15444
15445
15447
15451
15452
15453
15454
15455
15456
15457
15458
15459
15460
15461
15462
15463
15464
15467
15468
15469
15471
15472
15474
15475
15476
15477
15478
15480
15481
15482
15484
15486
15487
15488
15489
15490
15491
15493
15496
15497
15498
15499
15500
15502
15503
15504
15505
15507
15510
15512
15513
15514
15515
15516
15518
15519
15520
15521
15522
15523
15525
15526
15527
15529
15530
15531
15532
15533
15534
15535
15536
15537
15538
15541
15542
15543
15545
15548
15550
15551
15552
15553
15554
15555
15556
15557
15558
15559
15561
15562
15563
15564
15565
15566
15567
15568
15569
15570
15571
15572
15574
15575
15576
15577
15578
15579
15580
15582
15583
15585
15586
15587
15588
15590
15591
15592
15593
15594
15595
15596
15598
15599
15601
15603
15604
15605
15607
15608
15610
15611
15612
15614
15615
15616
15617
15618
15619
15620
15621
15622
15624
15625
15627
15628
15630
15632
15633
15634
15635
15636
15637
15638
15639
15640
15641
15643
15645
15648
15650
15651
15652
15653
15654
15655
15656
15657
15658
15659
15661
15662
15664
15667
15668
15669
15670
15671
15674
15676
15677
15679
15680
15682
15683
15685
15686
15687
15689
15690
15691
15692
15693
15695
15696
15698
15700
15701
15702
15703
15706
15709
15710
15715
15717
15719
15720
15723
15725
15726
15727
15730
15731
15732
15734
15735
15736
15737
15739
15740
15741
15743
15745
15746
15747
15748
15749
15752
15755
15756
15757
15759
15760
15761
15762
15763
15764
15765
15766
15767
15769
15770
15771
15772
15773
15774
15777
15779
15781
15782
15784
15786
15787
15788
15790
15792
15793
15794
15795
15797
15798
15799
15801
15802
15803
15804
15805
15806
15808
15809
15811
15812
15815
15816
15817
15819
15821
15822
15823
15824
15827
15828
15829
15830
15831
15832
15833
15834
15835
15836
15837
15838
15839
15841
15843
15845
15846
15847
15848
15849
15851
15852
15853
15854
15855
15856
15858
15859
15860
15861
15862
15863
15864
15865
15866
15867
15869
15870
15871
15874
15875
15877
15878
15879
15880
15881
15882
15883
15884
15885
15886
15887
15888
15890
15891
15892
15893
15894
15895
15896
15898
15899
15900
15901
15903
15905
15906
15907
15908
15909
15911
15912
15913
15915
15916
15920
15922
15924
15925
15926
15928
15929
15930
15931
15933
15936
15937
15938
15939
15942
15943
15944
15946
15947
15948
15949
15950
15951
15952
15953
15954
15955
15956
15959
15960
15961
15962
15964
15965
15967
15968
15969
15970
15971
15972
15974
15975
15977
15978
15979
15980
15981
15982
15983
15985
15986
15987
15989
15991
15992
15993
15994
15995
15996
15997
15998
15999
16001
16002
16004
16005
16007
16008
16009
16010
16011
16012
16013
16014
16016
16017
16018
16019
16021
16022
16023
16025
16026
16027
16028
16030
16031
16033
16034
16036
16038
16040
16043
16044
16046
16047
16048
16049
16051
16054
16055
16056
16059
16060
16061
16062
16063
16065
16066
16067
16068
16070
16071
16072
16073
16074
16075
16076
16077
16078
16079
16080
16081
16082
16086
16091
16092
16093
16094
16095
16096
16097
16098
16100
16101
16102
16103
16104
16105
16106
16107
16108
16110
16112
16113
16116
16117
16118
16119
16122
16123
16124
16125
16126
16129
16130
16131
16132
16133
16134
16135
16137
16139
16141
16142
16143
16144
16145
16146
16147
16148
16150
16151
16152
16154
16155
16156
16157
16158
16160
16162
16164
16165
16167
16169
16170
16171
16172
16173
16175
16176
16177
16179
16180
16181
16182
16183
16185
16186
16187
16188
16189
16190
16191
16192
16193
16194
16195
16196
16198
16199
16200
16201
16202
16204
16205
16206
16207
16208
16209
16214
16215
16216
16217
16220
16221
16222
16223
16224
16225
16226
16227
16228
16229
16230
16231
16232
16233
16234
16237
16238
16239
16240
16241
16242
16243
16244
16245
16246
16247
16249
16250
16251
16253
16254
16255
16256
16258
16261
16262
16263
16264
16265
16266
16267
16269
16270
16271
16273
16275
16276
16278
16279
16280
16281
16282
16283
16285
16287
16288
16289
16290
16292
16293
16296
16297
16298
16300
16301
16302
16304
16306
16307
16308
16309
16310
16311
16313
16315
16316
16318
16320
16321
16322
16323
16324
16325
16327
16329
16330
16331
16333
16336
16337
16338
16339
16340
16342
16343
16344
16345
16348
16349
16350
16351
16352
16353
16354
16355
16356
16358
16359
16360
16362
16364
16366
16368
16369
16371
16372
16373
16374
16375
16378
16380
16381
16382
16383
16385
16386
16388
16391
16393
16394
16395
16396
16397
16399
16400
16402
16403
16404
16406
16407
16409
16410
16411
16412
16413
16414
16415
16416
16417
16418
16419
16420
16421
16423
16427
16428
16429
16430
16433
16435
16436
16437
16440
16442
16443
16446
16447
16448
16449
16451
16452
16454
16455
16456
16457
16458
16460
16463
16464
16466
16467
16468
16469
16470
16474
16475
16476
16477
16478
16480
16482
16483
16484
16485
16486
16487
16489
16490
16491
16492
16493
16494
16495
16497
16499
16500
16501
16503
16508
16511
16512
16513
16514
16515
16516
16518
16519
16520
16521
16522
16523
16524
16525
16526
16527
16529
16531
16532
16533
16534
16535
16536
16537
16538
16541
16543
16544
16545
16546
16547
16549
16550
16551
16552
16553
16555
16556
16557
16559
16560
16561
16562
16563
16565
16566
16570
16572
16573
16574
16575
16576
16577
16578
16579
16580
16582
16583
16584
16585
16586
16587
16588
16590
16591
16592
16593
16596
16597
16598
16599
16600
16601
16602
16603
16604
16605
16606
16607
16608
16612
16615
16617
16618
16619
16620
16621
16622
16623
16624
16625
16626
16627
16628
16631
16633
16635
16636
16639
16640
16641
16642
16643
16645
16646
16648
16649
16650
16651
16652
16653
16654
16656
16658
16659
16661
16663
16665
16666
16668
16669
16670
16671
16672
16673
16674
16676
16678
16680
16681
16683
16684
16685
16687
16690
16691
16693
16694
16695
16696
16698
16699
16700
16701
16702
16703
16705
16706
16707
16708
16709
16710
16711
16712
16713
16714
16715
16716
16718
16720
16721
16723
16727
16730
16731
16732
16734
16735
16736
16737
16739
16740
16741
16742
16743
16744
16745
16747
16748
16749
16750
16751
16752
16753
16754
16755
16756
16757
16758
16759
16761
16762
16763
16764
16765
16767
16768
16770
16772
16773
16774
16775
16776
16779
16781
16782
16783
16785
16786
16790
16792
16793
16796
16797
16798
16800
16801
16803
16804
16805
16806
16809
16810
16811
16812
16813
16815
16816
16817
16818
16819
16821
16822
16823
16824
16826
16827
16828
16829
16830
16831
16834
16835
16836
16838
16842
16843
16844
16845
16846
16847
16848
16849
16850
16851
16852
16853
16854
16855
16856
16857
16858
16859
16860
16863
16864
16865
16866
16868
16870
16871
16872
16873
16874
16875
16878
16879
16880
16881
16883
16884
16885
16886
16887
16889
16891
16892
16893
16895
16896
16897
16898
16899
16902
16905
16906
16907
16908
16909
16910
16911
16912
16915
16916
16917
16918
16919
16920
16921
16922
16923
16924
16925
16928
16929
16930
16931
16932
16933
16934
16936
16937
16938
16939
16940
16941
16942
16944
16948
16949
16950
16951
16952
16953
16954
16955
16956
16957
16958
16960
16962
16965
16967
16969
16970
16971
16972
16973
16975
16976
16977
16978
16979
16980
16983
16988
16989
16990
16991
16992
16993
16994
16997
16998
16999
17000
17001
17002
17005
17008
17009
17011
17013
17014
17015
17016
17017
17019
17020
17021
17022
17023
17025
17026
17027
17028
17029
17033
17034
17036
17037
17039
17040
17041
17042
17044
17045
17046
17047
17048
17049
17050
17054
17056
17057
17059
17060
17061
17062
17064
17065
17066
17067
17068
17069
17070
17073
17074
17075
17076
17078
17079
17080
17081
17082
17084
17085
17086
17088
17089
17091
17092
17093
17095
17096
17097
17098
17099
17100
17103
17104
17105
17106
17109
17110
17111
17112
17113
17114
17115
17118
17119
17120
17121
17122
17123
17124
17126
17127
17128
17130
17133
17134
17135
17136
17137
17138
17139
17140
17141
17142
17143
17145
17146
17148
17149
17150
17152
17153
17155
17156
17157
17158
17159
17161
17165
17167
17168
17169
17170
17172
17175
17177
17179
17180
17181
17184
17185
17186
17188
17190
17192
17193
17195
17196
17197
17200
17201
17202
17203
17204
17206
17207
17208
17209
17210
17212
17213
17215
17216
17217
17219
17220
17221
17222
17223
17224
17226
17227
17229
17232
17233
17235
17236
17237
17239
17240
17241
17242
17243
17244
17245
17247
17248
17250
17255
17256
17257
17258
17259
17260
17261
17262
17264
17266
17268
17269
17270
17271
17272
17273
17274
17275
17276
17277
17278
17279
17282
17283
17286
17287
17288
17289
17291
17292
17293
17294
17295
17296
17297
17298
17299
17300
17301
17303
17304
17305
17306
17307
17308
17309
17310
17312
17313
17315
17318
17319
17320
17321
17323
17324
17325
17326
17327
17328
17329
17332
17333
17334
17335
17336
17337
17338
17339
17340
17341
17342
17344
17345
17346
17347
17349
17351
17352
17353
17354
17355
17356
17357
17358
17360
17361
17363
17364
17365
17366
17367
17368
17369
17370
17371
17373
17375
17377
17378
17379
17381
17382
17383
17384
17386
17387
17388
17389
17390
17391
17392
17393
17394
17397
17399
17401
17402
17404
17405
17407
17408
17409
17410
17411
17413
17414
17415
17416
17417
17419
17420
17421
17422
17424
17425
17426
17428
17429
17430
17431
17434
17435
17436
17438
17439
17442
17443
17444
17445
17446
17447
17448
17450
17451
17452
17453
17454
17455
17457
17458
17460
17461
17463
17464
17465
17467
17469
17471
17473
17474
17476
17478
17479
17480
17483
17484
17485
17486
17488
17489
17492
17493
17494
17495
17496
17497
17499
17500
17501
17502
17503
17504
17506
17507
17508
17509
17510
17511
17513
17514
17516
17518
17519
17520
17522
17523
17524
17525
17526
17528
17529
17531
17532
17534
17535
17537
17538
17539
17540
17541
17542
17543
17544
17545
17548
17550
17551
17552
17554
17555
17557
17558
17561
17562
17563
17564
17565
17566
17568
17569
17570
17571
17572
17573
17574
17575
17576
17577
17578
17580
17581
17582
17583
17584
17586
17587
17588
17589
17590
17591
17592
17593
17594
17595
17596
17598
17599
17600
17602
17603
17604
17606
17608
17609
17610
17611
17612
17613
17617
17618
17621
17622
17623
17625
17626
17627
17628
17629
17632
17634
17636
17637
17638
17639
17641
17643
17644
17645
17647
17648
17649
17650
17651
17654
17655
17657
17658
17661
17662
17664
17666
17669
17670
17671
17673
17674
17675
17676
17678
17679
17680
17681
17682
17683
17684
17685
17686
17687
17688
17690
17691
17693
17694
17695
17696
17697
17698
17699
17700
17701
17702
17703
17704
17707
17708
17709
17711
17712
17713
17716
17717
17718
17719
17720
17721
17722
17724
17725
17726
17727
17728
17729
17730
17731
17732
17734
17735
17736
17737
17738
17739
17740
17741
17742
17743
17746
17748
17749
17752
17755
17756
17757
17758
17759
17760
17761
17762
17763
17767
17768
17769
17770
17771
17772
17773
17774
17776
17777
17778
17779
17780
17781
17782
17783
17784
17786
17787
17789
17790
17791
17792
17793
17794
17795
17796
17797
17798
17799
17800
17801
17804
17807
17809
17810
17811
17813
17814
17815
17817
17818
17820
17822
17823
17824
17825
17826
17827
17828
17829
17830
17832
17833
17834
17835
17836
17838
17839
17841
17842
17843
17845
17846
17848
17849
17850
17851
17853
17854
17855
17856
17860
17862
17863
17864
17866
17867
17868
17872
17873
17874
17875
17876
17879
17880
17881
17882
17884
17885
17886
17887
17888
17889
17890
17891
17892
17893
17894
17895
17896
17899
17900
17901
17902
17903
17905
17906
17907
17908
17909
17911
17914
17916
17917
17918
17920
17921
17922
17923
17924
17926
17927
17928
17929
17931
17932
17933
17934
17938
17940
17941
17942
17943
17944
17947
17948
17949
17950
17952
17953
17955
17956
17957
17959
17960
17961
17963
17965
17967
17968
17969
17970
17971
17973
17974
17976
17978
17981
17982
17983
17984
17985
17986
17987
17988
17989
17990
17991
17992
17993
17994
17996
17997
17998
17999
18000
18001
18003
18004
18005
18007
18009
18010
18011
18012
18013
18014
18015
18016
18018
18019
18021
18024
18025
18026
18028
18030
18032
18034
18035
18036
18039
18040
18041
18043
18045
18046
18047
18048
18049
18050
18052
18053
18054
18055
18056
18058
18059
18060
18061
18062
18064
18065
18066
18067
18068
18069
18070
18072
18073
18074
18075
18077
18078
18079
18080
18081
18082
18083
18084
18085
18086
18087
18088
18090
18091
18093
18094
18095
18096
18098
18099
18100
18101
18102
18103
18104
18105
18106
18108
18111
18112
18114
18115
18117
18118
18119
18121
18122
18124
18125
18126
18128
18129
18130
18131
18133
18134
18135
18136
18137
18139
18141
18142
18143
18144
18145
18147
18149
18150
18151
18152
18154
18156
18157
18158
18159
18160
18161
18162
18163
18164
18165
18166
18167
18168
18169
18170
18172
18173
18174
18175
18177
18178
18179
18180
18181
18182
18183
18184
18186
18187
18188
18189
18190
18191
18192
18195
18197
18198
18199
18201
18202
18203
18204
18205
18206
18207
18208
18209
18210
18211
18212
18213
18214
18215
18216
18217
18218
18219
18220
18221
18222
18223
18224
18225
18227
18228
18229
18230
18231
18233
18234
18235
18236
18237
18240
18241
18242
18243
18245
18246
18248
18249
18250
18251
18252
18253
18254
18258
18260
18261
18262
18263
18264
18265
18266
18268
18269
18271
18273
18276
18277
18278
18279
18280
18281
18282
18283
18290
18293
18294
18295
18297
18298
18300
18303
18304
18306
18307
18308
18309
18310
18311
18312
18313
18314
18316
18318
18320
18321
18322
18323
18324
18325
18326
18327
18329
18330
18331
18332
18333
18335
18336
18338
18339
18340
18341
18342
18344
18345
18346
18347
18349
18351
18352
18353
18354
18355
18356
18357
18359
18360
18361
18363
18365
18366
18367
18368
18369
18371
18372
18373
18374
18375
18377
18379
18381
18382
18383
18384
18385
18386
18388
18390
18391
18394
18395
18396
18398
18400
18401
18404
18405
18406
18407
18408
18409
18410
18411
18413
18414
18416
18417
18418
18419
18420
18421
18422
18423
18425
18426
18427
18428
18433
18434
18437
18439
18440
18443
18444
18446
18449
18450
18451
18452
18453
18455
18456
18457
18458
18459
18460
18461
18462
18464
18465
18466
18467
18468
18472
18474
18475
18476
18477
18479
18482
18483
18484
18486
18487
18488
18490
18493
18494
18495
18496
18497
18499
18500
18501
18502
18503
18504
18505
18506
18507
18510
18511
18512
18513
18514
18515
18517
18519
18521
18522
18523
18524
18525
18526
18528
18529
18530
18531
18534
18535
18536
18537
18538
18539
18540
18542
18543
18545
18547
18548
18549
18551
18553
18554
18555
18556
18557
18558
18561
18562
18563
18564
18565
18566
18567
18568
18570
18571
18572
18577
18579
18580
18581
18582
18583
18584
18585
18586
18587
18588
18591
18592
18593
18594
18595
18597
18598
18600
18601
18603
18604
18610
18611
18616
18617
18618
18619
18621
18622
18625
18626
18628
18629
18630
18631
18632
18635
18636
18637
18638
18640
18641
18642
18643
18644
18645
18646
18647
18649
18651
18652
18654
18655
18656
18657
18658
18659
18660
18661
18662
18663
18664
18665
18666
18667
18668
18669
18670
18671
18673
18674
18675
18677
18678
18680
18681
18682
18683
18685
18686
18687
18688
18689
18691
18693
18694
18695
18697
18699
18701
18702
18704
18705
18707
18709
18711
18712
18713
18715
18716
18717
18718
18719
18721
18722
18723
18724
18725
18726
18727
18728
18729
18730
18731
18732
18733
18734
18736
18738
18739
18740
18741
18745
18746
18747
18748
18749
18751
18752
18753
18754
18755
18756
18758
18761
18762
18763
18764
18765
18767
18768
18769
18770
18771
18772
18773
18774
18775
18777
18778
18779
18780
18784
18785
18786
18787
18788
18789
18790
18791
18792
18793
18794
18795
18796
18797
18798
18799
18800
18801
18804
18805
18806
18807
18809
18811
18814
18815
18817
18818
18821
18822
18823
18824
18825
18826
18829
18830
18831
18832
18834
18835
18836
18837
18838
18839
18840
18841
18842
18844
18845
18847
18848
18850
18852
18853
18856
18857
18859
18860
18861
18862
18863
18864
18865
18867
18868
18869
18871
18872
18873
18874
18876
18877
18880
18881
18882
18884
18885
18886
18887
18888
18889
18890
18894
18895
18896
18897
18898
18902
18903
18904
18906
18908
18909
18915
18916
18917
18918
18922
18923
18924
18926
18927
18928
18929
18930
18931
18933
18934
18936
18937
18938
18940
18941
18942
18943
18944
18945
18946
18949
18950
18951
18952
18953
18954
18955
18956
18957
18959
18960
18961
18963
18964
18966
18967
18968
18969
18971
18973
18974
18975
18976
18977
18978
18979
18980
18981
18982
18983
18985
18988
18989
18990
18991
18992
18993
18994
18995
18998
18999
19000
19001
19002
19003
19004
19005
19007
19009
19010
19011
19012
19013
19014
19015
19016
19017
19018
19019
19020
19023
19026
19027
19028
19029
19030
19031
19032
19033
19034
19035
19036
19037
19039
19040
19041
19042
19043
19046
19047
19048
19049
19050
19051
19056
19057
19061
19062
19063
19064
19066
19068
19069
19070
19071
19076
19077
19078
19079
19080
19081
19082
19083
19084
19085
19086
19087
19088
19091
19093
19095
19096
19098
19099
19100
19102
19103
19104
19105
19106
19107
19108
19109
19112
19113
19114
19115
19116
19117
19118
19119
19120
19123
19124
19126
19127
19128
19131
19132
19133
19134
19135
19137
19138
19140
19141
19143
19144
19145
19146
19147
19150
19151
19152
19153
19154
19155
19156
19157
19158
19159
19160
19163
19164
19165
19166
19167
19168
19169
19170
19172
19174
19175
19176
19177
19178
19179
19181
19182
19183
19184
19186
19187
19188
19189
19190
19191
19192
19194
19196
19198
19199
19200
19201
19202
19204
19205
19206
19207
19208
19210
19211
19212
19213
19214
19216
19217
19219
19221
19222
19223
19224
19225
19227
19228
19229
19230
19232
19235
19237
19239
19241
19242
19243
19244
19245
19248
19249
19250
19251
19254
19255
19256
19257
19258
19259
19260
19262
19263
19264
19265
19266
19267
19268
19269
19270
19271
19273
19274
19275
19276
19277
19278
19279
19280
19281
19282
19283
19284
19285
19286
19288
19289
19291
19292
19293
19294
19295
19296
19297
19298
19300
19301
19306
19307
19308
19309
19310
19312
19313
19314
19315
19316
19317
19319
19320
19321
19324
19326
19327
19328
19330
19331
19333
19334
19335
19337
19338
19339
19342
19343
19344
19345
19346
19347
19348
19349
19350
19351
19352
19355
19356
19357
19358
19359
19360
19361
19363
19364
19365
19366
19368
19369
19370
19371
19375
19376
19377
19378
19380
19381
19382
19383
19384
19385
19386
19387
19389
19390
19392
19393
19394
19395
19396
19397
19398
19399
19400
19402
19404
19405
19406
19407
19408
19411
19412
19414
19415
19416
19417
19420
19421
19422
19423
19425
19427
19428
19431
19432
19434
19435
19437
19438
19439
19440
19441
19442
19443
19444
19445
19446
19447
19448
19449
19452
19453
19455
19456
19458
19459
19460
19461
19462
19463
19464
19465
19468
19469
19470
19471
19473
19475
19476
19477
19478
19479
19480
19481
19484
19485
19486
19487
19489
19490
19491
19494
19495
19497
19498
19499
19500
19501
19504
19505
19506
19508
19511
19512
19513
19514
19517
19518
19519
19520
19521
19523
19524
19525
19527
19528
19529
19532
19533
19535
19537
19538
19539
19540
19541
19543
19546
19547
19548
19553
19554
19555
19556
19558
19559
19560
19561
19562
19563
19564
19565
19566
19567
19568
19569
19570
19571
19572
19573
19574
19575
19576
19578
19579
19580
19583
19584
19585
19586
19587
19589
19590
19595
19597
19599
19600
19601
19602
19603
19604
19605
19607
19609
19610
19612
19613
19614
19615
19617
19618
19619
19620
19622
19624
19625
19626
19627
19628
19629
19630
19631
19632
19633
19635
19636
19637
19638
19639
19640
19642
19643
19644
19646
19647
19648
19649
19650
19651
19652
19653
19654
19655
19656
19658
19659
19661
19662
19663
19664
19665
19666
19667
19668
19669
19670
19671
19672
19676
19677
19678
19679
19680
19682
19683
19684
19685
19686
19687
19688
19689
19690
19691
19692
19694
19695
19696
19697
19698
19699
19700
19701
19702
19703
19704
19706
19709
19710
19712
19713
19714
19716
19717
19719
19720
19721
19722
19723
19724
19725
19726
19728
19729
19731
19732
19734
19736
19738
19739
19740
19741
19742
19744
19745
19748
19750
19751
19752
19754
19755
19756
19757
19758
19759
19760
19761
19763
19764
19765
19766
19767
19768
19771
19772
19774
19776
19777
19778
19779
19780
19781
19782
19783
19784
19785
19787
19788
19789
19790
19791
19792
19793
19794
19795
19796
19797
19798
19799
19800
19802
19803
19804
19806
19807
19808
19810
19811
19812
19813
19814
19815
19816
19818
19819
19820
19822
19823
19824
19825
19826
19827
19828
19829
19830
19831
19832
19833
19834
19835
19836
19837
19838
19841
19842
19843
19844
19845
19846
19847
19848
19849
19850
19851
19854
19855
19856
19857
19858
19859
19861
19862
19863
19864
19865
19866
19867
19868
19869
19870
19871
19872
19874
19875
19876
19877
19878
19879
19880
19882
19883
19884
19885
19887
19890
19893
19894
19895
19897
19898
19899
19900
19901
19902
19903
19904
19905
19907
19911
19912
19913
19914
19915
19916
19917
19919
19920
19922
19924
19926
19927
19928
19929
19931
19932
19934
19935
19936
19937
19939
19940
19941
19942
19943
19945
19948
19949
19950
19951
19952
19953
19954
19956
19957
19958
19959
19960
19961
19962
19963
19964
19965
19966
19967
19969
19971
19972
19973
19974
19975
19976
19977
19978
19980
19981
19983
19985
19986
19987
19988
19989
19990
19991
19993
19994
19995
19996
19997
19998
19999
20002
20003
20004
20005
20006
20007
20008
20010
20011
20012
20013
20014
20015
20016
20017
20019
20020
20021
20022
20023
20025
20026
20027
20028
20029
20031
20032
20033
20036
20037
20038
20039
20040
20041
20044
20045
20046
20047
20048
20049
20050
20051
20052
20053
20054
20055
20056
20057
20058
20060
20061
20062
20064
20065
20066
20067
20068
20069
20070
20072
20073
20074
20075
20076
20077
20080
20081
20083
20084
20085
20086
20089
20090
20091
20092
20093
20094
20095
20096
20097
20098
20099
20101
20102
20103
20104
20105
20106
20107
20108
20109
20110
20112
20113
20114
20116
20117
20119
20120
20121
20122
20123
20124
20126
20127
20128
20129
20131
20135
20136
20137
20139
20140
20141
20142
20143
20145
20146
20147
20148
20149
20150
20151
20152
20153
20154
20155
20156
20157
20159
20160
20163
20164
20165
20166
20169
20172
20173
20174
20175
20176
20177
20179
20181
20182
20183
20185
20186
20190
20192
20193
20194
20196
20197
20199
20200
20201
20202
20203
20204
20205
20206
20207
20208
20210
20211
20212
20213
20214
20215
20216
20218
20219
20220
20221
20222
20223
20224
20225
20226
20227
20229
20230
20231
20233
20234
20235
20236
20237
20238
20239
20240
20242
20243
20244
20246
20247
20248
20249
20250
20251
20253
20255
20256
20259
20260
20261
20262
20264
20266
20269
20270
20271
20272
20273
20275
20276
20278
20279
20280
20281
20282
20284
20285
20286
20288
20290
20291
20292
20294
20295
20296
20297
20298
20299
20300
20301
20302
20304
20305
20307
20308
20310
20312
20314
20315
20316
20318
20319
20320
20321
20322
20323
20325
20326
20327
20328
20331
20332
20333
20334
20337
20338
20340
20343
20344
20345
20347
20349
20350
20351
20352
20354
20355
20356
20357
20358
20360
20361
20362
20364
20365
20367
20368
20371
20372
20373
20374
20375
20376
20378
20379
20380
20382
20384
20385
20386
20387
20388
20389
20390
20392
20393
20395
20396
20398
20399
20400
20401
20402
20403
20405
20407
20408
20409
20410
20411
20412
20413
20414
20415
20416
20417
20418
20419
20420
20421
20422
20423
20424
20425
20426
20427
20428
20429
20431
20432
20433
20435
20437
20438
20439
20441
20442
20443
20445
20446
20447
20448
20449
20450
20451
20452
20453
20454
20455
20457
20459
20460
20461
20462
20463
20464
20467
20468
20469
20472
20473
20474
20475
20476
20479
20482
20484
20485
20486
20488
20489
20490
20491
20492
20493
20495
20497
20498
20499
20500
20501
20502
20503
20504
20507
20508
20512
20514
20515
20516
20517
20519
20520
20521
20522
20523
20526
20527
20528
20530
20531
20532
20533
20534
20535
20536
20537
20538
20540
20541
20542
20543
20544
20545
20546
20550
20551
20552
20553
20554
20555
20556
20557
20558
20560
20561
20562
20563
20565
20566
20567
20568
20569
20570
20571
20572
20573
20577
20578
20579
20580
20582
20583
20585
20586
20587
20590
20591
20592
20594
20596
20597
20598
20599
20600
20601
20602
20603
20604
20606
20607
20608
20609
20610
20611
20612
20613
20614
20615
20617
20618
20619
20620
20621
20622
20624
20626
20627
20630
20631
20633
20634
20635
20636
20637
20638
20640
20641
20642
20643
20644
20645
20646
20647
20648
20649
20651
20652
20653
20654
20655
20656
20657
20658
20659
20660
20661
20664
20665
20667
20668
20669
20670
20671
20673
20676
20677
20678
20680
20683
20684
20689
20690
20691
20692
20693
20694
20695
20696
20698
20700
20701
20702
20703
20704
20706
20707
20708
20709
20710
20711
20712
20713
20715
20716
20719
20720
20721
20722
20723
20724
20726
20729
20730
20731
20732
20733
20734
20735
20736
20737
20738
20739
20740
20741
20742
20745
20746
20747
20748
20749
20750
20751
20752
20753
20754
20759
20760
20761
20763
20764
20765
20768
20769
20770
20773
20774
20775
20776
20777
20778
20779
20780
20781
20782
20783
20784
20785
20786
20787
20788
20789
20790
20792
20793
20794
20795
20796
20797
20800
20801
20802
20803
20804
20806
20808
20809
20810
20812
20813
20814
20817
20820
20822
20823
20824
20825
20826
20828
20829
20831
20832
20833
20834
20835
20836
20837
20838
20839
20840
20841
20842
20843
20844
20845
20846
20847
20848
20849
20850
20851
20852
20853
20855
20857
20858
20859
20862
20863
20864
20865
20867
20870
20871
20872
20873
20877
20878
20879
20880
20881
20882
20883
20884
20885
20886
20888
20889
20890
20891
20892
20893
20894
20895
20897
20899
20901
20903
20904
20905
20907
20909
20910
20911
20913
20914
20915
20916
20917
20918
20920
20921
20922
20923
20924
20925
20928
20929
20930
20931
20933
20934
20936
20938
20941
20942
20944
20945
20946
20947
20948
20949
20951
20952
20953
20954
20955
20957
20958
20959
20960
20961
20962
20964
20966
20967
20968
20969
20970
20973
20974
20975
20976
20977
20979
20980
20981
20982
20983
20984
20986
20987
20988
20989
20991
20992
20993
20994
20997
20998
20999
21000
21001
21002
21003
21004
21005
21006
21007
21008
21009
21010
21014
21015
21016
21017
21018
21019
21020
21021
21022
21024
21025
21026
21028
21029
21031
21032
21034
21035
21037
21038
21040
21041
21042
21043
21044
21045
21046
21047
21049
21050
21054
21055
21056
21057
21058
21059
21060
21061
21062
21063
21064
21065
21066
21067
21068
21070
21071
21072
21073
21074
21075
21076
21077
21078
21079
21080
21081
21082
21083
21084
21085
21086
21087
21088
21090
21091
21092
21093
21094
21095
21096
21098
21099
21100
21101
21103
21104
21105
21106
21107
21108
21110
21111
21112
21114
21115
21117
21120
21121
21122
21123
21125
21126
21127
21128
21129
21130
21132
21133
21135
21136
21137
21138
21141
21142
21143
21145
21146
21147
21149
21150
21151
21152
21154
21155
21156
21158
21161
21162
21163
21164
21165
21166
21168
21169
21170
21173
21174
21175
21177
21178
21179
21181
21182
21183
21184
21185
21186
21187
21188
21189
21190
21191
21192
21193
21194
21195
21196
21197
21198
21199
21200
21201
21203
21204
21206
21207
21208
21210
21211
21212
21213
21214
21215
21216
21217
21218
21220
21221
21222
21224
21225
21226
21227
21228
21232
21233
21236
21237
21238
21239
21240
21241
21242
21243
21245
21246
21247
21248
21249
21252
21253
21257
21259
21261
21262
21263
21264
21267
21268
21270
21273
21274
21275
21276
21277
21278
21279
21280
21282
21283
21284
21285
21287
21288
21289
21290
21291
21293
21294
21296
21297
21298
21299
21300
21302
21304
21306
21307
21309
21310
21311
21312
21313
21314
21315
21316
21317
21318
21319
21320
21321
21322
21324
21325
21327
21328
21330
21331
21332
21335
21336
21337
21338
21339
21341
21342
21343
21344
21345
21346
21348
21349
21351
21355
21356
21357
21358
21359
21360
21361
21362
21363
21364
21365
21366
21367
21368
21369
21370
21371
21372
21373
21374
21375
21377
21378
21379
21380
21382
21383
21384
21385
21386
21388
21389
21390
21391
21392
21393
21395
21396
21397
21398
21399
21400
21401
21402
21403
21404
21407
21410
21413
21414
21415
21416
21417
21419
21420
21422
21423
21424
21425
21427
21428
21430
21431
21432
21433
21434
21435
21437
21439
21440
21441
21444
21446
21447
21448
21449
21450
21451
21452
21455
21456
21457
21462
21463
21464
21465
21466
21467
21468
21469
21471
21474
21475
21476
21478
21479
21480
21482
21484
21485
21487
21488
21489
21490
21491
21492
21495
21497
21498
21499
21500
21502
21503
21504
21506
21507
21508
21510
21511
21513
21514
21515
21516
21517
21518
21519
21520
21521
21522
21523
21524
21526
21527
21528
21529
21530
21532
21533
21534
21535
21536
21537
21538
21540
21541
21542
21543
21544
21545
21546
21547
21548
21553
21554
21556
21557
21559
21560
21561
21562
21563
21564
21566
21567
21568
21569
21573
21574
21575
21576
21578
21579
21580
21582
21585
21587
21588
21589
21590
21591
21592
21593
21594
21596
21597
21598
21599
21600
21601
21602
21603
21605
21606
21607
21608
21609
21610
21611
21614
21615
21616
21617
21618
21619
21620
21621
21622
21625
21626
21627
21628
21631
21632
21635
21636
21637
21638
21639
21640
21642
21643
21644
21647
21648
21649
21650
21654
21655
21656
21657
21658
21659
21660
21664
21666
21667
21668
21669
21670
21673
21674
21675
21677
21683
21685
21686
21687
21688
21689
21690
21691
21693
21695
21696
21699
21701
21702
21703
21704
21705
21706
21708
21709
21710
21711
21712
21713
21714
21715
21716
21719
21720
21721
21722
21723
21724
21725
21726
21727
21728
21729
21731
21732
21733
21734
21735
21736
21738
21739
21741
21742
21743
21744
21745
21746
21747
21748
21749
21750
21752
21754
21756
21757
21758
21759
21760
21761
21763
21766
21768
21769
21770
21771
21773
21774
21775
21776
21777
21778
21779
21780
21781
21782
21784
21785
21786
21787
21788
21789
21792
21793
21794
21795
21797
21798
21799
21801
21802
21803
21804
21805
21807
21808
21809
21810
21811
21812
21813
21814
21815
21817
21818
21821
21822
21825
21826
21827
21828
21829
21831
21832
21833
21834
21836
21838
21840
21841
21842
21843
21845
21848
21850
21851
21852
21857
21858
21859
21860
21861
21863
21865
21867
21869
21870
21871
21872
21873
21874
21875
21876
21877
21879
21880
21881
21882
21884
21885
21886
21887
21888
21890
21891
21892
21894
21895
21896
21897
21898
21899
21900
21901
21903
21904
21905
21906
21907
21908
21909
21911
21912
21914
21915
21916
21918
21920
21921
21923
21924
21925
21926
21927
21928
21929
21930
21931
21932
21933
21934
21935
21936
21937
21938
21939
21944
21945
21946
21947
21948
21950
21951
21953
21954
21955
21957
21958
21959
21961
21962
21963
21964
21965
21966
21967
21969
21970
21971
21972
21973
21974
21975
21976
21977
21979
21980
21981
21982
21984
21988
21989
21990
21991
21994
21995
21996
21997
21998
21999
22000
22003
22004
22005
22006
22007
22008
22009
22012
22013
22014
22016
22017
22018
22019
22021
22022
22023
22024
22025
22027
22028
22029
22030
22032
22034
22035
22036
22037
22038
22039
22040
22042
22043
22044
22045
22047
22048
22049
22050
22051
22052
22053
22054
22055
22057
22058
22059
22060
22062
22064
22065
22066
22067
22068
22070
22071
22072
22073
22076
22078
22080
22081
22082
22083
22084
22085
22086
22087
22088
22089
22090
22091
22094
22096
22097
22100
22101
22102
22103
22106
22107
22108
22109
22110
22111
22112
22114
22115
22116
22120
22121
22122
22123
22124
22125
22127
22128
22129
22130
22131
22133
22134
22136
22137
22140
22141
22142
22143
22145
22147
22148
22150
22151
22152
22153
22154
22155
22156
22157
22158
22159
22160
22161
22162
22163
22164
22166
22167
22168
22169
22172
22173
22174
22178
22179
22180
22181
22182
22183
22184
22185
22186
22187
22188
22189
22190
22191
22193
22194
22196
22198
22199
22200
22202
22203
22205
22206
22207
22208
22209
22212
22213
22214
22215
22216
22217
22219
22220
22221
22222
22224
22225
22226
22227
22229
22231
22232
22233
22234
22235
22239
22241
22242
22243
22244
22246
22247
22248
22249
22250
22252
22253
22254
22255
22257
22258
22260
22261
22263
22264
22265
22266
22267
22268
22269
22270
22271
22273
22274
22276
22277
22279
22280
22281
22283
22285
22286
22288
22289
22290
22291
22292
22294
22296
22297
22300
22302
22303
22305
22306
22307
22308
22309
22310
22311
22312
22313
22314
22315
22316
22317
22318
22320
22321
22323
22324
22325
22327
22328
22329
22330
22332
22333
22334
22336
22337
22340
22341
22342
22343
22344
22345
22348
22350
22351
22352
22353
22354
22355
22356
22358
22359
22360
22361
22363
22364
22366
22367
22368
22369
22371
22373
22374
22375
22376
22379
22380
22382
22383
22385
22387
22388
22389
22391
22392
22393
22395
22396
22397
22398
22399
22400
22401
22402
22403
22404
22405
22406
22407
22408
22411
22412
22413
22416
22417
22419
22420
22422
22423
22424
22425
22430
22431
22432
22433
22434
22435
22436
22437
22438
22439
22440
22441
22442
22443
22445
22448
22449
22451
22452
22453
22454
22455
22457
22458
22460
22461
22462
22465
22466
22467
22470
22472
22473
22474
22476
22481
22482
22483
22484
22486
22487
22488
22490
22493
22494
22495
22496
22497
22499
22500
22501
22504
22505
22507
22508
22509
22510
22512
22513
22514
22515
22518
22519
22520
22521
22522
22523
22524
22525
22526
22527
22528
22532
22533
22534
22535
22536
22537
22538
22539
22540
22541
22542
22543
22544
22545
22548
22549
22550
22551
22552
22553
22554
22556
22557
22558
22559
22560
22562
22564
22565
22566
22567
22568
22571
22572
22573
22574
22575
22576
22577
22578
22580
22583
22584
22585
22586
22587
22589
22590
22591
22594
22595
22596
22597
22598
22599
22600
22601
22602
22603
22604
22605
22606
22607
22609
22610
22611
22613
22614
22615
22616
22617
22618
22619
22620
22621
22624
22625
22626
22627
22628
22629
22631
22632
22633
22634
22636
22637
22638
22639
22640
22641
22642
22643
22644
22647
22648
22650
22651
22653
22655
22657
22658
22659
22660
22662
22663
22664
22665
22666
22667
22668
22669
22670
22671
22672
22673
22674
22675
22676
22677
22678
22679
22680
22681
22682
22684
22685
22686
22687
22688
22689
22690
22691
22693
22694
22695
22697
22698
22699
22700
22701
22702
22704
22706
22710
22711
22712
22713
22714
22716
22717
22718
22719
22720
22721
22722
22724
22725
22726
22727
22729
22731
22732
22734
22735
22736
22739
22740
22741
22743
22745
22747
22749
22751
22754
22756
22757
22758
22760
22761
22762
22766
22769
22770
22772
22773
22774
22775
22777
22779
22780
22781
22783
22785
22787
22788
22789
22792
22794
22795
22797
22798
22799
22801
22802
22803
22805
22807
22808
22809
22812
22813
22814
22815
22816
22817
22818
22819
22820
22822
22824
22825
22826
22831
22833
22834
22835
22837
22839
22840
22841
22842
22843
22844
22845
22846
22848
22850
22851
22852
22853
22854
22855
22856
22858
22859
22860
22861
22862
22863
22864
22865
22866
22867
22868
22869
22870
22871
22872
22873
22874
22876
22877
22878
22879
22880
22881
22882
22883
22884
22886
22887
22889
22890
22891
22892
22894
22895
22899
22900
22902
22903
22905
22906
22907
22908
22909
22910
22911
22912
22914
22915
22919
22920
22922
22925
22927
22928
22931
22933
22934
22935
22936
22937
22938
22939
22940
22941
22942
22943
22945
22946
22947
22948
22950
22952
22954
22956
22957
22958
22959
22960
22961
22962
22965
22966
22967
22969
22970
22971
22972
22973
22975
22976
22977
22978
22979
22980
22982
22983
22985
22987
22988
22989
22990
22991
22993
22994
22995
22996
22998
22999
23000
23002
23004
23005
23006
23007
23008
23009
23010
23011
23012
23015
23016
23017
23018
23019
23020
23021
23023
23024
23025
23027
23028
23029
23030
23031
23032
23033
23034
23036
23038
23040
23041
23042
23043
23044
23048
23049
23051
23054
23056
23057
23058
23059
23062
23063
23064
23065
23066
23067
23069
23070
23071
23072
23073
23075
23078
23079
23080
23081
23083
23084
23085
23086
23087
23089
23090
23092
23093
23096
23097
23098
23099
23100
23101
23102
23103
23104
23105
23106
23107
23109
23110
23111
23112
23114
23115
23116
23117
23118
23120
23123
23125
23129
23131
23135
23138
23139
23140
23141
23142
23144
23145
23146
23147
23148
23149
23151
23152
23153
23157
23158
23160
23161
23162
23164
23167
23169
23170
23172
23173
23175
23176
23177
23178
23179
23180
23181
23184
23185
23186
23187
23189
23190
23191
23192
23194
23195
23197
23198
23199
23203
23204
23205
23206
23207
23208
23209
23210
23213
23214
23215
23216
23217
23219
23220
23222
23223
23225
23227
23228
23229
23230
23233
23234
23235
23239
23240
23241
23242
23243
23245
23246
23247
23248
23249
23250
23251
23252
23255
23256
23257
23260
23261
23262
23265
23266
23267
23268
23269
23270
23271
23272
23274
23275
23276
23277
23279
23280
23283
23284
23285
23286
23292
23293
23294
23295
23296
23298
23299
23300
23302
23303
23304
23305
23306
23308
23310
23312
23313
23314
23316
23317
23319
23320
23322
23323
23324
23325
23326
23327
23328
23329
23330
23331
23333
23334
23335
23336
23337
23338
23340
23341
23342
23343
23344
23345
23346
23347
23348
23351
23354
23355
23356
23357
23358
23359
23360
23362
23363
23364
23365
23368
23369
23371
23372
23373
23375
23376
23377
23378
23379
23381
23382
23383
23384
23385
23387
23390
23393
23394
23395
23396
23397
23398
23400
23401
23402
23403
23404
23405
23406
23407
23408
23409
23411
23412
23413
23414
23415
23416
23418
23419
23420
23421
23422
23423
23424
23425
23426
23427
23428
23429
23430
23431
23433
23435
23436
23437
23439
23440
23443
23444
23446
23447
23449
23450
23451
23452
23454
23455
23456
23458
23459
23461
23462
23463
23464
23465
23466
23467
23468
23469
23470
23471
23472
23473
23474
23475
23477
23478
23479
23480
23481
23482
23483
23486
23487
23488
23489
23491
23493
23494
23495
23496
23500
23501
23504
23505
23506
23507
23508
23509
23510
23511
23512
23513
23514
23515
23516
23517
23518
23519
23520
23521
23522
23523
23524
23525
23526
23527
23530
23531
23532
23533
23534
23536
23539
23542
23543
23544
23545
23546
23547
23548
23549
23550
23551
23552
23553
23554
23555
23556
23557
23558
23559
23560
23562
23563
23564
23566
23567
23572
23573
23575
23577
23579
23580
23581
23582
23584
23585
23586
23587
23588
23589
23590
23592
23597
23598
23600
23601
23602
23604
23607
23608
23610
23611
23612
23613
23615
23616
23617
23619
23624
23626
23627
23631
23632
23633
23634
23635
23636
23637
23638
23639
23640
23641
23643
23644
23645
23649
23650
23651
23654
23656
23657
23659
23660
23661
23662
23663
23664
23665
23666
23667
23668
23669
23670
23671
23672
23673
23674
23675
23677
23679
23680
23681
23682
23683
23684
23685
23686
23687
23688
23689
23690
23692
23693
23694
23696
23697
23698
23699
23700
23701
23702
23704
23705
23706
23707
23708
23710
23711
23712
23713
23716
23717
23718
23720
23721
23722
23723
23724
23725
23726
23727
23729
23730
23731
23732
23733
23735
23736
23737
23738
23739
23740
23741
23742
23743
23744
23746
23748
23749
23750
23752
23756
23757
23758
23759
23761
23762
23763
23765
23766
23767
23768
23769
23770
23771
23772
23773
23776
23777
23779
23780
23783
23784
23785
23786
23787
23788
23789
23790
23791
23792
23793
23795
23796
23797
23799
23801
23803
23804
23805
23806
23808
23809
23810
23811
23814
23815
23817
23818
23819
23820
23821
23823
23824
23826
23828
23829
23830
23831
23832
23833
23834
23835
23836
23837
23838
23839
23841
23844
23845
23847
23851
23852
23853
23855
23856
23858
23859
23860
23861
23863
23864
23865
23867
23868
23869
23870
23871
23873
23874
23875
23876
23877
23878
23879
23881
23882
23883
23884
23885
23886
23887
23889
23891
23892
23893
23894
23896
23897
23899
23900
23901
23902
23903
23904
23906
23907
23908
23910
23912
23914
23915
23916
23918
23919
23920
23921
23922
23923
23925
23926
23927
23928
23929
23931
23933
23936
23937
23939
23940
23941
23942
23943
23944
23945
23946
23948
23950
23952
23953
23954
23955
23956
23957
23958
23959
23960
23963
23964
23965
23966
23968
23969
23970
23971
23972
23973
23974
23976
23977
23978
23980
23981
23982
23983
23984
23985
23987
23988
23990
23991
23993
23994
23995
23998
23999
24000
24001
24002
24003
24004
24005
24006
24007
24008
24009
24010
24011
24012
24013
24014
24015
24016
24017
24018
24020
24023
24024
24025
24026
24027
24029
24032
24033
24035
24037
24038
24039
24042
24043
24045
24046
24047
24049
24050
24051
24053
24055
24056
24057
24059
24061
24062
24066
24067
24068
24069
24071
24075
24076
24077
24079
24080
24081
24082
24083
24084
24085
24086
24087
24088
24090
24091
24092
24093
24094
24095
24096
24097
24098
24099
24100
24101
24102
24104
24106
24107
24108
24109
24110
24111
24112
24113
24114
24115
24116
24117
24118
24119
24120
24121
24122
24124
24125
24126
24127
24128
24129
24130
24131
24132
24133
24134
24135
24136
24137
24138
24139
24141
24142
24143
24144
24146
24147
24149
24150
24151
24155
24156
24157
24159
24160
24162
24163
24164
24165
24166
24168
24170
24171
24172
24173
24174
24175
24177
24178
24179
24180
24182
24184
24185
24187
24188
24190
24191
24192
24193
24194
24197
24198
24199
24200
24201
24202
24203
24204
24205
24206
24208
24209
24210
24211
24213
24214
24215
24216
24217
24218
24219
24224
24225
24226
24227
24228
24229
24230
24231
24233
24234
24235
24236
24237
24239
24240
24241
24242
24243
24244
24245
24246
24247
24248
24249
24251
24252
24254
24256
24258
24261
24262
24263
24264
24265
24266
24267
24268
24269
24270
24271
24272
24273
24274
24275
24278
24279
24280
24281
24283
24285
24286
24287
24288
24289
24290
24291
24292
24294
24295
24297
24298
24299
24300
24301
24302
24303
24304
24306
24307
24308
24309
24310
24311
24312
24313
24314
24316
24317
24318
24319
24321
24322
24323
24324
24325
24326
24328
24329
24330
24331
24333
24334
24336
24339
24340
24343
24344
24345
24346
24347
24348
24349
24350
24351
24353
24355
24356
24358
24359
24360
24361
24362
24363
24364
24365
24366
24370
24371
24372
24373
24376
24378
24379
24380
24381
24382
24383
24385
24389
24390
24391
24394
24399
24400
24401
24402
24403
24405
24407
24408
24409
24410
24411
24412
24413
24414
24415
24416
24417
24419
24420
24422
24423
24424
24425
24426
24427
24428
24429
24430
24431
24433
24434
24435
24436
24437
24438
24439
24440
24441
24442
24443
24446
24447
24448
24449
24450
24451
24452
24453
24454
24455
24459
24460
24462
24463
24465
24466
24467
24470
24471
24472
24475
24476
24477
24478
24479
24480
24482
24483
24484
24485
24486
24487
24489
24490
24491
24493
24494
24495
24496
24497
24499
24500
24501
24502
24503
24504
24505
24506
24508
24509
24510
24511
24513
24514
24515
24516
24517
24518
24520
24521
24522
24523
24524
24525
24527
24528
24529
24530
24531
24532
24533
24534
24535
24536
24537
24538
24539
24541
24546
24547
24549
24550
24551
24552
24554
24556
24557
24558
24559
24561
24562
24563
24564
24565
24566
24569
24571
24572
24574
24575
24576
24577
24578
24579
24580
24581
24583
24584
24585
24586
24587
24590
24592
24593
24595
24596
24597
24598
24599
24600
24602
24604
24605
24606
24607
24608
24609
24610
24611
24612
24614
24615
24616
24617
24618
24619
24620
24621
24622
24623
24627
24631
24633
24635
24636
24638
24640
24642
24644
24645
24648
24651
24653
24654
24655
24656
24657
24658
24659
24661
24662
24663
24664
24665
24666
24667
24668
24669
24671
24672
24673
24674
24675
24677
24681
24682
24683
24684
24685
24688
24690
24691
24692
24693
24694
24695
24696
24697
24698
24700
24701
24702
24703
24705
24707
24708
24709
24710
24711
24712
24713
24714
24717
24718
24719
24720
24721
24722
24723
24724
24725
24726
24727
24728
24729
24730
24731
24732
24733
24736
24737
24740
24741
24743
24744
24747
24748
24749
24750
24751
24752
24753
24755
24756
24757
24758
24759
24760
24761
24762
24763
24764
24765
24768
24769
24771
24772
24773
24774
24776
24777
24778
24779
24781
24785
24787
24789
24792
24793
24794
24795
24796
24798
24800
24801
24802
24803
24804
24805
24806
24807
24808
24809
24810
24811
24812
24813
24815
24817
24819
24820
24821
24822
24823
24826
24827
24828
24832
24833
24834
24835
24837
24838
24839
24840
24842
24843
24844
24845
24846
24847
24848
24851
24852
24853
24855
24858
24859
24861
24862
24864
24865
24866
24867
24870
24874
24876
24877
24879
24881
24883
24885
24886
24887
24889
24890
24891
24892
24894
24896
24897
24898
24900
24901
24902
24903
24904
24905
24906
24907
24909
24910
24911
24913
24915
24917
24918
24919
24921
24922
24924
24925
24926
24929
24930
24931
24933
24937
24938
24939
24940
24941
24945
24948
24949
24951
24952
24953
24955
24956
24957
24959
24960
24962
24963
24964
24965
24966
24967
24968
24969
24970
24971
24974
24975
24976
24977
24978
24982
24983
24984
24985
24986
24987
24988
24989
24991
24992
24994
24996
24997
24998
25000
25001
25002
25003
25007
25008
25009
25010
25012
25014
25015
25020
25021
25022
25023
25025
25027
25028
25031
25032
25033
25034
25036
25037
25038
25039
25040
25041
25042
25043
25044
25045
25047
25048
25049
25050
25051
25054
25055
25056
25057
25058
25059
25060
25061
25063
25064
25065
25066
25067
25069
25070
25071
25072
25073
25074
25076
25077
25080
25081
25082
25083
25085
25086
25087
25088
25089
25091
25092
25093
25094
25095
25097
25098
25100
25101
25103
25104
25105
25106
25107
25109
25110
25113
25114
25116
25117
25118
25119
25120
25121
25122
25125
25126
25127
25131
25132
25133
25134
25135
25136
25137
25138
25139
25142
25143
25145
25147
25148
25149
25150
25152
25153
25154
25155
25156
25157
25158
25159
25162
25163
25164
25165
25166
25167
25168
25169
25170
25171
25173
25174
25175
25176
25177
25178
25179
25180
25181
25182
25183
25185
25186
25187
25188
25189
25190
25191
25192
25193
25194
25195
25196
25198
25199
25200
25201
25202
25203
25204
25205
25206
25207
25208
25211
25212
25213
25215
25216
25217
25218
25219
25220
25223
25225
25226
25227
25228
25229
25230
25232
25233
25235
25236
25237
25238
25240
25241
25242
25243
25245
25246
25248
25250
25252
25254
25255
25257
25260
25261
25264
25265
25267
25268
25269
25271
25272
25273
25274
25275
25276
25277
25279
25280
25281
25282
25285
25287
25288
25290
25291
25293
25294
25296
25297
25299
25301
25303
25304
25305
25306
25307
25308
25309
25311
25312
25313
25314
25315
25317
25319
25322
25323
25324
25326
25327
25328
25329
25330
25331
25332
25333
25334
25335
25336
25337
25338
25339
25341
25342
25343
25344
25345
25347
25348
25349
25350
25352
25353
25354
25355
25356
25357
25358
25359
25360
25361
25362
25363
25365
25368
25369
25370
25371
25372
25373
25378
25379
25380
25381
25382
25383
25384
25385
25386
25387
25388
25389
25390
25392
25393
25394
25395
25396
25397
25398
25399
25402
25403
25404
25405
25406
25407
25408
25409
25412
25413
25415
25416
25417
25418
25419
25420
25421
25422
25423
25427
25428
25430
25431
25433
25435
25436
25438
25439
25440
25442
25443
25444
25445
25446
25447
25449
25450
25452
25453
25454
25456
25457
25458
25461
25462
25464
25465
25466
25470
25471
25473
25474
25475
25476
25477
25478
25479
25480
25481
25482
25483
25484
25485
25487
25488
25489
25493
25494
25495
25496
25497
25498
25500
25501
25503
25504
25506
25507
25508
25509
25510
25511
25512
25513
25514
25515
25517
25520
25521
25522
25524
25526
25527
25528
25529
25530
25532
25533
25534
25535
25536
25537
25539
25540
25541
25543
25544
25547
25548
25549
25552
25553
25555
25557
25558
25559
25562
25563
25564
25565
25566
25567
25568
25569
25570
25571
25572
25573
25574
25575
25576
25577
25578
25579
25580
25582
25585
25586
25587
25590
25592
25594
25595
25597
25600
25601
25603
25604
25607
25608
25609
25611
25612
25614
25617
25619
25621
25622
25624
25625
25626
25628
25629
25631
25632
25633
25635
25636
25638
25639
25640
25641
25643
25644
25645
25646
25647
25648
25649
25650
25651
25652
25654
25655
25656
25657
25658
25659
25660
25661
25662
25663
25664
25666
25668
25671
25673
25675
25676
25677
25678
25681
25682
25683
25685
25686
25687
25689
25690
25691
25693
25694
25697
25698
25699
25700
25701
25702
25703
25706
25707
25708
25709
25711
25712
25714
25715
25716
25719
25720
25722
25724
25725
25727
25728
25729
25730
25731
25732
25733
25737
25738
25739
25741
25742
25743
25744
25745
25747
25748
25750
25751
25752
25754
25756
25757
25758
25759
25761
25766
25767
25768
25769
25770
25771
25772
25773
25774
25775
25776
25777
25778
25780
25781
25782
25783
25785
25786
25787
25788
25789
25790
25791
25792
25793
25794
25795
25796
25798
25799
25800
25801
25802
25804
25807
25808
25809
25810
25811
25812
25813
25814
25815
25816
25817
25820
25821
25822
25823
25825
25826
25827
25828
25829
25831
25833
25834
25835
25836
25837
25839
25840
25841
25842
25844
25847
25848
25850
25852
25853
25855
25856
25858
25859
25860
25861
25862
25866
25867
25869
25872
25873
25875
25876
25878
25880
25881
25882
25883
25884
25885
25886
25888
25889
25891
25893
25894
25895
25896
25897
25899
25900
25901
25902
25903
25906
25907
25909
25910
25911
25912
25913
25914
25915
25916
25917
25918
25920
25921
25923
25924
25926
25927
25929
25931
25932
25933
25934
25935
25936
25938
25939
25942
25943
25944
25945
25947
25948
25949
25950
25951
25953
25954
25955
25956
25957
25959
25960
25961
25962
25963
25964
25965
25966
25967
25968
25969
25970
25971
25972
25973
25974
25976
25977
25981
25982
25983
25986
25988
25989
25990
25991
25992
25993
25994
25995
25996
25997
25998
25999
26000
26004
26005
26006
26007
26010
26011
26014
26015
26016
26017
26018
26019
26020
26021
26022
26023
26025
26026
26028
26029
26031
26032
26033
26035
26036
26037
26039
26040
26041
26042
26043
26045
26048
26051
26052
26053
26054
26056
26057
26058
26059
26060
26064
26065
26066
26067
26069
26070
26071
26072
26076
26077
26078
26080
26081
26082
26084
26085
26087
26088
26092
26093
26094
26095
26096
26099
26101
26103
26104
26105
26107
26108
26109
26110
26111
26112
26113
26116
26118
26124
26125
26126
26127
26128
26130
26131
26132
26134
26136
26137
26138
26139
26140
26142
26143
26146
26147
26149
26150
26151
26152
26153
26154
26156
26159
26160
26162
26163
26164
26165
26166
26167
26168
26170
26172
26173
26175
26177
26178
26179
26181
26182
26183
26185
26187
26188
26191
26192
26193
26194
26195
26196
26197
26198
26199
26200
26201
26202
26203
26204
26207
26208
26209
26210
26212
26213
26214
26215
26216
26218
26219
26222
26223
26224
26225
26226
26229
26230
26231
26232
26233
26234
26236
26237
26238
26239
26240
26241
26242
26243
26244
26245
26246
26247
26248
26249
26250
26251
26253
26255
26256
26258
26259
26261
26262
26263
26264
26265
26266
26267
26268
26270
26271
26272
26274
26277
26278
26279
26281
26282
26283
26284
26285
26286
26287
26291
26292
26294
26295
26297
26298
26299
26300
26302
26303
26304
26305
26306
26307
26310
26311
26312
26314
26315
26317
26318
26319
26320
26321
26322
26324
26325
26326
26327
26329
26331
26332
26333
26334
26335
26338
26339
26340
26341
26342
26345
26346
26347
26348
26350
26351
26352
26353
26355
26356
26358
26360
26361
26362
26363
26364
26365
26366
26367
26368
26369
26370
26372
26373
26374
26375
26376
26378
26379
26380
26382
26383
26385
26387
26388
26389
26390
26391
26395
26396
26397
26398
26399
26400
26401
26403
26404
26405
26406
26407
26408
26409
26410
26412
26413
26414
26416
26417
26420
26424
26426
26427
26428
26430
26431
26432
26433
26436
26437
26438
26439
26442
26443
26445
26449
26453
26454
26455
26456
26458
26459
26460
26462
26464
26465
26466
26467
26468
26471
26472
26473
26474
26475
26476
26477
26478
26479
26481
26483
26484
26485
26486
26487
26488
26490
26492
26495
26497
26498
26499
26500
26501
26502
26503
26504
26505
26506
26507
26508
26509
26510
26511
26512
26513
26515
26516
26517
26519
26520
26523
26524
26525
26526
26528
26529
26531
26532
26533
26534
26536
26537
26538
26539
26540
26541
26544
26546
26547
26548
26549
26550
26551
26552
26553
26555
26556
26557
26558
26560
26561
26562
26564
26565
26567
26568
26569
26570
26571
26572
26574
26575
26578
26579
26580
26581
26582
26584
26585
26587
26588
26590
26591
26592
26593
26595
26596
26597
26598
26599
26600
26601
26603
26604
26606
26607
26608
26609
26610
26612
26613
26614
26617
26618
26620
26621
26625
26626
26627
26628
26629
26631
26632
26635
26636
26638
26639
26640
26641
26644
26645
26646
26647
26648
26649
26650
26651
26652
26653
26654
26655
26656
26657
26658
26659
26662
26664
26667
26670
26671
26672
26673
26674
26677
26678
26679
26680
26681
26683